date,district_key,arrival_tonnes,modal_price,min_price,max_price,markets_reporting,district,commodity,state,arrival_reported,price_reported
2022-01-01,bengaluru,65.0,3500.0,3000.0,5000.0,3,Bengaluru,Tomato,Karnataka,True,True
2022-01-02,bengaluru,65.0,4000.0,3000.0,5000.0,1,Bengaluru,Tomato,Karnataka,False,True
2022-01-03,bengaluru,74.0,3200.0,2500.0,4000.0,5,Bengaluru,Tomato,Karnataka,True,True
2022-01-04,bengaluru,122.0,3000.0,2250.0,3550.0,4,Bengaluru,Tomato,Karnataka,True,True
2022-01-05,bengaluru,60.0,2650.0,2250.0,3000.0,5,Bengaluru,Tomato,Karnataka,True,True
2022-01-06,bengaluru,102.0,2400.0,1875.0,2750.0,4,Bengaluru,Tomato,Karnataka,True,True
2022-01-07,bengaluru,91.0,2500.0,2000.0,3000.0,5,Bengaluru,Tomato,Karnataka,True,True
2022-01-08,bengaluru,91.0,2500.0,2000.0,3000.0,1,Bengaluru,Tomato,Karnataka,False,True
2022-01-09,bengaluru,91.0,2500.0,2000.0,3000.0,1,Bengaluru,Tomato,Karnataka,False,True
2022-01-10,bengaluru,126.0,2500.0,2000.0,3000.0,5,Bengaluru,Tomato,Karnataka,True,True
2022-01-11,bengaluru,126.0,2700.0,2000.0,3000.0,5,Bengaluru,Tomato,Karnataka,True,True
2022-01-12,bengaluru,90.0,2700.0,2500.0,3000.0,3,Bengaluru,Tomato,Karnataka,True,True
2022-01-13,bengaluru,105.0,2000.0,1500.0,2500.0,4,Bengaluru,Tomato,Karnataka,True,True
2022-01-14,bengaluru,73.0,2300.0,2000.0,2500.0,5,Bengaluru,Tomato,Karnataka,True,True
2022-01-15,bengaluru,73.0,2300.0,2000.0,2500.0,0,Bengaluru,Tomato,Karnataka,False,False
2022-01-16,bengaluru,73.0,2300.0,2000.0,2500.0,0,Bengaluru,Tomato,Karnataka,False,False
2022-01-17,bengaluru,98.0,1500.0,1000.0,2200.0,5,Bengaluru,Tomato,Karnataka,True,True
2022-01-18,bengaluru,120.0,1500.0,1000.0,2000.0,4,Bengaluru,Tomato,Karnataka,True,True
2022-01-19,bengaluru,140.0,1625.0,1250.0,2000.0,3,Bengaluru,Tomato,Karnataka,True,True
2022-01-20,bengaluru,24.0,1600.0,1400.0,1900.0,3,Bengaluru,Tomato,Karnataka,True,True
2022-01-21,bengaluru,23.0,1000.0,800.0,1600.0,4,Bengaluru,Tomato,Karnataka,True,True
2022-01-22,bengaluru,23.0,1350.0,1000.0,1750.0,2,Bengaluru,Tomato,Karnataka,False,True
2022-01-23,bengaluru,23.0,1500.0,1000.0,1700.0,1,Bengaluru,Tomato,Karnataka,False,True
2022-01-24,bengaluru,110.0,1500.0,1200.0,2000.0,4,Bengaluru,Tomato,Karnataka,True,True
2022-01-25,bengaluru,124.0,1300.0,1000.0,1650.0,5,Bengaluru,Tomato,Karnataka,True,True
2022-01-26,bengaluru,124.0,1300.0,900.0,1750.0,1,Bengaluru,Tomato,Karnataka,False,True
2022-01-27,bengaluru,124.0,1500.0,1000.0,2000.0,3,Bengaluru,Tomato,Karnataka,False,True
2022-01-28,bengaluru,86.0,1200.0,1000.0,1600.0,3,Bengaluru,Tomato,Karnataka,True,True
2022-01-29,bengaluru,172.0,1500.0,1000.0,2000.0,5,Bengaluru,Tomato,Karnataka,True,True
2022-01-30,bengaluru,172.0,1500.0,1000.0,2000.0,0,Bengaluru,Tomato,Karnataka,False,False
2022-01-31,bengaluru,111.0,800.0,600.0,1000.0,3,Bengaluru,Tomato,Karnataka,True,True
2022-02-01,bengaluru,41.0,800.0,600.0,1000.0,5,Bengaluru,Tomato,Karnataka,True,True
2022-02-02,bengaluru,88.0,1500.0,1200.0,1800.0,4,Bengaluru,Tomato,Karnataka,True,True
2022-02-03,bengaluru,87.0,800.0,500.0,1000.0,5,Bengaluru,Tomato,Karnataka,True,True
2022-02-04,bengaluru,65.0,1500.0,1200.0,1800.0,5,Bengaluru,Tomato,Karnataka,True,True
2022-02-05,bengaluru,59.0,800.0,500.0,1000.0,5,Bengaluru,Tomato,Karnataka,True,True
2022-02-06,bengaluru,59.0,1000.0,800.0,1250.0,1,Bengaluru,Tomato,Karnataka,False,True
2022-02-07,bengaluru,101.0,1200.0,800.0,1500.0,5,Bengaluru,Tomato,Karnataka,True,True
2022-02-08,bengaluru,76.0,1100.0,750.0,1400.0,3,Bengaluru,Tomato,Karnataka,True,True
2022-02-09,bengaluru,96.0,900.0,550.0,1250.0,5,Bengaluru,Tomato,Karnataka,True,True
2022-02-10,bengaluru,139.0,1000.0,500.0,1250.0,5,Bengaluru,Tomato,Karnataka,True,True
2022-02-11,bengaluru,96.0,650.0,500.0,800.0,4,Bengaluru,Tomato,Karnataka,True,True
2022-02-12,bengaluru,96.0,600.0,450.0,800.0,2,Bengaluru,Tomato,Karnataka,False,True
2022-02-13,bengaluru,96.0,600.0,500.0,750.0,1,Bengaluru,Tomato,Karnataka,False,True
2022-02-14,bengaluru,86.0,800.0,650.0,1100.0,2,Bengaluru,Tomato,Karnataka,True,True
2022-02-15,bengaluru,21.0,800.0,650.0,925.0,4,Bengaluru,Tomato,Karnataka,True,True
2022-02-16,bengaluru,79.0,1000.0,800.0,1100.0,5,Bengaluru,Tomato,Karnataka,True,True
2022-02-17,bengaluru,78.0,850.0,500.0,1000.0,5,Bengaluru,Tomato,Karnataka,True,True
2022-02-18,bengaluru,81.0,500.0,400.0,600.0,5,Bengaluru,Tomato,Karnataka,True,True
2022-02-19,bengaluru,73.0,500.0,400.0,625.0,4,Bengaluru,Tomato,Karnataka,True,True
2022-02-20,bengaluru,73.0,500.0,400.0,650.0,1,Bengaluru,Tomato,Karnataka,False,True
2022-02-21,bengaluru,77.0,500.0,400.0,625.0,5,Bengaluru,Tomato,Karnataka,True,True
2022-02-22,bengaluru,72.0,1000.0,800.0,1200.0,4,Bengaluru,Tomato,Karnataka,True,True
2022-02-23,bengaluru,78.0,1000.0,900.0,1100.0,4,Bengaluru,Tomato,Karnataka,True,True
2022-02-24,bengaluru,26.0,800.0,600.0,950.0,4,Bengaluru,Tomato,Karnataka,True,True
2022-02-25,bengaluru,80.0,500.0,400.0,600.0,5,Bengaluru,Tomato,Karnataka,True,True
2022-02-26,bengaluru,80.0,500.0,350.0,625.0,2,Bengaluru,Tomato,Karnataka,False,True
2022-02-27,bengaluru,80.0,500.0,350.0,625.0,0,Bengaluru,Tomato,Karnataka,False,False
2022-02-28,bengaluru,74.0,500.0,400.0,600.0,4,Bengaluru,Tomato,Karnataka,True,True
2022-03-01,bengaluru,74.0,450.0,325.0,550.0,2,Bengaluru,Tomato,Karnataka,False,True
2022-03-02,bengaluru,48.0,900.0,800.0,1000.0,5,Bengaluru,Tomato,Karnataka,True,True
2022-03-03,bengaluru,65.0,500.0,400.0,700.0,5,Bengaluru,Tomato,Karnataka,True,True
2022-03-04,bengaluru,23.0,750.0,600.0,850.0,4,Bengaluru,Tomato,Karnataka,True,True
2022-03-05,bengaluru,21.0,750.0,650.0,850.0,3,Bengaluru,Tomato,Karnataka,True,True
2022-03-06,bengaluru,21.0,500.0,400.0,600.0,1,Bengaluru,Tomato,Karnataka,False,True
2022-03-07,bengaluru,24.0,1000.0,700.0,1200.0,3,Bengaluru,Tomato,Karnataka,True,True
2022-03-08,bengaluru,67.0,500.0,400.0,600.0,4,Bengaluru,Tomato,Karnataka,True,True
2022-03-09,bengaluru,25.0,500.0,400.0,600.0,4,Bengaluru,Tomato,Karnataka,True,True
2022-03-10,bengaluru,28.0,500.0,400.0,600.0,3,Bengaluru,Tomato,Karnataka,True,True
2022-03-11,bengaluru,22.0,500.0,400.0,600.0,5,Bengaluru,Tomato,Karnataka,True,True
2022-03-12,bengaluru,22.0,450.0,325.0,575.0,2,Bengaluru,Tomato,Karnataka,False,True
2022-03-13,bengaluru,22.0,400.0,300.0,500.0,1,Bengaluru,Tomato,Karnataka,False,True
2022-03-14,bengaluru,20.0,500.0,400.0,600.0,5,Bengaluru,Tomato,Karnataka,True,True
2022-03-15,bengaluru,80.0,500.0,400.0,600.0,5,Bengaluru,Tomato,Karnataka,True,True
2022-03-16,bengaluru,82.0,500.0,400.0,600.0,4,Bengaluru,Tomato,Karnataka,True,True
2022-03-17,bengaluru,90.0,500.0,400.0,600.0,5,Bengaluru,Tomato,Karnataka,True,True
2022-03-18,bengaluru,86.0,675.0,550.0,800.0,5,Bengaluru,Tomato,Karnataka,True,True
2022-03-19,bengaluru,23.0,400.0,300.0,550.0,5,Bengaluru,Tomato,Karnataka,True,True
2022-03-20,bengaluru,23.0,400.0,300.0,500.0,1,Bengaluru,Tomato,Karnataka,False,True
2022-03-21,bengaluru,72.0,500.0,400.0,600.0,4,Bengaluru,Tomato,Karnataka,True,True
2022-03-22,bengaluru,67.0,500.0,400.0,600.0,5,Bengaluru,Tomato,Karnataka,True,True
2022-03-23,bengaluru,97.0,500.0,400.0,600.0,4,Bengaluru,Tomato,Karnataka,True,True
2022-03-24,bengaluru,69.0,500.0,400.0,650.0,3,Bengaluru,Tomato,Karnataka,True,True
2022-03-25,bengaluru,24.0,500.0,400.0,600.0,5,Bengaluru,Tomato,Karnataka,True,True
2022-03-26,bengaluru,24.0,450.0,325.0,600.0,2,Bengaluru,Tomato,Karnataka,False,True
2022-03-27,bengaluru,24.0,450.0,325.0,600.0,0,Bengaluru,Tomato,Karnataka,False,False
2022-03-28,bengaluru,24.0,500.0,400.0,600.0,4,Bengaluru,Tomato,Karnataka,True,True
2022-03-29,bengaluru,66.0,500.0,400.0,650.0,4,Bengaluru,Tomato,Karnataka,True,True
2022-03-30,bengaluru,63.0,500.0,400.0,650.0,0,Bengaluru,Tomato,Karnataka,True,False
2022-03-31,bengaluru,26.0,700.0,600.0,800.0,3,Bengaluru,Tomato,Karnataka,True,True
2022-04-01,bengaluru,22.0,1025.0,675.0,1275.0,4,Bengaluru,Tomato,Karnataka,True,True
2022-04-02,bengaluru,22.0,1075.0,775.0,1300.0,2,Bengaluru,Tomato,Karnataka,False,True
2022-04-03,bengaluru,22.0,600.0,500.0,700.0,1,Bengaluru,Tomato,Karnataka,False,True
2022-04-04,bengaluru,17.0,800.0,600.0,1000.0,4,Bengaluru,Tomato,Karnataka,True,True
2022-04-05,bengaluru,23.0,1200.0,875.0,1500.0,5,Bengaluru,Tomato,Karnataka,True,True
2022-04-06,bengaluru,18.0,875.0,700.0,1100.0,4,Bengaluru,Tomato,Karnataka,True,True
2022-04-07,bengaluru,93.0,800.0,500.0,1000.0,5,Bengaluru,Tomato,Karnataka,True,True
2022-04-08,bengaluru,60.0,750.0,600.0,900.0,3,Bengaluru,Tomato,Karnataka,True,True
2022-04-09,bengaluru,60.0,750.0,500.0,1000.0,2,Bengaluru,Tomato,Karnataka,False,True
2022-04-10,bengaluru,60.0,1400.0,1000.0,1600.0,1,Bengaluru,Tomato,Karnataka,False,True
2022-04-11,bengaluru,53.0,1500.0,1000.0,1800.0,1,Bengaluru,Tomato,Karnataka,True,True
2022-04-12,bengaluru,6.0,1050.0,800.0,1200.0,4,Bengaluru,Tomato,Karnataka,True,True
2022-04-13,bengaluru,76.0,1200.0,1000.0,1500.0,5,Bengaluru,Tomato,Karnataka,True,True
2022-04-14,bengaluru,76.0,1500.0,1150.0,1875.0,2,Bengaluru,Tomato,Karnataka,False,True
2022-04-15,bengaluru,76.0,1650.0,1250.0,2000.0,2,Bengaluru,Tomato,Karnataka,False,True
2022-04-16,bengaluru,81.0,1300.0,1000.0,1600.0,3,Bengaluru,Tomato,Karnataka,True,True
2022-04-17,bengaluru,81.0,2000.0,1500.0,2500.0,1,Bengaluru,Tomato,Karnataka,False,True
2022-04-18,bengaluru,74.0,1350.0,1000.0,1750.0,5,Bengaluru,Tomato,Karnataka,True,True
2022-04-19,bengaluru,22.0,2275.0,1750.0,2750.0,4,Bengaluru,Tomato,Karnataka,True,True
2022-04-20,bengaluru,75.0,1850.0,1000.0,2425.0,3,Bengaluru,Tomato,Karnataka,True,True
2022-04-21,bengaluru,53.0,3000.0,2000.0,3500.0,4,Bengaluru,Tomato,Karnataka,True,True
2022-04-22,bengaluru,64.0,2500.0,2000.0,3200.0,3,Bengaluru,Tomato,Karnataka,True,True
2022-04-23,bengaluru,64.0,2875.0,2125.0,3625.0,2,Bengaluru,Tomato,Karnataka,False,True
2022-04-24,bengaluru,64.0,2875.0,2125.0,3625.0,0,Bengaluru,Tomato,Karnataka,False,False
2022-04-25,bengaluru,70.0,2700.0,2300.0,3550.0,4,Bengaluru,Tomato,Karnataka,True,True
2022-04-26,bengaluru,50.0,2700.0,1600.0,3650.0,3,Bengaluru,Tomato,Karnataka,True,True
2022-04-27,bengaluru,70.0,2800.0,2500.0,3000.0,3,Bengaluru,Tomato,Karnataka,True,True
2022-04-28,bengaluru,70.0,3500.0,2000.0,4250.0,3,Bengaluru,Tomato,Karnataka,False,True
2022-04-29,bengaluru,63.0,3750.0,2500.0,4500.0,5,Bengaluru,Tomato,Karnataka,True,True
2022-04-30,bengaluru,54.0,3500.0,2500.0,4300.0,2,Bengaluru,Tomato,Karnataka,True,True
2022-05-01,bengaluru,54.0,5000.0,4000.0,5500.0,1,Bengaluru,Tomato,Karnataka,False,True
2022-05-02,bengaluru,54.0,4250.0,3250.0,5250.0,2,Bengaluru,Tomato,Karnataka,False,True
2022-05-03,bengaluru,,4250.0,3250.0,5000.0,2,Bengaluru,Tomato,Karnataka,False,True
2022-05-04,bengaluru,17.0,4000.0,3000.0,5500.0,4,Bengaluru,Tomato,Karnataka,True,True
2022-05-05,bengaluru,43.0,4000.0,3000.0,5500.0,4,Bengaluru,Tomato,Karnataka,True,True
2022-05-06,bengaluru,62.0,4000.0,3200.0,5500.0,5,Bengaluru,Tomato,Karnataka,True,True
2022-05-07,bengaluru,60.0,5500.0,3750.0,6000.0,5,Bengaluru,Tomato,Karnataka,True,True
2022-05-08,bengaluru,60.0,6000.0,5000.0,7000.0,1,Bengaluru,Tomato,Karnataka,False,True
2022-05-09,bengaluru,36.0,5000.0,4000.0,6000.0,4,Bengaluru,Tomato,Karnataka,True,True
2022-05-10,bengaluru,39.0,6000.0,4250.0,7000.0,5,Bengaluru,Tomato,Karnataka,True,True
2022-05-11,bengaluru,58.0,5500.0,4200.0,7000.0,5,Bengaluru,Tomato,Karnataka,True,True
2022-05-12,bengaluru,30.0,5350.0,4350.0,6350.0,5,Bengaluru,Tomato,Karnataka,True,True
2022-05-13,bengaluru,54.0,6000.0,5000.0,7500.0,4,Bengaluru,Tomato,Karnataka,True,True
2022-05-14,bengaluru,54.0,6250.0,4500.0,7750.0,2,Bengaluru,Tomato,Karnataka,False,True
2022-05-15,bengaluru,54.0,6000.0,5000.0,7000.0,1,Bengaluru,Tomato,Karnataka,False,True
2022-05-16,bengaluru,69.0,6000.0,5000.0,7000.0,4,Bengaluru,Tomato,Karnataka,True,True
2022-05-17,bengaluru,69.0,6000.0,5000.0,7000.0,3,Bengaluru,Tomato,Karnataka,False,True
2022-05-18,bengaluru,41.0,6500.0,5000.0,7500.0,5,Bengaluru,Tomato,Karnataka,True,True
2022-05-19,bengaluru,41.0,6750.0,5000.0,8000.0,4,Bengaluru,Tomato,Karnataka,False,True
2022-05-20,bengaluru,60.0,8500.0,7500.0,9000.0,4,Bengaluru,Tomato,Karnataka,True,True
2022-05-21,bengaluru,60.0,7000.0,6250.0,7750.0,2,Bengaluru,Tomato,Karnataka,False,True
2022-05-22,bengaluru,60.0,10000.0,8000.0,12000.0,1,Bengaluru,Tomato,Karnataka,False,True
2022-05-23,bengaluru,54.0,9000.0,8000.0,9500.0,5,Bengaluru,Tomato,Karnataka,True,True
2022-05-24,bengaluru,43.0,6000.0,5000.0,8000.0,5,Bengaluru,Tomato,Karnataka,True,True
2022-05-25,bengaluru,76.0,5000.0,4000.0,6000.0,3,Bengaluru,Tomato,Karnataka,True,True
2022-05-26,bengaluru,43.0,5000.0,4000.0,5500.0,4,Bengaluru,Tomato,Karnataka,True,True
2022-05-27,bengaluru,44.0,5500.0,4250.0,6250.0,5,Bengaluru,Tomato,Karnataka,True,True
2022-05-28,bengaluru,44.0,4750.0,3750.0,5750.0,2,Bengaluru,Tomato,Karnataka,False,True
2022-05-29,bengaluru,44.0,4750.0,3750.0,5750.0,0,Bengaluru,Tomato,Karnataka,False,False
2022-05-30,bengaluru,,6000.0,5000.0,7500.0,4,Bengaluru,Tomato,Karnataka,False,True
2022-05-31,bengaluru,,5750.0,5000.0,6500.0,2,Bengaluru,Tomato,Karnataka,False,True
2022-06-01,bengaluru,,3500.0,3000.0,4000.0,1,Bengaluru,Tomato,Karnataka,False,True
2022-06-02,bengaluru,39.0,3875.0,3000.0,4750.0,4,Bengaluru,Tomato,Karnataka,True,True
2022-06-03,bengaluru,47.0,4000.0,3000.0,5000.0,5,Bengaluru,Tomato,Karnataka,True,True
2022-06-04,bengaluru,51.0,4000.0,3000.0,5000.0,3,Bengaluru,Tomato,Karnataka,True,True
2022-06-05,bengaluru,51.0,4500.0,4000.0,5000.0,1,Bengaluru,Tomato,Karnataka,False,True
2022-06-06,bengaluru,51.0,3500.0,3000.0,4500.0,3,Bengaluru,Tomato,Karnataka,False,True
2022-06-07,bengaluru,52.0,4500.0,3500.0,5500.0,5,Bengaluru,Tomato,Karnataka,True,True
2022-06-08,bengaluru,47.0,5000.0,3500.0,5500.0,5,Bengaluru,Tomato,Karnataka,True,True
2022-06-09,bengaluru,53.0,5000.0,4000.0,5500.0,3,Bengaluru,Tomato,Karnataka,True,True
2022-06-10,bengaluru,49.0,4500.0,4000.0,5000.0,3,Bengaluru,Tomato,Karnataka,True,True
2022-06-11,bengaluru,49.0,3750.0,2625.0,4750.0,2,Bengaluru,Tomato,Karnataka,False,True
2022-06-12,bengaluru,49.0,4500.0,4000.0,5000.0,1,Bengaluru,Tomato,Karnataka,False,True
2022-06-13,bengaluru,57.0,4375.0,3500.0,5000.0,5,Bengaluru,Tomato,Karnataka,True,True
2022-06-14,bengaluru,43.0,4000.0,3000.0,5000.0,2,Bengaluru,Tomato,Karnataka,True,True
2022-06-15,bengaluru,45.0,4000.0,3500.0,5000.0,3,Bengaluru,Tomato,Karnataka,True,True
2022-06-16,bengaluru,51.0,4900.0,4000.0,5100.0,5,Bengaluru,Tomato,Karnataka,True,True
2022-06-17,bengaluru,46.0,4500.0,3000.0,5100.0,3,Bengaluru,Tomato,Karnataka,True,True
2022-06-18,bengaluru,41.0,4500.0,3300.0,5350.0,4,Bengaluru,Tomato,Karnataka,True,True
2022-06-19,bengaluru,41.0,5000.0,4000.0,5500.0,1,Bengaluru,Tomato,Karnataka,False,True
2022-06-20,bengaluru,39.0,4000.0,2500.0,5000.0,4,Bengaluru,Tomato,Karnataka,True,True
2022-06-21,bengaluru,43.0,4000.0,3000.0,4750.0,5,Bengaluru,Tomato,Karnataka,True,True
2022-06-22,bengaluru,43.0,3000.0,2500.0,3500.0,5,Bengaluru,Tomato,Karnataka,True,True
2022-06-23,bengaluru,46.0,2500.0,2000.0,3000.0,5,Bengaluru,Tomato,Karnataka,True,True
2022-06-24,bengaluru,49.0,2300.0,2000.0,2500.0,5,Bengaluru,Tomato,Karnataka,True,True
2022-06-25,bengaluru,49.0,2375.0,1750.0,3125.0,2,Bengaluru,Tomato,Karnataka,False,True
2022-06-26,bengaluru,49.0,2375.0,1750.0,3125.0,0,Bengaluru,Tomato,Karnataka,False,False
2022-06-27,bengaluru,54.0,2250.0,1750.0,2650.0,4,Bengaluru,Tomato,Karnataka,True,True
2022-06-28,bengaluru,54.0,2000.0,1500.0,2500.0,4,Bengaluru,Tomato,Karnataka,False,True
2022-06-29,bengaluru,54.0,2000.0,1000.0,2500.0,2,Bengaluru,Tomato,Karnataka,False,True
2022-06-30,bengaluru,,1500.0,1000.0,2000.0,3,Bengaluru,Tomato,Karnataka,False,True
2022-07-01,bengaluru,,1200.0,900.0,1600.0,1,Bengaluru,Tomato,Karnataka,False,True
2022-07-02,bengaluru,,1200.0,900.0,1600.0,0,Bengaluru,Tomato,Karnataka,False,False
2022-07-03,bengaluru,,1000.0,800.0,1300.0,1,Bengaluru,Tomato,Karnataka,False,True
2022-07-04,bengaluru,56.0,1200.0,1000.0,1500.0,5,Bengaluru,Tomato,Karnataka,True,True
2022-07-05,bengaluru,71.0,1000.0,800.0,1200.0,5,Bengaluru,Tomato,Karnataka,True,True
2022-07-06,bengaluru,63.0,1000.0,800.0,1500.0,4,Bengaluru,Tomato,Karnataka,True,True
2022-07-07,bengaluru,47.0,1000.0,800.0,1500.0,5,Bengaluru,Tomato,Karnataka,True,True
2022-07-08,bengaluru,53.0,1250.0,850.0,1500.0,4,Bengaluru,Tomato,Karnataka,True,True
2022-07-09,bengaluru,53.0,900.0,500.0,1250.0,1,Bengaluru,Tomato,Karnataka,False,True
2022-07-10,bengaluru,53.0,1000.0,800.0,1200.0,1,Bengaluru,Tomato,Karnataka,False,True
2022-07-11,bengaluru,73.0,1000.0,750.0,1250.0,5,Bengaluru,Tomato,Karnataka,True,True
2022-07-12,bengaluru,56.0,1250.0,1000.0,1400.0,3,Bengaluru,Tomato,Karnataka,True,True
2022-07-13,bengaluru,62.0,1000.0,800.0,1200.0,3,Bengaluru,Tomato,Karnataka,True,True
2022-07-14,bengaluru,45.0,800.0,600.0,1100.0,5,Bengaluru,Tomato,Karnataka,True,True
2022-07-15,bengaluru,53.0,750.0,500.0,1000.0,5,Bengaluru,Tomato,Karnataka,True,True
2022-07-16,bengaluru,46.0,750.0,500.0,1000.0,5,Bengaluru,Tomato,Karnataka,True,True
2022-07-17,bengaluru,46.0,600.0,500.0,800.0,1,Bengaluru,Tomato,Karnataka,False,True
2022-07-18,bengaluru,51.0,650.0,500.0,800.0,4,Bengaluru,Tomato,Karnataka,True,True
2022-07-19,bengaluru,53.0,750.0,550.0,950.0,5,Bengaluru,Tomato,Karnataka,True,True
2022-07-20,bengaluru,49.0,600.0,400.0,750.0,5,Bengaluru,Tomato,Karnataka,True,True
2022-07-21,bengaluru,59.0,550.0,350.0,750.0,2,Bengaluru,Tomato,Karnataka,True,True
2022-07-22,bengaluru,32.0,1150.0,1050.0,1250.0,2,Bengaluru,Tomato,Karnataka,True,True
2022-07-23,bengaluru,32.0,550.0,350.0,750.0,2,Bengaluru,Tomato,Karnataka,False,True
2022-07-24,bengaluru,32.0,600.0,400.0,800.0,1,Bengaluru,Tomato,Karnataka,False,True
2022-07-25,bengaluru,66.0,500.0,400.0,700.0,5,Bengaluru,Tomato,Karnataka,True,True
2022-07-26,bengaluru,59.0,500.0,400.0,600.0,5,Bengaluru,Tomato,Karnataka,True,True
2022-07-27,bengaluru,56.0,500.0,300.0,625.0,3,Bengaluru,Tomato,Karnataka,True,True
2022-07-28,bengaluru,31.0,700.0,500.0,800.0,4,Bengaluru,Tomato,Karnataka,True,True
2022-07-29,bengaluru,39.0,500.0,400.0,650.0,3,Bengaluru,Tomato,Karnataka,True,True
2022-07-30,bengaluru,62.0,600.0,500.0,750.0,5,Bengaluru,Tomato,Karnataka,True,True
2022-07-31,bengaluru,62.0,600.0,500.0,750.0,0,Bengaluru,Tomato,Karnataka,False,False
2022-08-01,bengaluru,59.0,600.0,500.0,750.0,5,Bengaluru,Tomato,Karnataka,True,True
2022-08-02,bengaluru,58.0,650.0,500.0,775.0,5,Bengaluru,Tomato,Karnataka,True,True
2022-08-03,bengaluru,44.0,800.0,600.0,1000.0,5,Bengaluru,Tomato,Karnataka,True,True
2022-08-04,bengaluru,92.0,800.0,600.0,1000.0,5,Bengaluru,Tomato,Karnataka,True,True
2022-08-05,bengaluru,33.0,800.0,600.0,1000.0,5,Bengaluru,Tomato,Karnataka,True,True
2022-08-06,bengaluru,33.0,900.0,600.0,1200.0,2,Bengaluru,Tomato,Karnataka,True,True
2022-08-07,bengaluru,33.0,800.0,600.0,1000.0,1,Bengaluru,Tomato,Karnataka,False,True
2022-08-08,bengaluru,52.0,600.0,500.0,800.0,4,Bengaluru,Tomato,Karnataka,True,True
2022-08-09,bengaluru,52.0,575.0,375.0,775.0,2,Bengaluru,Tomato,Karnataka,False,True
2022-08-10,bengaluru,59.0,850.0,750.0,950.0,2,Bengaluru,Tomato,Karnataka,True,True
2022-08-11,bengaluru,58.0,650.0,500.0,800.0,4,Bengaluru,Tomato,Karnataka,True,True
2022-08-12,bengaluru,40.0,600.0,500.0,800.0,5,Bengaluru,Tomato,Karnataka,True,True
2022-08-13,bengaluru,40.0,750.0,475.0,950.0,2,Bengaluru,Tomato,Karnataka,False,True
2022-08-14,bengaluru,40.0,800.0,600.0,1000.0,1,Bengaluru,Tomato,Karnataka,False,True
2022-08-15,bengaluru,,850.0,575.0,1075.0,2,Bengaluru,Tomato,Karnataka,False,True
2022-08-16,bengaluru,51.0,800.0,600.0,1100.0,5,Bengaluru,Tomato,Karnataka,True,True
2022-08-17,bengaluru,54.0,825.0,550.0,1075.0,4,Bengaluru,Tomato,Karnataka,True,True
2022-08-18,bengaluru,58.0,800.0,500.0,1000.0,5,Bengaluru,Tomato,Karnataka,True,True
2022-08-19,bengaluru,57.0,800.0,600.0,1000.0,5,Bengaluru,Tomato,Karnataka,True,True
2022-08-20,bengaluru,52.0,1000.0,800.0,1250.0,5,Bengaluru,Tomato,Karnataka,True,True
2022-08-21,bengaluru,52.0,1000.0,700.0,1300.0,1,Bengaluru,Tomato,Karnataka,False,True
2022-08-22,bengaluru,62.0,900.0,600.0,1100.0,4,Bengaluru,Tomato,Karnataka,True,True
2022-08-23,bengaluru,57.0,800.0,600.0,1100.0,5,Bengaluru,Tomato,Karnataka,True,True
2022-08-24,bengaluru,45.0,800.0,600.0,1000.0,5,Bengaluru,Tomato,Karnataka,True,True
2022-08-25,bengaluru,44.0,900.0,700.0,1100.0,5,Bengaluru,Tomato,Karnataka,True,True
2022-08-26,bengaluru,54.0,800.0,500.0,1000.0,3,Bengaluru,Tomato,Karnataka,True,True
2022-08-27,bengaluru,54.0,1150.0,850.0,1375.0,2,Bengaluru,Tomato,Karnataka,False,True
2022-08-28,bengaluru,54.0,1150.0,850.0,1375.0,0,Bengaluru,Tomato,Karnataka,False,False
2022-08-29,bengaluru,59.0,1800.0,1500.0,2000.0,5,Bengaluru,Tomato,Karnataka,True,True
2022-08-30,bengaluru,22.0,2000.0,1525.0,2200.0,4,Bengaluru,Tomato,Karnataka,True,True
2022-08-31,bengaluru,22.0,2225.0,1750.0,2625.0,2,Bengaluru,Tomato,Karnataka,False,True
2022-09-01,bengaluru,38.0,1800.0,1500.0,1900.0,4,Bengaluru,Tomato,Karnataka,True,True
2022-09-02,bengaluru,27.0,2000.0,1700.0,2500.0,5,Bengaluru,Tomato,Karnataka,True,True
2022-09-03,bengaluru,71.0,2075.0,1475.0,2375.0,5,Bengaluru,Tomato,Karnataka,True,True
2022-09-04,bengaluru,71.0,2600.0,2000.0,3000.0,1,Bengaluru,Tomato,Karnataka,False,True
2022-09-05,bengaluru,41.0,2600.0,2000.0,3200.0,4,Bengaluru,Tomato,Karnataka,True,True
2022-09-06,bengaluru,44.0,2400.0,1950.0,2850.0,4,Bengaluru,Tomato,Karnataka,True,True
2022-09-07,bengaluru,51.0,2500.0,1750.0,3000.0,5,Bengaluru,Tomato,Karnataka,True,True
2022-09-08,bengaluru,47.0,2500.0,1750.0,3250.0,5,Bengaluru,Tomato,Karnataka,True,True
2022-09-09,bengaluru,62.0,3000.0,2000.0,4000.0,4,Bengaluru,Tomato,Karnataka,True,True
2022-09-10,bengaluru,62.0,2375.0,1750.0,3000.0,2,Bengaluru,Tomato,Karnataka,False,True
2022-09-11,bengaluru,62.0,2600.0,2000.0,3000.0,1,Bengaluru,Tomato,Karnataka,False,True
2022-09-12,bengaluru,55.0,2100.0,1500.0,2600.0,5,Bengaluru,Tomato,Karnataka,True,True
2022-09-13,bengaluru,51.0,2200.0,1600.0,2400.0,5,Bengaluru,Tomato,Karnataka,True,True
2022-09-14,bengaluru,58.0,2250.0,1500.0,2750.0,4,Bengaluru,Tomato,Karnataka,True,True
2022-09-15,bengaluru,47.0,2900.0,1900.0,3250.0,3,Bengaluru,Tomato,Karnataka,True,True
2022-09-16,bengaluru,42.0,2200.0,1800.0,2500.0,3,Bengaluru,Tomato,Karnataka,True,True
2022-09-17,bengaluru,53.0,2500.0,1875.0,3000.0,4,Bengaluru,Tomato,Karnataka,True,True
2022-09-18,bengaluru,53.0,3000.0,2000.0,3250.0,1,Bengaluru,Tomato,Karnataka,False,True
2022-09-19,bengaluru,76.0,3000.0,2000.0,3750.0,4,Bengaluru,Tomato,Karnataka,True,True
2022-09-20,bengaluru,65.0,3000.0,2000.0,3250.0,3,Bengaluru,Tomato,Karnataka,True,True
2022-09-21,bengaluru,21.0,2375.0,1625.0,2850.0,5,Bengaluru,Tomato,Karnataka,True,True
2022-09-22,bengaluru,47.0,2500.0,1750.0,2725.0,4,Bengaluru,Tomato,Karnataka,True,True
2022-09-23,bengaluru,52.0,2500.0,2000.0,2800.0,4,Bengaluru,Tomato,Karnataka,True,True
2022-09-24,bengaluru,52.0,2500.0,2000.0,2600.0,2,Bengaluru,Tomato,Karnataka,False,True
2022-09-25,bengaluru,52.0,2500.0,2000.0,2600.0,0,Bengaluru,Tomato,Karnataka,False,False
2022-09-26,bengaluru,37.0,2500.0,2000.0,2600.0,5,Bengaluru,Tomato,Karnataka,True,True
2022-09-27,bengaluru,54.0,2500.0,2000.0,2875.0,5,Bengaluru,Tomato,Karnataka,True,True
2022-09-28,bengaluru,45.0,2500.0,2000.0,3000.0,3,Bengaluru,Tomato,Karnataka,True,True
2022-09-29,bengaluru,56.0,2750.0,2000.0,3125.0,4,Bengaluru,Tomato,Karnataka,True,True
2022-09-30,bengaluru,56.0,2800.0,2000.0,3500.0,3,Bengaluru,Tomato,Karnataka,True,True
2022-10-01,bengaluru,63.0,2800.0,2500.0,3500.0,5,Bengaluru,Tomato,Karnataka,True,True
2022-10-02,bengaluru,63.0,3500.0,3000.0,4000.0,1,Bengaluru,Tomato,Karnataka,False,True
2022-10-03,bengaluru,48.0,2900.0,2500.0,3500.0,5,Bengaluru,Tomato,Karnataka,True,True
2022-10-04,bengaluru,48.0,2875.0,2125.0,3500.0,2,Bengaluru,Tomato,Karnataka,False,True
2022-10-05,bengaluru,48.0,3500.0,3000.0,4000.0,1,Bengaluru,Tomato,Karnataka,False,True
2022-10-06,bengaluru,23.0,3375.0,2500.0,4225.0,4,Bengaluru,Tomato,Karnataka,True,True
2022-10-07,bengaluru,45.0,3200.0,2800.0,3500.0,5,Bengaluru,Tomato,Karnataka,True,True
2022-10-08,bengaluru,45.0,3050.0,2250.0,3750.0,2,Bengaluru,Tomato,Karnataka,False,True
2022-10-09,bengaluru,45.0,3600.0,3000.0,4250.0,1,Bengaluru,Tomato,Karnataka,False,True
2022-10-10,bengaluru,51.0,3000.0,2000.0,4000.0,5,Bengaluru,Tomato,Karnataka,True,True
2022-10-11,bengaluru,51.0,3500.0,3000.0,4000.0,2,Bengaluru,Tomato,Karnataka,True,True
2022-10-12,bengaluru,56.0,3750.0,2700.0,4500.0,5,Bengaluru,Tomato,Karnataka,True,True
2022-10-13,bengaluru,49.0,3200.0,2800.0,3750.0,5,Bengaluru,Tomato,Karnataka,True,True
2022-10-14,bengaluru,40.0,2400.0,1625.0,3000.0,3,Bengaluru,Tomato,Karnataka,True,True
2022-10-15,bengaluru,62.0,3250.0,2000.0,3650.0,4,Bengaluru,Tomato,Karnataka,True,True
2022-10-16,bengaluru,62.0,4000.0,3000.0,4500.0,1,Bengaluru,Tomato,Karnataka,False,True
2022-10-17,bengaluru,51.0,2700.0,1900.0,3600.0,5,Bengaluru,Tomato,Karnataka,True,True
2022-10-18,bengaluru,57.0,2400.0,1850.0,2900.0,4,Bengaluru,Tomato,Karnataka,True,True
2022-10-19,bengaluru,57.0,2750.0,1750.0,3500.0,4,Bengaluru,Tomato,Karnataka,False,True
2022-10-20,bengaluru,44.0,2500.0,1875.0,3000.0,4,Bengaluru,Tomato,Karnataka,True,True
2022-10-21,bengaluru,61.0,2300.0,2000.0,2500.0,5,Bengaluru,Tomato,Karnataka,True,True
2022-10-22,bengaluru,61.0,1500.0,1000.0,2000.0,2,Bengaluru,Tomato,Karnataka,False,True
2022-10-23,bengaluru,61.0,2000.0,1500.0,2500.0,1,Bengaluru,Tomato,Karnataka,False,True
2022-10-24,bengaluru,,1900.0,1125.0,2400.0,2,Bengaluru,Tomato,Karnataka,False,True
2022-10-25,bengaluru,32.0,1500.0,1000.0,2000.0,3,Bengaluru,Tomato,Karnataka,True,True
2022-10-26,bengaluru,32.0,1250.0,825.0,1750.0,2,Bengaluru,Tomato,Karnataka,False,True
2022-10-27,bengaluru,41.0,1500.0,1200.0,2000.0,4,Bengaluru,Tomato,Karnataka,True,True
2022-10-28,bengaluru,50.0,1500.0,1000.0,2000.0,5,Bengaluru,Tomato,Karnataka,True,True
2022-10-29,bengaluru,50.0,1650.0,1200.0,2000.0,4,Bengaluru,Tomato,Karnataka,False,True
2022-10-30,bengaluru,50.0,1650.0,1200.0,2000.0,0,Bengaluru,Tomato,Karnataka,False,False
2022-10-31,bengaluru,51.0,1500.0,1150.0,1950.0,4,Bengaluru,Tomato,Karnataka,True,True
2022-11-01,bengaluru,51.0,1100.0,750.0,1400.0,2,Bengaluru,Tomato,Karnataka,False,True
2022-11-02,bengaluru,76.0,800.0,500.0,1000.0,2,Bengaluru,Tomato,Karnataka,True,True
2022-11-03,bengaluru,53.0,1000.0,600.0,1200.0,5,Bengaluru,Tomato,Karnataka,True,True
2022-11-04,bengaluru,62.0,1125.0,800.0,1400.0,5,Bengaluru,Tomato,Karnataka,True,True
2022-11-05,bengaluru,53.0,1200.0,800.0,1600.0,5,Bengaluru,Tomato,Karnataka,True,True
2022-11-06,bengaluru,53.0,1000.0,800.0,1200.0,1,Bengaluru,Tomato,Karnataka,False,True
2022-11-07,bengaluru,56.0,1200.0,800.0,1400.0,5,Bengaluru,Tomato,Karnataka,True,True
2022-11-08,bengaluru,59.0,1250.0,1000.0,1500.0,4,Bengaluru,Tomato,Karnataka,True,True
2022-11-09,bengaluru,59.0,900.0,800.0,1100.0,2,Bengaluru,Tomato,Karnataka,False,True
2022-11-10,bengaluru,69.0,950.0,750.0,1050.0,4,Bengaluru,Tomato,Karnataka,True,True
2022-11-11,bengaluru,69.0,725.0,500.0,950.0,2,Bengaluru,Tomato,Karnataka,False,True
2022-11-12,bengaluru,69.0,725.0,450.0,900.0,2,Bengaluru,Tomato,Karnataka,False,True
2022-11-13,bengaluru,,800.0,500.0,1000.0,1,Bengaluru,Tomato,Karnataka,False,True
2022-11-14,bengaluru,56.0,950.0,650.0,1250.0,3,Bengaluru,Tomato,Karnataka,True,True
2022-11-15,bengaluru,57.0,800.0,500.0,1000.0,4,Bengaluru,Tomato,Karnataka,True,True
2022-11-16,bengaluru,61.0,800.0,500.0,1000.0,5,Bengaluru,Tomato,Karnataka,True,True
2022-11-17,bengaluru,70.0,800.0,500.0,1000.0,5,Bengaluru,Tomato,Karnataka,True,True
2022-11-18,bengaluru,9.0,500.0,350.0,750.0,3,Bengaluru,Tomato,Karnataka,True,True
2022-11-19,bengaluru,67.0,800.0,500.0,1000.0,3,Bengaluru,Tomato,Karnataka,True,True
2022-11-20,bengaluru,67.0,1000.0,800.0,1200.0,1,Bengaluru,Tomato,Karnataka,False,True
2022-11-21,bengaluru,55.0,1200.0,750.0,1500.0,3,Bengaluru,Tomato,Karnataka,True,True
2022-11-22,bengaluru,47.0,1000.0,800.0,1250.0,5,Bengaluru,Tomato,Karnataka,True,True
2022-11-23,bengaluru,63.0,900.0,700.0,1200.0,4,Bengaluru,Tomato,Karnataka,True,True
2022-11-24,bengaluru,50.0,900.0,650.0,1200.0,4,Bengaluru,Tomato,Karnataka,True,True
2022-11-25,bengaluru,37.0,900.0,700.0,1100.0,4,Bengaluru,Tomato,Karnataka,True,True
2022-11-26,bengaluru,37.0,900.0,575.0,1150.0,2,Bengaluru,Tomato,Karnataka,False,True
2022-11-27,bengaluru,37.0,900.0,575.0,1150.0,0,Bengaluru,Tomato,Karnataka,False,False
2022-11-28,bengaluru,54.0,1000.0,800.0,1400.0,4,Bengaluru,Tomato,Karnataka,True,True
2022-11-29,bengaluru,7.0,900.0,700.0,1150.0,4,Bengaluru,Tomato,Karnataka,True,True
2022-11-30,bengaluru,49.0,800.0,600.0,1000.0,1,Bengaluru,Tomato,Karnataka,True,True
2022-12-01,bengaluru,53.0,1000.0,750.0,1200.0,5,Bengaluru,Tomato,Karnataka,True,True
2022-12-02,bengaluru,73.0,1000.0,750.0,1250.0,3,Bengaluru,Tomato,Karnataka,True,True
2022-12-03,bengaluru,68.0,1000.0,650.0,1200.0,5,Bengaluru,Tomato,Karnataka,True,True
2022-12-04,bengaluru,68.0,800.0,600.0,1000.0,1,Bengaluru,Tomato,Karnataka,False,True
2022-12-05,bengaluru,62.0,900.0,575.0,1100.0,4,Bengaluru,Tomato,Karnataka,True,True
2022-12-06,bengaluru,60.0,950.0,650.0,1175.0,5,Bengaluru,Tomato,Karnataka,True,True
2022-12-07,bengaluru,62.0,1000.0,650.0,1200.0,5,Bengaluru,Tomato,Karnataka,True,True
2022-12-08,bengaluru,66.0,800.0,600.0,1000.0,5,Bengaluru,Tomato,Karnataka,True,True
2022-12-09,bengaluru,57.0,875.0,600.0,1100.0,4,Bengaluru,Tomato,Karnataka,True,True
2022-12-10,bengaluru,57.0,800.0,550.0,1075.0,2,Bengaluru,Tomato,Karnataka,False,True
2022-12-11,bengaluru,57.0,1250.0,1000.0,1500.0,1,Bengaluru,Tomato,Karnataka,False,True
2022-12-12,bengaluru,30.0,1800.0,1500.0,2000.0,5,Bengaluru,Tomato,Karnataka,True,True
2022-12-13,bengaluru,55.0,1800.0,1500.0,2200.0,5,Bengaluru,Tomato,Karnataka,True,True
2022-12-14,bengaluru,65.0,1500.0,1000.0,2000.0,5,Bengaluru,Tomato,Karnataka,True,True
2022-12-15,bengaluru,61.0,1500.0,1000.0,1750.0,4,Bengaluru,Tomato,Karnataka,True,True
2022-12-16,bengaluru,57.0,1350.0,1000.0,1800.0,5,Bengaluru,Tomato,Karnataka,True,True
2022-12-17,bengaluru,68.0,1400.0,950.0,1775.0,4,Bengaluru,Tomato,Karnataka,True,True
2022-12-18,bengaluru,68.0,1500.0,1000.0,1800.0,1,Bengaluru,Tomato,Karnataka,False,True
2022-12-19,bengaluru,65.0,1400.0,900.0,1800.0,4,Bengaluru,Tomato,Karnataka,True,True
2022-12-20,bengaluru,55.0,1450.0,950.0,1775.0,3,Bengaluru,Tomato,Karnataka,True,True
2022-12-21,bengaluru,67.0,1500.0,1000.0,1800.0,4,Bengaluru,Tomato,Karnataka,True,True
2022-12-22,bengaluru,39.0,1475.0,1200.0,1700.0,3,Bengaluru,Tomato,Karnataka,True,True
2022-12-23,bengaluru,53.0,1000.0,800.0,1200.0,5,Bengaluru,Tomato,Karnataka,True,True
2022-12-24,bengaluru,53.0,1000.0,600.0,1250.0,2,Bengaluru,Tomato,Karnataka,False,True
2022-12-25,bengaluru,53.0,1000.0,600.0,1250.0,0,Bengaluru,Tomato,Karnataka,False,False
2022-12-26,bengaluru,73.0,1000.0,750.0,1250.0,5,Bengaluru,Tomato,Karnataka,True,True
2022-12-27,bengaluru,50.0,950.0,500.0,1200.0,5,Bengaluru,Tomato,Karnataka,True,True
2022-12-28,bengaluru,57.0,950.0,500.0,1200.0,4,Bengaluru,Tomato,Karnataka,True,True
2022-12-29,bengaluru,42.0,1000.0,600.0,1200.0,5,Bengaluru,Tomato,Karnataka,True,True
2022-12-30,bengaluru,48.0,1000.0,800.0,1200.0,4,Bengaluru,Tomato,Karnataka,True,True
2022-12-31,bengaluru,50.0,1350.0,1000.0,1650.0,5,Bengaluru,Tomato,Karnataka,True,True
2023-01-01,bengaluru,50.0,1000.0,800.0,1300.0,1,Bengaluru,Tomato,Karnataka,False,True
2023-01-02,bengaluru,40.0,1000.0,800.0,1300.0,5,Bengaluru,Tomato,Karnataka,True,True
2023-01-03,bengaluru,58.0,1200.0,800.0,1400.0,5,Bengaluru,Tomato,Karnataka,True,True
2023-01-04,bengaluru,59.0,1200.0,800.0,1500.0,4,Bengaluru,Tomato,Karnataka,True,True
2023-01-05,bengaluru,59.0,1350.0,900.0,1550.0,4,Bengaluru,Tomato,Karnataka,True,True
2023-01-06,bengaluru,60.0,1150.0,800.0,1300.0,4,Bengaluru,Tomato,Karnataka,True,True
2023-01-07,bengaluru,60.0,1000.0,800.0,1300.0,5,Bengaluru,Tomato,Karnataka,True,True
2023-01-08,bengaluru,60.0,1000.0,800.0,1500.0,1,Bengaluru,Tomato,Karnataka,False,True
2023-01-09,bengaluru,56.0,1100.0,800.0,1500.0,5,Bengaluru,Tomato,Karnataka,True,True
2023-01-10,bengaluru,54.0,1500.0,1000.0,1700.0,3,Bengaluru,Tomato,Karnataka,True,True
2023-01-11,bengaluru,56.0,1200.0,750.0,1500.0,3,Bengaluru,Tomato,Karnataka,True,True
2023-01-12,bengaluru,42.0,1600.0,1400.0,2000.0,5,Bengaluru,Tomato,Karnataka,True,True
2023-01-13,bengaluru,51.0,2000.0,1500.0,2500.0,5,Bengaluru,Tomato,Karnataka,True,True
2023-01-14,bengaluru,51.0,2125.0,1500.0,2625.0,2,Bengaluru,Tomato,Karnataka,False,True
2023-01-15,bengaluru,51.0,2000.0,1500.0,2500.0,1,Bengaluru,Tomato,Karnataka,False,True
2023-01-16,bengaluru,30.0,2000.0,1500.0,2700.0,5,Bengaluru,Tomato,Karnataka,True,True
2023-01-17,bengaluru,42.0,2500.0,2000.0,3250.0,5,Bengaluru,Tomato,Karnataka,True,True
2023-01-18,bengaluru,54.0,2875.0,2250.0,3500.0,5,Bengaluru,Tomato,Karnataka,True,True
2023-01-19,bengaluru,53.0,2750.0,2000.0,3500.0,5,Bengaluru,Tomato,Karnataka,True,True
2023-01-20,bengaluru,50.0,3000.0,2500.0,4000.0,5,Bengaluru,Tomato,Karnataka,True,True
2023-01-21,bengaluru,63.0,3000.0,2500.0,3500.0,3,Bengaluru,Tomato,Karnataka,True,True
2023-01-22,bengaluru,63.0,3000.0,2000.0,3500.0,1,Bengaluru,Tomato,Karnataka,False,True
2023-01-23,bengaluru,67.0,2000.0,1750.0,2200.0,4,Bengaluru,Tomato,Karnataka,True,True
2023-01-24,bengaluru,64.0,2150.0,1725.0,2500.0,5,Bengaluru,Tomato,Karnataka,True,True
2023-01-25,bengaluru,58.0,1900.0,1125.0,2350.0,4,Bengaluru,Tomato,Karnataka,True,True
2023-01-26,bengaluru,58.0,1775.0,1225.0,2225.0,2,Bengaluru,Tomato,Karnataka,False,True
2023-01-27,bengaluru,67.0,1800.0,1300.0,2250.0,5,Bengaluru,Tomato,Karnataka,True,True
2023-01-28,bengaluru,67.0,2000.0,1350.0,2400.0,2,Bengaluru,Tomato,Karnataka,False,True
2023-01-29,bengaluru,67.0,2000.0,1350.0,2400.0,0,Bengaluru,Tomato,Karnataka,False,False
2023-01-30,bengaluru,69.0,1800.0,1250.0,2250.0,5,Bengaluru,Tomato,Karnataka,True,True
2023-01-31,bengaluru,61.0,1800.0,1000.0,2200.0,5,Bengaluru,Tomato,Karnataka,True,True
2023-02-01,bengaluru,54.0,1600.0,1000.0,2000.0,4,Bengaluru,Tomato,Karnataka,True,True
2023-02-02,bengaluru,58.0,1600.0,1200.0,2000.0,5,Bengaluru,Tomato,Karnataka,True,True
2023-02-03,bengaluru,54.0,1250.0,1000.0,1750.0,5,Bengaluru,Tomato,Karnataka,True,True
2023-02-04,bengaluru,59.0,1500.0,1200.0,1800.0,4,Bengaluru,Tomato,Karnataka,True,True
2023-02-05,bengaluru,59.0,1300.0,1000.0,1600.0,1,Bengaluru,Tomato,Karnataka,False,True
2023-02-06,bengaluru,55.0,1400.0,1150.0,1600.0,4,Bengaluru,Tomato,Karnataka,True,True
2023-02-07,bengaluru,52.0,1500.0,1000.0,1800.0,5,Bengaluru,Tomato,Karnataka,True,True
2023-02-08,bengaluru,61.0,1500.0,1000.0,1875.0,3,Bengaluru,Tomato,Karnataka,True,True
2023-02-09,bengaluru,55.0,1500.0,1000.0,2000.0,5,Bengaluru,Tomato,Karnataka,True,True
2023-02-10,bengaluru,46.0,2000.0,1500.0,2600.0,4,Bengaluru,Tomato,Karnataka,True,True
2023-02-11,bengaluru,46.0,2250.0,1750.0,2750.0,1,Bengaluru,Tomato,Karnataka,False,True
2023-02-12,bengaluru,46.0,2500.0,2000.0,3000.0,1,Bengaluru,Tomato,Karnataka,False,True
2023-02-13,bengaluru,57.0,1800.0,1500.0,2000.0,4,Bengaluru,Tomato,Karnataka,True,True
2023-02-14,bengaluru,57.0,2025.0,1550.0,2425.0,5,Bengaluru,Tomato,Karnataka,True,True
2023-02-15,bengaluru,53.0,2600.0,1850.0,3050.0,5,Bengaluru,Tomato,Karnataka,True,True
2023-02-16,bengaluru,57.0,2250.0,1500.0,2800.0,5,Bengaluru,Tomato,Karnataka,True,True
2023-02-17,bengaluru,54.0,1800.0,1500.0,2000.0,4,Bengaluru,Tomato,Karnataka,True,True
2023-02-18,bengaluru,54.0,2775.0,1875.0,3275.0,2,Bengaluru,Tomato,Karnataka,False,True
2023-02-19,bengaluru,54.0,3000.0,2000.0,3300.0,1,Bengaluru,Tomato,Karnataka,False,True
2023-02-20,bengaluru,49.0,2750.0,1800.0,3250.0,5,Bengaluru,Tomato,Karnataka,True,True
2023-02-21,bengaluru,50.0,2500.0,1750.0,2700.0,5,Bengaluru,Tomato,Karnataka,True,True
2023-02-22,bengaluru,57.0,2175.0,1750.0,2500.0,4,Bengaluru,Tomato,Karnataka,True,True
2023-02-23,bengaluru,59.0,2000.0,1800.0,2500.0,3,Bengaluru,Tomato,Karnataka,True,True
2023-02-24,bengaluru,54.0,2000.0,1400.0,2500.0,3,Bengaluru,Tomato,Karnataka,True,True
2023-02-25,bengaluru,54.0,1875.0,1425.0,2450.0,2,Bengaluru,Tomato,Karnataka,False,True
2023-02-26,bengaluru,54.0,1875.0,1425.0,2450.0,0,Bengaluru,Tomato,Karnataka,False,False
2023-02-27,bengaluru,54.0,1525.0,950.0,1900.0,3,Bengaluru,Tomato,Karnataka,True,True
2023-02-28,bengaluru,54.0,2000.0,1500.0,2500.0,5,Bengaluru,Tomato,Karnataka,True,True
2023-03-01,bengaluru,49.0,1800.0,1400.0,2200.0,5,Bengaluru,Tomato,Karnataka,True,True
2023-03-02,bengaluru,55.0,1500.0,1000.0,2000.0,4,Bengaluru,Tomato,Karnataka,True,True
2023-03-03,bengaluru,53.0,1400.0,1000.0,1600.0,4,Bengaluru,Tomato,Karnataka,True,True
2023-03-04,bengaluru,50.0,1600.0,1200.0,2000.0,5,Bengaluru,Tomato,Karnataka,True,True
2023-03-05,bengaluru,50.0,1500.0,1000.0,1800.0,1,Bengaluru,Tomato,Karnataka,False,True
2023-03-06,bengaluru,52.0,1500.0,1000.0,2000.0,4,Bengaluru,Tomato,Karnataka,True,True
2023-03-07,bengaluru,51.0,1600.0,1000.0,2000.0,5,Bengaluru,Tomato,Karnataka,True,True
2023-03-08,bengaluru,45.0,1500.0,1000.0,2000.0,5,Bengaluru,Tomato,Karnataka,True,True
2023-03-09,bengaluru,53.0,2000.0,1700.0,2200.0,2,Bengaluru,Tomato,Karnataka,True,True
2023-03-10,bengaluru,50.0,1400.0,1000.0,1600.0,5,Bengaluru,Tomato,Karnataka,True,True
2023-03-11,bengaluru,50.0,1425.0,875.0,1875.0,2,Bengaluru,Tomato,Karnataka,False,True
2023-03-12,bengaluru,50.0,1500.0,1000.0,1600.0,1,Bengaluru,Tomato,Karnataka,False,True
2023-03-13,bengaluru,50.0,1400.0,800.0,1600.0,3,Bengaluru,Tomato,Karnataka,True,True
2023-03-14,bengaluru,54.0,1000.0,650.0,1450.0,3,Bengaluru,Tomato,Karnataka,True,True
2023-03-15,bengaluru,53.0,1000.0,800.0,1300.0,5,Bengaluru,Tomato,Karnataka,True,True
2023-03-16,bengaluru,56.0,1000.0,800.0,1300.0,4,Bengaluru,Tomato,Karnataka,True,True
2023-03-17,bengaluru,49.0,1000.0,800.0,1250.0,4,Bengaluru,Tomato,Karnataka,True,True
2023-03-18,bengaluru,47.0,900.0,500.0,1250.0,5,Bengaluru,Tomato,Karnataka,True,True
2023-03-19,bengaluru,47.0,1000.0,500.0,1200.0,1,Bengaluru,Tomato,Karnataka,False,True
2023-03-20,bengaluru,51.0,950.0,550.0,1250.0,5,Bengaluru,Tomato,Karnataka,True,True
2023-03-21,bengaluru,46.0,1700.0,1500.0,1900.0,3,Bengaluru,Tomato,Karnataka,True,True
2023-03-22,bengaluru,46.0,800.0,500.0,1000.0,1,Bengaluru,Tomato,Karnataka,False,True
2023-03-23,bengaluru,35.0,1650.0,1450.0,1800.0,2,Bengaluru,Tomato,Karnataka,True,True
2023-03-24,bengaluru,38.0,800.0,500.0,1000.0,3,Bengaluru,Tomato,Karnataka,True,True
2023-03-25,bengaluru,38.0,675.0,450.0,900.0,2,Bengaluru,Tomato,Karnataka,False,True
2023-03-26,bengaluru,38.0,675.0,450.0,900.0,0,Bengaluru,Tomato,Karnataka,False,False
2023-03-27,bengaluru,42.0,650.0,350.0,900.0,3,Bengaluru,Tomato,Karnataka,True,True
2023-03-28,bengaluru,55.0,500.0,400.0,700.0,4,Bengaluru,Tomato,Karnataka,True,True
2023-03-29,bengaluru,49.0,600.0,400.0,750.0,4,Bengaluru,Tomato,Karnataka,True,True
2023-03-30,bengaluru,51.0,650.0,500.0,850.0,5,Bengaluru,Tomato,Karnataka,True,True
2023-03-31,bengaluru,45.0,500.0,400.0,700.0,5,Bengaluru,Tomato,Karnataka,True,True
2023-04-01,bengaluru,53.0,500.0,300.0,700.0,5,Bengaluru,Tomato,Karnataka,True,True
2023-04-02,bengaluru,53.0,500.0,300.0,700.0,1,Bengaluru,Tomato,Karnataka,False,True
2023-04-03,bengaluru,48.0,725.0,550.0,900.0,5,Bengaluru,Tomato,Karnataka,True,True
2023-04-04,bengaluru,48.0,475.0,350.0,625.0,2,Bengaluru,Tomato,Karnataka,False,True
2023-04-05,bengaluru,47.0,550.0,400.0,700.0,4,Bengaluru,Tomato,Karnataka,True,True
2023-04-06,bengaluru,44.0,700.0,600.0,800.0,2,Bengaluru,Tomato,Karnataka,True,True
2023-04-07,bengaluru,44.0,500.0,300.0,700.0,1,Bengaluru,Tomato,Karnataka,False,True
2023-04-08,bengaluru,44.0,500.0,400.0,600.0,1,Bengaluru,Tomato,Karnataka,False,True
2023-04-09,bengaluru,,500.0,400.0,600.0,1,Bengaluru,Tomato,Karnataka,False,True
2023-04-10,bengaluru,46.0,850.0,750.0,950.0,3,Bengaluru,Tomato,Karnataka,True,True
2023-04-11,bengaluru,46.0,550.0,425.0,750.0,2,Bengaluru,Tomato,Karnataka,True,True
2023-04-12,bengaluru,48.0,700.0,500.0,900.0,4,Bengaluru,Tomato,Karnataka,True,True
2023-04-13,bengaluru,49.0,700.0,575.0,850.0,3,Bengaluru,Tomato,Karnataka,True,True
2023-04-14,bengaluru,49.0,750.0,475.0,950.0,2,Bengaluru,Tomato,Karnataka,False,True
2023-04-15,bengaluru,51.0,750.0,500.0,900.0,5,Bengaluru,Tomato,Karnataka,True,True
2023-04-16,bengaluru,51.0,600.0,500.0,800.0,1,Bengaluru,Tomato,Karnataka,False,True
2023-04-17,bengaluru,48.0,750.0,550.0,1000.0,5,Bengaluru,Tomato,Karnataka,True,True
2023-04-18,bengaluru,49.0,675.0,475.0,900.0,5,Bengaluru,Tomato,Karnataka,True,True
2023-04-19,bengaluru,46.0,750.0,550.0,1000.0,3,Bengaluru,Tomato,Karnataka,True,True
2023-04-20,bengaluru,52.0,700.0,600.0,850.0,4,Bengaluru,Tomato,Karnataka,True,True
2023-04-21,bengaluru,48.0,600.0,400.0,800.0,5,Bengaluru,Tomato,Karnataka,True,True
2023-04-22,bengaluru,48.0,600.0,400.0,800.0,0,Bengaluru,Tomato,Karnataka,False,False
2023-04-23,bengaluru,48.0,600.0,400.0,800.0,1,Bengaluru,Tomato,Karnataka,False,True
2023-04-24,bengaluru,43.0,875.0,625.0,1100.0,4,Bengaluru,Tomato,Karnataka,True,True
2023-04-25,bengaluru,43.0,825.0,600.0,1050.0,5,Bengaluru,Tomato,Karnataka,True,True
2023-04-26,bengaluru,51.0,500.0,400.0,650.0,4,Bengaluru,Tomato,Karnataka,True,True
2023-04-27,bengaluru,57.0,500.0,400.0,650.0,5,Bengaluru,Tomato,Karnataka,True,True
2023-04-28,bengaluru,46.0,750.0,550.0,925.0,3,Bengaluru,Tomato,Karnataka,True,True
2023-04-29,bengaluru,49.0,600.0,400.0,800.0,5,Bengaluru,Tomato,Karnataka,True,True
2023-04-30,bengaluru,49.0,600.0,400.0,800.0,0,Bengaluru,Tomato,Karnataka,False,False
2023-05-01,bengaluru,49.0,625.0,475.0,850.0,2,Bengaluru,Tomato,Karnataka,False,True
2023-05-02,bengaluru,43.0,700.0,500.0,900.0,4,Bengaluru,Tomato,Karnataka,True,True
2023-05-03,bengaluru,48.0,750.0,550.0,1000.0,5,Bengaluru,Tomato,Karnataka,True,True
2023-05-04,bengaluru,36.0,700.0,500.0,900.0,4,Bengaluru,Tomato,Karnataka,True,True
2023-05-05,bengaluru,19.0,750.0,600.0,900.0,4,Bengaluru,Tomato,Karnataka,True,True
2023-05-06,bengaluru,20.0,900.0,675.0,1100.0,4,Bengaluru,Tomato,Karnataka,True,True
2023-05-07,bengaluru,20.0,600.0,400.0,800.0,1,Bengaluru,Tomato,Karnataka,False,True
2023-05-08,bengaluru,22.0,900.0,800.0,1000.0,3,Bengaluru,Tomato,Karnataka,True,True
2023-05-09,bengaluru,51.0,850.0,650.0,950.0,4,Bengaluru,Tomato,Karnataka,True,True
2023-05-10,bengaluru,51.0,800.0,600.0,1000.0,2,Bengaluru,Tomato,Karnataka,False,True
2023-05-11,bengaluru,44.0,1200.0,1000.0,1300.0,3,Bengaluru,Tomato,Karnataka,True,True
2023-05-12,bengaluru,38.0,1150.0,1000.0,1300.0,4,Bengaluru,Tomato,Karnataka,True,True
2023-05-13,bengaluru,38.0,1400.0,1000.0,1600.0,1,Bengaluru,Tomato,Karnataka,False,True
2023-05-14,bengaluru,38.0,1400.0,1000.0,1600.0,0,Bengaluru,Tomato,Karnataka,False,False
2023-05-15,bengaluru,48.0,1500.0,1200.0,1800.0,2,Bengaluru,Tomato,Karnataka,True,True
2023-05-16,bengaluru,48.0,1400.0,1000.0,1600.0,5,Bengaluru,Tomato,Karnataka,True,True
2023-05-17,bengaluru,50.0,1100.0,1000.0,1200.0,4,Bengaluru,Tomato,Karnataka,True,True
2023-05-18,bengaluru,46.0,1200.0,1000.0,1500.0,5,Bengaluru,Tomato,Karnataka,True,True
2023-05-19,bengaluru,59.0,1300.0,1000.0,1600.0,5,Bengaluru,Tomato,Karnataka,True,True
2023-05-20,bengaluru,51.0,1150.0,850.0,1300.0,2,Bengaluru,Tomato,Karnataka,True,True
2023-05-21,bengaluru,51.0,1000.0,800.0,1250.0,1,Bengaluru,Tomato,Karnataka,False,True
2023-05-22,bengaluru,58.0,1275.0,925.0,1500.0,5,Bengaluru,Tomato,Karnataka,True,True
2023-05-23,bengaluru,49.0,1200.0,1000.0,1500.0,5,Bengaluru,Tomato,Karnataka,True,True
2023-05-24,bengaluru,59.0,1200.0,1000.0,1400.0,5,Bengaluru,Tomato,Karnataka,True,True
2023-05-25,bengaluru,60.0,1100.0,950.0,1325.0,4,Bengaluru,Tomato,Karnataka,True,True
2023-05-26,bengaluru,47.0,1200.0,1000.0,1400.0,3,Bengaluru,Tomato,Karnataka,True,True
2023-05-27,bengaluru,47.0,1500.0,1200.0,1800.0,1,Bengaluru,Tomato,Karnataka,False,True
2023-05-28,bengaluru,47.0,1500.0,1200.0,1800.0,0,Bengaluru,Tomato,Karnataka,False,False
2023-05-29,bengaluru,48.0,1200.0,1000.0,1450.0,5,Bengaluru,Tomato,Karnataka,True,True
2023-05-30,bengaluru,58.0,1200.0,1000.0,1400.0,5,Bengaluru,Tomato,Karnataka,True,True
2023-05-31,bengaluru,51.0,1350.0,950.0,1650.0,4,Bengaluru,Tomato,Karnataka,True,True
2023-06-01,bengaluru,33.0,2800.0,2500.0,3000.0,4,Bengaluru,Tomato,Karnataka,True,True
2023-06-02,bengaluru,54.0,2100.0,2000.0,3000.0,5,Bengaluru,Tomato,Karnataka,True,True
2023-06-03,bengaluru,60.0,1600.0,1125.0,1800.0,4,Bengaluru,Tomato,Karnataka,True,True
2023-06-04,bengaluru,60.0,2300.0,2000.0,2500.0,1,Bengaluru,Tomato,Karnataka,False,True
2023-06-05,bengaluru,51.0,2000.0,1500.0,2200.0,4,Bengaluru,Tomato,Karnataka,True,True
2023-06-06,bengaluru,23.0,2350.0,2050.0,2650.0,4,Bengaluru,Tomato,Karnataka,True,True
2023-06-07,bengaluru,50.0,2500.0,1900.0,2850.0,3,Bengaluru,Tomato,Karnataka,True,True
2023-06-08,bengaluru,55.0,2500.0,2000.0,3200.0,4,Bengaluru,Tomato,Karnataka,True,True
2023-06-09,bengaluru,45.0,2500.0,2000.0,3000.0,3,Bengaluru,Tomato,Karnataka,True,True
2023-06-10,bengaluru,45.0,3000.0,2500.0,3500.0,1,Bengaluru,Tomato,Karnataka,False,True
2023-06-11,bengaluru,45.0,3000.0,2500.0,3200.0,1,Bengaluru,Tomato,Karnataka,False,True
2023-06-12,bengaluru,51.0,3000.0,2500.0,3500.0,4,Bengaluru,Tomato,Karnataka,True,True
2023-06-13,bengaluru,23.0,3000.0,1900.0,3500.0,5,Bengaluru,Tomato,Karnataka,True,True
2023-06-14,bengaluru,53.0,3000.0,2500.0,3250.0,4,Bengaluru,Tomato,Karnataka,True,True
2023-06-15,bengaluru,54.0,2500.0,2000.0,3000.0,5,Bengaluru,Tomato,Karnataka,True,True
2023-06-16,bengaluru,49.0,3250.0,2450.0,3750.0,5,Bengaluru,Tomato,Karnataka,True,True
2023-06-17,bengaluru,64.0,2100.0,1900.0,2300.0,4,Bengaluru,Tomato,Karnataka,True,True
2023-06-18,bengaluru,64.0,2100.0,1900.0,2300.0,0,Bengaluru,Tomato,Karnataka,False,False
2023-06-19,bengaluru,57.0,3200.0,2800.0,3600.0,4,Bengaluru,Tomato,Karnataka,True,True
2023-06-20,bengaluru,52.0,3100.0,2250.0,3500.0,4,Bengaluru,Tomato,Karnataka,True,True
2023-06-21,bengaluru,50.0,3250.0,3000.0,3500.0,3,Bengaluru,Tomato,Karnataka,True,True
2023-06-22,bengaluru,50.0,3250.0,2850.0,3600.0,4,Bengaluru,Tomato,Karnataka,True,True
2023-06-23,bengaluru,23.0,3000.0,2500.0,3500.0,5,Bengaluru,Tomato,Karnataka,True,True
2023-06-24,bengaluru,23.0,5000.0,4000.0,5600.0,2,Bengaluru,Tomato,Karnataka,False,True
2023-06-25,bengaluru,23.0,5000.0,4000.0,5600.0,0,Bengaluru,Tomato,Karnataka,False,False
2023-06-26,bengaluru,55.0,6000.0,5000.0,7500.0,4,Bengaluru,Tomato,Karnataka,True,True
2023-06-27,bengaluru,52.0,6000.0,5000.0,6500.0,3,Bengaluru,Tomato,Karnataka,True,True
2023-06-28,bengaluru,50.0,6000.0,5000.0,7000.0,4,Bengaluru,Tomato,Karnataka,True,True
2023-06-29,bengaluru,50.0,7000.0,6000.0,8000.0,1,Bengaluru,Tomato,Karnataka,False,True
2023-06-30,bengaluru,35.0,7000.0,6000.0,8000.0,5,Bengaluru,Tomato,Karnataka,True,True
2023-07-01,bengaluru,46.0,8000.0,6000.0,8500.0,5,Bengaluru,Tomato,Karnataka,True,True
2023-07-02,bengaluru,46.0,8000.0,7000.0,8500.0,1,Bengaluru,Tomato,Karnataka,False,True
2023-07-03,bengaluru,43.0,8000.0,6500.0,9500.0,4,Bengaluru,Tomato,Karnataka,True,True
2023-07-04,bengaluru,45.0,8300.0,8000.0,10000.0,5,Bengaluru,Tomato,Karnataka,True,True
2023-07-05,bengaluru,43.0,7500.0,6000.0,9000.0,5,Bengaluru,Tomato,Karnataka,True,True
2023-07-06,bengaluru,52.0,8000.0,7000.0,9000.0,5,Bengaluru,Tomato,Karnataka,True,True
2023-07-07,bengaluru,50.0,9000.0,8000.0,10000.0,5,Bengaluru,Tomato,Karnataka,True,True
2023-07-08,bengaluru,50.0,9000.0,8000.0,9600.0,1,Bengaluru,Tomato,Karnataka,False,True
2023-07-09,bengaluru,50.0,8000.0,7000.0,9000.0,1,Bengaluru,Tomato,Karnataka,False,True
2023-07-10,bengaluru,48.0,7500.0,6000.0,9000.0,5,Bengaluru,Tomato,Karnataka,True,True
2023-07-11,bengaluru,44.0,8000.0,7000.0,9000.0,4,Bengaluru,Tomato,Karnataka,True,True
2023-07-12,bengaluru,46.0,9000.0,8000.0,10000.0,4,Bengaluru,Tomato,Karnataka,True,True
2023-07-13,bengaluru,45.0,8000.0,7000.0,10000.0,3,Bengaluru,Tomato,Karnataka,True,True
2023-07-14,bengaluru,46.0,8500.0,8000.0,10000.0,4,Bengaluru,Tomato,Karnataka,True,True
2023-07-15,bengaluru,45.0,8750.0,8000.0,10500.0,4,Bengaluru,Tomato,Karnataka,True,True
2023-07-16,bengaluru,45.0,9500.0,9000.0,10000.0,1,Bengaluru,Tomato,Karnataka,False,True
2023-07-17,bengaluru,50.0,8500.0,7750.0,9750.0,4,Bengaluru,Tomato,Karnataka,True,True
2023-07-18,bengaluru,44.0,8000.0,7000.0,9000.0,5,Bengaluru,Tomato,Karnataka,True,True
2023-07-19,bengaluru,48.0,9000.0,8250.0,9500.0,3,Bengaluru,Tomato,Karnataka,True,True
2023-07-20,bengaluru,47.0,8000.0,7000.0,9000.0,4,Bengaluru,Tomato,Karnataka,True,True
2023-07-21,bengaluru,45.0,8000.0,6000.0,9000.0,5,Bengaluru,Tomato,Karnataka,True,True
2023-07-22,bengaluru,45.0,7000.0,5000.0,8250.0,2,Bengaluru,Tomato,Karnataka,False,True
2023-07-23,bengaluru,45.0,7000.0,6000.0,8000.0,1,Bengaluru,Tomato,Karnataka,False,True
2023-07-24,bengaluru,45.0,7750.0,7000.0,8500.0,4,Bengaluru,Tomato,Karnataka,True,True
2023-07-25,bengaluru,42.0,8000.0,7000.0,9000.0,4,Bengaluru,Tomato,Karnataka,True,True
2023-07-26,bengaluru,41.0,8500.0,8000.0,10000.0,4,Bengaluru,Tomato,Karnataka,True,True
2023-07-27,bengaluru,42.0,9500.0,9000.0,10000.0,4,Bengaluru,Tomato,Karnataka,True,True
2023-07-28,bengaluru,43.0,9000.0,7000.0,10500.0,5,Bengaluru,Tomato,Karnataka,True,True
2023-07-29,bengaluru,43.0,10000.0,7750.0,11500.0,2,Bengaluru,Tomato,Karnataka,False,True
2023-07-30,bengaluru,43.0,10000.0,7750.0,11500.0,0,Bengaluru,Tomato,Karnataka,False,False
2023-07-31,bengaluru,40.0,9750.0,8250.0,11250.0,3,Bengaluru,Tomato,Karnataka,True,True
2023-08-01,bengaluru,44.0,10000.0,9000.0,12000.0,5,Bengaluru,Tomato,Karnataka,True,True
2023-08-02,bengaluru,44.0,9750.0,8250.0,11250.0,2,Bengaluru,Tomato,Karnataka,True,True
2023-08-03,bengaluru,46.0,10000.0,9500.0,11500.0,4,Bengaluru,Tomato,Karnataka,True,True
2023-08-04,bengaluru,44.0,9000.0,8000.0,10000.0,2,Bengaluru,Tomato,Karnataka,True,True
2023-08-05,bengaluru,43.0,8800.0,8500.0,9000.0,2,Bengaluru,Tomato,Karnataka,True,True
2023-08-06,bengaluru,43.0,8000.0,6000.0,9000.0,2,Bengaluru,Tomato,Karnataka,False,True
2023-08-07,bengaluru,45.0,6500.0,5250.0,7500.0,4,Bengaluru,Tomato,Karnataka,True,True
2023-08-08,bengaluru,40.0,5250.0,4000.0,6500.0,4,Bengaluru,Tomato,Karnataka,True,True
2023-08-09,bengaluru,49.0,5500.0,4000.0,6500.0,4,Bengaluru,Tomato,Karnataka,True,True
2023-08-10,bengaluru,46.0,4500.0,3250.0,5750.0,2,Bengaluru,Tomato,Karnataka,True,True
2023-08-11,bengaluru,47.0,5000.0,4000.0,5500.0,4,Bengaluru,Tomato,Karnataka,True,True
2023-08-12,bengaluru,47.0,3500.0,2625.0,4375.0,2,Bengaluru,Tomato,Karnataka,False,True
2023-08-13,bengaluru,47.0,3500.0,3000.0,4000.0,1,Bengaluru,Tomato,Karnataka,False,True
2023-08-14,bengaluru,43.0,4000.0,3000.0,5000.0,3,Bengaluru,Tomato,Karnataka,True,True
2023-08-15,bengaluru,43.0,4000.0,3000.0,4500.0,1,Bengaluru,Tomato,Karnataka,False,True
2023-08-16,bengaluru,43.0,4000.0,3000.0,4500.0,0,Bengaluru,Tomato,Karnataka,False,False
2023-08-17,bengaluru,48.0,3500.0,3000.0,4000.0,4,Bengaluru,Tomato,Karnataka,True,True
2023-08-18,bengaluru,46.0,3000.0,2500.0,3500.0,5,Bengaluru,Tomato,Karnataka,True,True
2023-08-19,bengaluru,45.0,2300.0,2000.0,2500.0,3,Bengaluru,Tomato,Karnataka,True,True
2023-08-20,bengaluru,45.0,2500.0,2000.0,3000.0,1,Bengaluru,Tomato,Karnataka,False,True
2023-08-21,bengaluru,46.0,2500.0,2000.0,3000.0,3,Bengaluru,Tomato,Karnataka,True,True
2023-08-22,bengaluru,37.0,2300.0,2000.0,2500.0,3,Bengaluru,Tomato,Karnataka,True,True
2023-08-23,bengaluru,44.0,2500.0,2000.0,3000.0,3,Bengaluru,Tomato,Karnataka,True,True
2023-08-24,bengaluru,40.0,2000.0,1500.0,2375.0,4,Bengaluru,Tomato,Karnataka,True,True
2023-08-25,bengaluru,40.0,2050.0,1750.0,2350.0,2,Bengaluru,Tomato,Karnataka,True,True
2023-08-26,bengaluru,40.0,1500.0,1000.0,2000.0,1,Bengaluru,Tomato,Karnataka,False,True
2023-08-27,bengaluru,40.0,1500.0,1000.0,2000.0,0,Bengaluru,Tomato,Karnataka,False,False
2023-08-28,bengaluru,41.0,1225.0,800.0,1625.0,4,Bengaluru,Tomato,Karnataka,True,True
2023-08-29,bengaluru,45.0,1550.0,1400.0,1800.0,2,Bengaluru,Tomato,Karnataka,True,True
2023-08-30,bengaluru,44.0,1800.0,1500.0,2000.0,2,Bengaluru,Tomato,Karnataka,True,True
2023-08-31,bengaluru,40.0,1400.0,1000.0,1750.0,4,Bengaluru,Tomato,Karnataka,True,True
2023-09-01,bengaluru,42.0,1000.0,800.0,1200.0,4,Bengaluru,Tomato,Karnataka,True,True
2023-09-02,bengaluru,45.0,1000.0,800.0,1225.0,4,Bengaluru,Tomato,Karnataka,True,True
2023-09-03,bengaluru,45.0,1000.0,700.0,1300.0,1,Bengaluru,Tomato,Karnataka,False,True
2023-09-04,bengaluru,45.0,1000.0,600.0,1200.0,4,Bengaluru,Tomato,Karnataka,True,True
2023-09-05,bengaluru,44.0,950.0,600.0,1200.0,4,Bengaluru,Tomato,Karnataka,True,True
2023-09-06,bengaluru,53.0,1000.0,800.0,1200.0,2,Bengaluru,Tomato,Karnataka,True,True
2023-09-07,bengaluru,53.0,1050.0,750.0,1300.0,2,Bengaluru,Tomato,Karnataka,False,True
2023-09-08,bengaluru,44.0,1100.0,1000.0,1200.0,1,Bengaluru,Tomato,Karnataka,True,True
2023-09-09,bengaluru,44.0,650.0,425.0,850.0,2,Bengaluru,Tomato,Karnataka,False,True
2023-09-10,bengaluru,44.0,600.0,500.0,800.0,1,Bengaluru,Tomato,Karnataka,False,True
2023-09-11,bengaluru,45.0,800.0,600.0,1000.0,4,Bengaluru,Tomato,Karnataka,True,True
2023-09-12,bengaluru,48.0,850.0,600.0,1100.0,3,Bengaluru,Tomato,Karnataka,True,True
2023-09-13,bengaluru,41.0,550.0,300.0,750.0,2,Bengaluru,Tomato,Karnataka,True,True
2023-09-14,bengaluru,49.0,700.0,600.0,900.0,5,Bengaluru,Tomato,Karnataka,True,True
2023-09-15,bengaluru,42.0,600.0,400.0,800.0,5,Bengaluru,Tomato,Karnataka,True,True
2023-09-16,bengaluru,49.0,600.0,400.0,800.0,4,Bengaluru,Tomato,Karnataka,True,True
2023-09-17,bengaluru,49.0,600.0,400.0,800.0,0,Bengaluru,Tomato,Karnataka,False,False
2023-09-18,bengaluru,49.0,600.0,400.0,800.0,1,Bengaluru,Tomato,Karnataka,False,True
2023-09-19,bengaluru,31.0,800.0,500.0,900.0,2,Bengaluru,Tomato,Karnataka,True,True
2023-09-20,bengaluru,45.0,800.0,500.0,1000.0,4,Bengaluru,Tomato,Karnataka,True,True
2023-09-21,bengaluru,44.0,600.0,400.0,800.0,4,Bengaluru,Tomato,Karnataka,True,True
2023-09-22,bengaluru,47.0,650.0,500.0,850.0,4,Bengaluru,Tomato,Karnataka,True,True
2023-09-23,bengaluru,48.0,800.0,500.0,1000.0,1,Bengaluru,Tomato,Karnataka,True,True
2023-09-24,bengaluru,48.0,800.0,500.0,1000.0,0,Bengaluru,Tomato,Karnataka,False,False
2023-09-25,bengaluru,41.0,700.0,400.0,800.0,5,Bengaluru,Tomato,Karnataka,True,True
2023-09-26,bengaluru,39.0,600.0,500.0,700.0,4,Bengaluru,Tomato,Karnataka,True,True
2023-09-27,bengaluru,36.0,500.0,300.0,600.0,3,Bengaluru,Tomato,Karnataka,True,True
2023-09-28,bengaluru,43.0,1000.0,900.0,1100.0,1,Bengaluru,Tomato,Karnataka,True,True
2023-09-29,bengaluru,36.0,1100.0,1000.0,1200.0,1,Bengaluru,Tomato,Karnataka,True,True
2023-09-30,bengaluru,50.0,550.0,400.0,700.0,3,Bengaluru,Tomato,Karnataka,True,True
2023-10-01,bengaluru,50.0,550.0,400.0,700.0,0,Bengaluru,Tomato,Karnataka,False,False
2023-10-02,bengaluru,48.0,600.0,400.0,800.0,3,Bengaluru,Tomato,Karnataka,True,True
2023-10-03,bengaluru,39.0,800.0,600.0,1000.0,3,Bengaluru,Tomato,Karnataka,True,True
2023-10-04,bengaluru,49.0,650.0,450.0,825.0,4,Bengaluru,Tomato,Karnataka,True,True
2023-10-05,bengaluru,46.0,600.0,400.0,800.0,4,Bengaluru,Tomato,Karnataka,True,True
2023-10-06,bengaluru,22.0,800.0,500.0,1000.0,4,Bengaluru,Tomato,Karnataka,True,True
2023-10-07,bengaluru,48.0,600.0,400.0,800.0,3,Bengaluru,Tomato,Karnataka,True,True
2023-10-08,bengaluru,48.0,600.0,400.0,800.0,1,Bengaluru,Tomato,Karnataka,False,True
2023-10-09,bengaluru,40.0,775.0,500.0,1000.0,4,Bengaluru,Tomato,Karnataka,True,True
2023-10-10,bengaluru,45.0,800.0,400.0,1000.0,3,Bengaluru,Tomato,Karnataka,True,True
2023-10-11,bengaluru,45.0,800.0,500.0,1000.0,5,Bengaluru,Tomato,Karnataka,True,True
2023-10-12,bengaluru,44.0,800.0,500.0,1000.0,3,Bengaluru,Tomato,Karnataka,True,True
2023-10-13,bengaluru,36.0,900.0,700.0,1050.0,4,Bengaluru,Tomato,Karnataka,True,True
2023-10-14,bengaluru,36.0,825.0,600.0,1050.0,2,Bengaluru,Tomato,Karnataka,False,True
2023-10-15,bengaluru,36.0,1000.0,800.0,1300.0,1,Bengaluru,Tomato,Karnataka,False,True
2023-10-16,bengaluru,45.0,1075.0,900.0,1200.0,4,Bengaluru,Tomato,Karnataka,True,True
2023-10-17,bengaluru,43.0,1000.0,800.0,1200.0,5,Bengaluru,Tomato,Karnataka,True,True
2023-10-18,bengaluru,54.0,675.0,375.0,875.0,2,Bengaluru,Tomato,Karnataka,True,True
2023-10-19,bengaluru,42.0,800.0,500.0,1000.0,3,Bengaluru,Tomato,Karnataka,True,True
2023-10-20,bengaluru,44.0,800.0,525.0,1100.0,4,Bengaluru,Tomato,Karnataka,True,True
2023-10-21,bengaluru,50.0,1300.0,1000.0,1500.0,1,Bengaluru,Tomato,Karnataka,True,True
2023-10-22,bengaluru,50.0,1300.0,1000.0,1500.0,0,Bengaluru,Tomato,Karnataka,False,False
2023-10-23,bengaluru,50.0,1300.0,1000.0,1500.0,0,Bengaluru,Tomato,Karnataka,False,False
2023-10-24,bengaluru,,800.0,500.0,1000.0,1,Bengaluru,Tomato,Karnataka,False,True
2023-10-25,bengaluru,31.0,1550.0,1250.0,1750.0,3,Bengaluru,Tomato,Karnataka,True,True
2023-10-26,bengaluru,43.0,1300.0,1000.0,1500.0,5,Bengaluru,Tomato,Karnataka,True,True
2023-10-27,bengaluru,43.0,1300.0,875.0,1575.0,2,Bengaluru,Tomato,Karnataka,True,True
2023-10-28,bengaluru,43.0,2000.0,1500.0,2500.0,2,Bengaluru,Tomato,Karnataka,False,True
2023-10-29,bengaluru,43.0,2000.0,1500.0,2500.0,0,Bengaluru,Tomato,Karnataka,False,False
2023-10-30,bengaluru,44.0,1875.0,1250.0,2375.0,4,Bengaluru,Tomato,Karnataka,True,True
2023-10-31,bengaluru,46.0,1500.0,1000.0,2000.0,1,Bengaluru,Tomato,Karnataka,True,True
2023-11-01,bengaluru,46.0,1500.0,1000.0,2000.0,1,Bengaluru,Tomato,Karnataka,False,True
2023-11-02,bengaluru,45.0,1500.0,1000.0,2000.0,3,Bengaluru,Tomato,Karnataka,True,True
2023-11-03,bengaluru,44.0,1600.0,1300.0,2000.0,2,Bengaluru,Tomato,Karnataka,True,True
2023-11-04,bengaluru,37.0,1200.0,1000.0,1400.0,2,Bengaluru,Tomato,Karnataka,True,True
2023-11-05,bengaluru,37.0,1200.0,1000.0,1400.0,0,Bengaluru,Tomato,Karnataka,False,False
2023-11-06,bengaluru,45.0,1875.0,1325.0,2050.0,4,Bengaluru,Tomato,Karnataka,True,True
2023-11-07,bengaluru,36.0,2375.0,1750.0,3000.0,5,Bengaluru,Tomato,Karnataka,True,True
2023-11-08,bengaluru,42.0,3350.0,3000.0,3750.0,4,Bengaluru,Tomato,Karnataka,True,True
2023-11-09,bengaluru,42.0,2175.0,1575.0,2575.0,4,Bengaluru,Tomato,Karnataka,True,True
2023-11-10,bengaluru,47.0,2875.0,2125.0,3500.0,3,Bengaluru,Tomato,Karnataka,True,True
2023-11-11,bengaluru,47.0,2875.0,1875.0,3375.0,2,Bengaluru,Tomato,Karnataka,False,True
2023-11-12,bengaluru,47.0,2500.0,2000.0,3000.0,1,Bengaluru,Tomato,Karnataka,False,True
2023-11-13,bengaluru,44.0,2000.0,1500.0,2500.0,3,Bengaluru,Tomato,Karnataka,True,True
2023-11-14,bengaluru,44.0,2500.0,2000.0,3000.0,1,Bengaluru,Tomato,Karnataka,False,True
2023-11-15,bengaluru,35.0,3000.0,2000.0,3500.0,3,Bengaluru,Tomato,Karnataka,True,True
2023-11-16,bengaluru,40.0,2750.0,2200.0,3250.0,3,Bengaluru,Tomato,Karnataka,True,True
2023-11-17,bengaluru,47.0,2625.0,2000.0,3125.0,5,Bengaluru,Tomato,Karnataka,True,True
2023-11-18,bengaluru,40.0,3100.0,2500.0,3600.0,5,Bengaluru,Tomato,Karnataka,True,True
2023-11-19,bengaluru,40.0,4000.0,3000.0,4200.0,1,Bengaluru,Tomato,Karnataka,False,True
2023-11-20,bengaluru,37.0,2750.0,2000.0,3375.0,4,Bengaluru,Tomato,Karnataka,True,True
2023-11-21,bengaluru,45.0,3000.0,2500.0,3250.0,2,Bengaluru,Tomato,Karnataka,True,True
2023-11-22,bengaluru,41.0,2625.0,2000.0,3125.0,4,Bengaluru,Tomato,Karnataka,True,True
2023-11-23,bengaluru,43.0,3000.0,2500.0,3500.0,3,Bengaluru,Tomato,Karnataka,True,True
2023-11-24,bengaluru,39.0,3200.0,2500.0,3700.0,3,Bengaluru,Tomato,Karnataka,True,True
2023-11-25,bengaluru,39.0,2750.0,2000.0,3250.0,2,Bengaluru,Tomato,Karnataka,False,True
2023-11-26,bengaluru,39.0,2750.0,2000.0,3250.0,0,Bengaluru,Tomato,Karnataka,False,False
2023-11-27,bengaluru,42.0,2800.0,2000.0,3200.0,5,Bengaluru,Tomato,Karnataka,True,True
2023-11-28,bengaluru,42.0,2550.0,2150.0,2950.0,2,Bengaluru,Tomato,Karnataka,True,True
2023-11-29,bengaluru,47.0,2000.0,1500.0,2500.0,3,Bengaluru,Tomato,Karnataka,True,True
2023-11-30,bengaluru,47.0,2375.0,1625.0,2875.0,2,Bengaluru,Tomato,Karnataka,False,True
2023-12-01,bengaluru,45.0,2500.0,2000.0,3000.0,3,Bengaluru,Tomato,Karnataka,True,True
2023-12-02,bengaluru,41.0,2250.0,1500.0,2750.0,4,Bengaluru,Tomato,Karnataka,True,True
2023-12-03,bengaluru,41.0,1900.0,1500.0,2250.0,1,Bengaluru,Tomato,Karnataka,False,True
2023-12-04,bengaluru,46.0,2500.0,2000.0,3000.0,4,Bengaluru,Tomato,Karnataka,True,True
2023-12-05,bengaluru,44.0,2250.0,2000.0,2750.0,3,Bengaluru,Tomato,Karnataka,True,True
2023-12-06,bengaluru,43.0,2000.0,1500.0,2500.0,4,Bengaluru,Tomato,Karnataka,True,True
2023-12-07,bengaluru,43.0,2000.0,1375.0,2500.0,4,Bengaluru,Tomato,Karnataka,True,True
2023-12-08,bengaluru,57.0,2500.0,2000.0,2800.0,3,Bengaluru,Tomato,Karnataka,True,True
2023-12-09,bengaluru,57.0,2400.0,1625.0,2850.0,2,Bengaluru,Tomato,Karnataka,False,True
2023-12-10,bengaluru,57.0,2600.0,2000.0,3000.0,1,Bengaluru,Tomato,Karnataka,False,True
2023-12-11,bengaluru,43.0,2450.0,2150.0,2750.0,3,Bengaluru,Tomato,Karnataka,True,True
2023-12-12,bengaluru,43.0,2100.0,1500.0,2500.0,3,Bengaluru,Tomato,Karnataka,True,True
2023-12-13,bengaluru,45.0,2000.0,1500.0,2500.0,4,Bengaluru,Tomato,Karnataka,True,True
2023-12-14,bengaluru,47.0,2150.0,1800.0,2500.0,4,Bengaluru,Tomato,Karnataka,True,True
2023-12-15,bengaluru,41.0,2000.0,1500.0,2500.0,4,Bengaluru,Tomato,Karnataka,True,True
2023-12-16,bengaluru,42.0,2100.0,1700.0,2550.0,4,Bengaluru,Tomato,Karnataka,True,True
2023-12-17,bengaluru,42.0,2000.0,1500.0,2200.0,1,Bengaluru,Tomato,Karnataka,False,True
2023-12-18,bengaluru,44.0,2200.0,2000.0,2500.0,3,Bengaluru,Tomato,Karnataka,True,True
2023-12-19,bengaluru,42.0,2000.0,1500.0,2500.0,5,Bengaluru,Tomato,Karnataka,True,True
2023-12-20,bengaluru,47.0,2000.0,1250.0,2500.0,1,Bengaluru,Tomato,Karnataka,True,True
2023-12-21,bengaluru,41.0,1850.0,1250.0,2175.0,4,Bengaluru,Tomato,Karnataka,True,True
2023-12-22,bengaluru,45.0,1950.0,1650.0,2300.0,2,Bengaluru,Tomato,Karnataka,True,True
2023-12-23,bengaluru,45.0,1500.0,1000.0,1750.0,1,Bengaluru,Tomato,Karnataka,False,True
2023-12-24,bengaluru,45.0,1500.0,1000.0,1750.0,0,Bengaluru,Tomato,Karnataka,False,False
2023-12-25,bengaluru,,2000.0,1500.0,2500.0,1,Bengaluru,Tomato,Karnataka,False,True
2023-12-26,bengaluru,28.0,2200.0,2000.0,2500.0,4,Bengaluru,Tomato,Karnataka,True,True
2023-12-27,bengaluru,48.0,2200.0,1900.0,2400.0,2,Bengaluru,Tomato,Karnataka,True,True
2023-12-28,bengaluru,42.0,2000.0,1550.0,2400.0,4,Bengaluru,Tomato,Karnataka,True,True
2023-12-29,bengaluru,40.0,2150.0,1750.0,2550.0,4,Bengaluru,Tomato,Karnataka,True,True
2023-12-30,bengaluru,40.0,2400.0,2000.0,2750.0,4,Bengaluru,Tomato,Karnataka,True,True
2023-12-31,bengaluru,40.0,2400.0,2000.0,2750.0,0,Bengaluru,Tomato,Karnataka,False,False
2024-01-01,bengaluru,40.0,2500.0,1500.0,3000.0,3,Bengaluru,Tomato,Karnataka,True,True
2024-01-02,bengaluru,45.0,2000.0,1500.0,2500.0,4,Bengaluru,Tomato,Karnataka,True,True
2024-01-03,bengaluru,43.0,2400.0,2050.0,2800.0,2,Bengaluru,Tomato,Karnataka,True,True
2024-01-04,bengaluru,45.0,2400.0,1700.0,2750.0,3,Bengaluru,Tomato,Karnataka,True,True
2024-01-05,bengaluru,41.0,2400.0,1500.0,2700.0,3,Bengaluru,Tomato,Karnataka,True,True
2024-01-06,bengaluru,34.0,2500.0,2000.0,2800.0,3,Bengaluru,Tomato,Karnataka,True,True
2024-01-07,bengaluru,34.0,2250.0,2000.0,2500.0,1,Bengaluru,Tomato,Karnataka,False,True
2024-01-08,bengaluru,43.0,2000.0,1500.0,2375.0,4,Bengaluru,Tomato,Karnataka,True,True
2024-01-09,bengaluru,43.0,2375.0,1900.0,2775.0,2,Bengaluru,Tomato,Karnataka,True,True
2024-01-10,bengaluru,43.0,1800.0,1400.0,2000.0,3,Bengaluru,Tomato,Karnataka,True,True
2024-01-11,bengaluru,44.0,2050.0,1750.0,2250.0,4,Bengaluru,Tomato,Karnataka,True,True
2024-01-12,bengaluru,45.0,1600.0,1400.0,2000.0,3,Bengaluru,Tomato,Karnataka,True,True
2024-01-13,bengaluru,45.0,1800.0,1400.0,2000.0,1,Bengaluru,Tomato,Karnataka,False,True
2024-01-14,bengaluru,45.0,1800.0,1400.0,2000.0,0,Bengaluru,Tomato,Karnataka,False,False
2024-01-15,bengaluru,,1300.0,1125.0,1650.0,2,Bengaluru,Tomato,Karnataka,False,True
2024-01-16,bengaluru,30.0,2075.0,1700.0,2375.0,2,Bengaluru,Tomato,Karnataka,True,True
2024-01-17,bengaluru,42.0,2000.0,1500.0,2225.0,4,Bengaluru,Tomato,Karnataka,True,True
2024-01-18,bengaluru,42.0,1600.0,1400.0,2000.0,4,Bengaluru,Tomato,Karnataka,False,True
2024-01-19,bengaluru,42.0,1500.0,1000.0,1800.0,1,Bengaluru,Tomato,Karnataka,False,True
2024-01-20,bengaluru,,1400.0,1000.0,1600.0,1,Bengaluru,Tomato,Karnataka,False,True
2024-01-21,bengaluru,,1500.0,1000.0,2000.0,1,Bengaluru,Tomato,Karnataka,False,True
2024-01-22,bengaluru,,1800.0,1500.0,2100.0,2,Bengaluru,Tomato,Karnataka,False,True
2024-01-23,bengaluru,,2000.0,1500.0,2200.0,2,Bengaluru,Tomato,Karnataka,False,True
2024-01-24,bengaluru,45.0,2100.0,1750.0,2500.0,2,Bengaluru,Tomato,Karnataka,True,True
2024-01-25,bengaluru,38.0,1500.0,1000.0,2000.0,3,Bengaluru,Tomato,Karnataka,True,True
2024-01-26,bengaluru,38.0,1600.0,1000.0,2000.0,1,Bengaluru,Tomato,Karnataka,False,True
2024-01-27,bengaluru,38.0,1500.0,1000.0,2000.0,1,Bengaluru,Tomato,Karnataka,False,True
2024-01-28,bengaluru,,1500.0,1000.0,2000.0,0,Bengaluru,Tomato,Karnataka,False,False
2024-01-29,bengaluru,36.0,1550.0,1000.0,2000.0,3,Bengaluru,Tomato,Karnataka,True,True
2024-01-30,bengaluru,41.0,1600.0,1000.0,1800.0,3,Bengaluru,Tomato,Karnataka,True,True
2024-01-31,bengaluru,48.0,1800.0,170.0,2000.0,1,Bengaluru,Tomato,Karnataka,True,True
2024-02-01,bengaluru,44.0,1400.0,1000.0,1800.0,3,Bengaluru,Tomato,Karnataka,True,True
2024-02-02,bengaluru,40.0,1500.0,1000.0,1800.0,3,Bengaluru,Tomato,Karnataka,True,True
2024-02-03,bengaluru,64.0,2000.0,1500.0,2300.0,3,Bengaluru,Tomato,Karnataka,True,True
2024-02-04,bengaluru,64.0,2200.0,1800.0,2500.0,1,Bengaluru,Tomato,Karnataka,False,True
2024-02-05,bengaluru,41.0,2200.0,1500.0,2500.0,2,Bengaluru,Tomato,Karnataka,True,True
2024-02-06,bengaluru,37.0,2200.0,1800.0,2500.0,4,Bengaluru,Tomato,Karnataka,True,True
2024-02-07,bengaluru,45.0,1850.0,1500.0,2125.0,2,Bengaluru,Tomato,Karnataka,True,True
2024-02-08,bengaluru,42.0,1750.0,1400.0,2000.0,2,Bengaluru,Tomato,Karnataka,True,True
2024-02-09,bengaluru,44.0,1700.0,1500.0,2000.0,3,Bengaluru,Tomato,Karnataka,True,True
2024-02-10,bengaluru,44.0,2000.0,1000.0,2300.0,1,Bengaluru,Tomato,Karnataka,False,True
2024-02-11,bengaluru,44.0,2000.0,1200.0,2300.0,1,Bengaluru,Tomato,Karnataka,False,True
2024-02-12,bengaluru,40.0,1900.0,1550.0,2150.0,2,Bengaluru,Tomato,Karnataka,True,True
2024-02-13,bengaluru,46.0,1900.0,1600.0,2200.0,1,Bengaluru,Tomato,Karnataka,True,True
2024-02-14,bengaluru,38.0,1900.0,1600.0,2200.0,1,Bengaluru,Tomato,Karnataka,True,True
2024-02-15,bengaluru,47.0,1200.0,800.0,1600.0,3,Bengaluru,Tomato,Karnataka,True,True
2024-02-16,bengaluru,40.0,800.0,600.0,1200.0,3,Bengaluru,Tomato,Karnataka,True,True
2024-02-17,bengaluru,44.0,800.0,600.0,1000.0,2,Bengaluru,Tomato,Karnataka,True,True
2024-02-18,bengaluru,44.0,1000.0,800.0,1300.0,1,Bengaluru,Tomato,Karnataka,False,True
2024-02-19,bengaluru,43.0,1000.0,800.0,1200.0,3,Bengaluru,Tomato,Karnataka,True,True
2024-02-20,bengaluru,38.0,1000.0,800.0,1200.0,3,Bengaluru,Tomato,Karnataka,True,True
2024-02-21,bengaluru,45.0,2000.0,1800.0,2200.0,2,Bengaluru,Tomato,Karnataka,True,True
2024-02-22,bengaluru,47.0,1450.0,1100.0,1700.0,2,Bengaluru,Tomato,Karnataka,True,True
2024-02-23,bengaluru,43.0,1450.0,1100.0,1700.0,0,Bengaluru,Tomato,Karnataka,True,False
2024-02-24,bengaluru,43.0,1000.0,800.0,1300.0,1,Bengaluru,Tomato,Karnataka,False,True
2024-02-25,bengaluru,43.0,1000.0,800.0,1300.0,0,Bengaluru,Tomato,Karnataka,False,False
2024-02-26,bengaluru,44.0,1000.0,800.0,1250.0,4,Bengaluru,Tomato,Karnataka,True,True
2024-02-27,bengaluru,47.0,900.0,700.0,1100.0,3,Bengaluru,Tomato,Karnataka,True,True
2024-02-28,bengaluru,39.0,1800.0,1400.0,2200.0,2,Bengaluru,Tomato,Karnataka,True,True
2024-02-29,bengaluru,42.0,800.0,600.0,1100.0,3,Bengaluru,Tomato,Karnataka,True,True
2024-03-01,bengaluru,41.0,800.0,500.0,1000.0,3,Bengaluru,Tomato,Karnataka,True,True
2024-03-02,bengaluru,46.0,1050.0,850.0,1300.0,2,Bengaluru,Tomato,Karnataka,True,True
2024-03-03,bengaluru,46.0,800.0,600.0,1000.0,1,Bengaluru,Tomato,Karnataka,False,True
2024-03-04,bengaluru,47.0,1200.0,1000.0,1500.0,4,Bengaluru,Tomato,Karnataka,True,True
2024-03-05,bengaluru,42.0,1300.0,1000.0,1500.0,3,Bengaluru,Tomato,Karnataka,True,True
2024-03-06,bengaluru,41.0,1400.0,1000.0,1600.0,3,Bengaluru,Tomato,Karnataka,True,True
2024-03-07,bengaluru,38.0,1200.0,1000.0,1500.0,3,Bengaluru,Tomato,Karnataka,True,True
2024-03-08,bengaluru,38.0,1200.0,800.0,1400.0,1,Bengaluru,Tomato,Karnataka,False,True
2024-03-09,bengaluru,38.0,1300.0,1000.0,1500.0,1,Bengaluru,Tomato,Karnataka,False,True
2024-03-10,bengaluru,,1400.0,1000.0,1600.0,1,Bengaluru,Tomato,Karnataka,False,True
2024-03-11,bengaluru,37.0,1300.0,1000.0,1500.0,2,Bengaluru,Tomato,Karnataka,True,True
2024-03-12,bengaluru,46.0,1350.0,1000.0,1550.0,3,Bengaluru,Tomato,Karnataka,True,True
2024-03-13,bengaluru,48.0,1250.0,1000.0,1500.0,2,Bengaluru,Tomato,Karnataka,True,True
2024-03-14,bengaluru,46.0,1400.0,1000.0,1600.0,3,Bengaluru,Tomato,Karnataka,True,True
2024-03-15,bengaluru,37.0,1250.0,1000.0,1500.0,3,Bengaluru,Tomato,Karnataka,True,True
2024-03-16,bengaluru,41.0,1300.0,1000.0,1500.0,3,Bengaluru,Tomato,Karnataka,True,True
2024-03-17,bengaluru,41.0,1400.0,1000.0,1600.0,1,Bengaluru,Tomato,Karnataka,False,True
2024-03-18,bengaluru,40.0,1300.0,1000.0,1600.0,1,Bengaluru,Tomato,Karnataka,True,True
2024-03-19,bengaluru,41.0,1400.0,1000.0,1600.0,3,Bengaluru,Tomato,Karnataka,True,True
2024-03-20,bengaluru,39.0,1275.0,1100.0,1450.0,3,Bengaluru,Tomato,Karnataka,True,True
2024-03-21,bengaluru,39.0,1250.0,1000.0,1400.0,3,Bengaluru,Tomato,Karnataka,True,True
2024-03-22,bengaluru,38.0,1200.0,1000.0,1300.0,3,Bengaluru,Tomato,Karnataka,True,True
2024-03-23,bengaluru,38.0,1500.0,1000.0,1700.0,1,Bengaluru,Tomato,Karnataka,False,True
2024-03-24,bengaluru,38.0,1300.0,1000.0,1500.0,1,Bengaluru,Tomato,Karnataka,False,True
2024-03-25,bengaluru,38.0,1500.0,1300.0,1750.0,3,Bengaluru,Tomato,Karnataka,True,True
2024-03-26,bengaluru,47.0,1475.0,1200.0,1750.0,2,Bengaluru,Tomato,Karnataka,True,True
2024-03-27,bengaluru,47.0,1500.0,1000.0,1700.0,3,Bengaluru,Tomato,Karnataka,True,True
2024-03-28,bengaluru,46.0,1600.0,1300.0,1800.0,3,Bengaluru,Tomato,Karnataka,True,True
2024-03-29,bengaluru,46.0,1800.0,1400.0,2000.0,1,Bengaluru,Tomato,Karnataka,False,True
2024-03-30,bengaluru,46.0,1650.0,1350.0,1850.0,2,Bengaluru,Tomato,Karnataka,True,True
2024-03-31,bengaluru,46.0,1650.0,1350.0,1850.0,0,Bengaluru,Tomato,Karnataka,False,False
2024-04-01,bengaluru,43.0,1800.0,1500.0,2000.0,3,Bengaluru,Tomato,Karnataka,True,True
2024-04-02,bengaluru,36.0,1800.0,1500.0,2000.0,0,Bengaluru,Tomato,Karnataka,True,False
2024-04-03,bengaluru,45.0,1650.0,1350.0,2000.0,4,Bengaluru,Tomato,Karnataka,True,True
2024-04-04,bengaluru,40.0,2000.0,1500.0,2500.0,3,Bengaluru,Tomato,Karnataka,True,True
2024-04-05,bengaluru,43.0,2050.0,1700.0,2350.0,2,Bengaluru,Tomato,Karnataka,True,True
2024-04-06,bengaluru,45.0,2200.0,1800.0,2500.0,2,Bengaluru,Tomato,Karnataka,True,True
2024-04-07,bengaluru,45.0,2500.0,2000.0,3000.0,1,Bengaluru,Tomato,Karnataka,False,True
2024-04-08,bengaluru,44.0,2500.0,2000.0,3000.0,1,Bengaluru,Tomato,Karnataka,True,True
2024-04-09,bengaluru,44.0,2500.0,2000.0,3000.0,0,Bengaluru,Tomato,Karnataka,False,False
2024-04-10,bengaluru,44.0,2500.0,2000.0,3000.0,0,Bengaluru,Tomato,Karnataka,False,False
2024-04-11,bengaluru,,2500.0,2000.0,3000.0,0,Bengaluru,Tomato,Karnataka,False,False
2024-04-12,bengaluru,,,,,0,Bengaluru,Tomato,Karnataka,False,False
2024-04-13,bengaluru,,2250.0,2000.0,2500.0,1,Bengaluru,Tomato,Karnataka,False,True
2024-04-14,bengaluru,,2000.0,1500.0,2500.0,1,Bengaluru,Tomato,Karnataka,False,True
2024-04-15,bengaluru,45.0,2000.0,1500.0,2500.0,3,Bengaluru,Tomato,Karnataka,True,True
2024-04-16,bengaluru,39.0,2000.0,1500.0,2200.0,1,Bengaluru,Tomato,Karnataka,True,True
2024-04-17,bengaluru,45.0,1700.0,1400.0,2000.0,2,Bengaluru,Tomato,Karnataka,True,True
2024-04-18,bengaluru,33.0,1950.0,1500.0,2150.0,4,Bengaluru,Tomato,Karnataka,True,True
2024-04-19,bengaluru,40.0,2000.0,1500.0,2350.0,4,Bengaluru,Tomato,Karnataka,True,True
2024-04-20,bengaluru,35.0,1800.0,1000.0,2100.0,4,Bengaluru,Tomato,Karnataka,True,True
2024-04-21,bengaluru,35.0,2000.0,1500.0,2500.0,1,Bengaluru,Tomato,Karnataka,False,True
2024-04-22,bengaluru,35.0,2000.0,1800.0,2200.0,4,Bengaluru,Tomato,Karnataka,True,True
2024-04-23,bengaluru,43.0,2300.0,1950.0,2500.0,2,Bengaluru,Tomato,Karnataka,True,True
2024-04-24,bengaluru,35.0,2400.0,2000.0,2600.0,3,Bengaluru,Tomato,Karnataka,True,True
2024-04-25,bengaluru,35.0,2500.0,2000.0,3000.0,1,Bengaluru,Tomato,Karnataka,False,True
2024-04-26,bengaluru,37.0,2000.0,1500.0,2500.0,2,Bengaluru,Tomato,Karnataka,True,True
2024-04-27,bengaluru,37.0,2500.0,2000.0,3300.0,1,Bengaluru,Tomato,Karnataka,False,True
2024-04-28,bengaluru,37.0,2500.0,2000.0,3300.0,0,Bengaluru,Tomato,Karnataka,False,False
2024-04-29,bengaluru,49.0,2800.0,2450.0,3150.0,3,Bengaluru,Tomato,Karnataka,True,True
2024-04-30,bengaluru,39.0,2500.0,2000.0,3000.0,3,Bengaluru,Tomato,Karnataka,True,True
2024-05-01,bengaluru,39.0,2500.0,2000.0,2800.0,2,Bengaluru,Tomato,Karnataka,False,True
2024-05-02,bengaluru,40.0,2500.0,2000.0,2800.0,3,Bengaluru,Tomato,Karnataka,True,True
2024-05-03,bengaluru,47.0,2200.0,2000.0,2500.0,3,Bengaluru,Tomato,Karnataka,True,True
2024-05-04,bengaluru,47.0,2300.0,2000.0,2500.0,3,Bengaluru,Tomato,Karnataka,True,True
2024-05-05,bengaluru,47.0,2500.0,2000.0,3000.0,1,Bengaluru,Tomato,Karnataka,False,True
2024-05-06,bengaluru,46.0,2300.0,2000.0,2500.0,2,Bengaluru,Tomato,Karnataka,True,True
2024-05-07,bengaluru,49.0,2350.0,2000.0,2550.0,2,Bengaluru,Tomato,Karnataka,True,True
2024-05-08,bengaluru,46.0,2500.0,2000.0,3000.0,3,Bengaluru,Tomato,Karnataka,True,True
2024-05-09,bengaluru,47.0,2500.0,2000.0,3000.0,3,Bengaluru,Tomato,Karnataka,True,True
2024-05-10,bengaluru,47.0,2000.0,1500.0,2500.0,1,Bengaluru,Tomato,Karnataka,False,True
2024-05-11,bengaluru,47.0,2800.0,2000.0,3200.0,1,Bengaluru,Tomato,Karnataka,False,True
2024-05-12,bengaluru,,2500.0,2000.0,3000.0,1,Bengaluru,Tomato,Karnataka,False,True
2024-05-13,bengaluru,44.0,2500.0,2000.0,3000.0,2,Bengaluru,Tomato,Karnataka,True,True
2024-05-14,bengaluru,36.0,2300.0,2000.0,2600.0,3,Bengaluru,Tomato,Karnataka,True,True
2024-05-15,bengaluru,45.0,2500.0,2000.0,3200.0,3,Bengaluru,Tomato,Karnataka,True,True
2024-05-16,bengaluru,40.0,2300.0,2000.0,2600.0,1,Bengaluru,Tomato,Karnataka,True,True
2024-05-17,bengaluru,38.0,2500.0,2000.0,3000.0,1,Bengaluru,Tomato,Karnataka,True,True
2024-05-18,bengaluru,36.0,2500.0,2000.0,3200.0,3,Bengaluru,Tomato,Karnataka,True,True
2024-05-19,bengaluru,36.0,3000.0,2000.0,3500.0,1,Bengaluru,Tomato,Karnataka,False,True
2024-05-20,bengaluru,38.0,3500.0,3000.0,4000.0,3,Bengaluru,Tomato,Karnataka,True,True
2024-05-21,bengaluru,49.0,4000.0,3000.0,4500.0,3,Bengaluru,Tomato,Karnataka,True,True
2024-05-22,bengaluru,40.0,3100.0,3000.0,3200.0,4,Bengaluru,Tomato,Karnataka,True,True
2024-05-23,bengaluru,39.0,3000.0,2500.0,3500.0,3,Bengaluru,Tomato,Karnataka,True,True
2024-05-24,bengaluru,40.0,3500.0,3000.0,4000.0,4,Bengaluru,Tomato,Karnataka,True,True
2024-05-25,bengaluru,40.0,4000.0,300.0,4500.0,1,Bengaluru,Tomato,Karnataka,False,True
2024-05-26,bengaluru,40.0,4000.0,300.0,4500.0,0,Bengaluru,Tomato,Karnataka,False,False
2024-05-27,bengaluru,45.0,4000.0,3000.0,5000.0,3,Bengaluru,Tomato,Karnataka,True,True
2024-05-28,bengaluru,38.0,4000.0,3000.0,5000.0,2,Bengaluru,Tomato,Karnataka,True,True
2024-05-29,bengaluru,43.0,3500.0,3000.0,4000.0,2,Bengaluru,Tomato,Karnataka,True,True
2024-05-30,bengaluru,43.0,2500.0,2000.0,3000.0,2,Bengaluru,Tomato,Karnataka,True,True
2024-05-31,bengaluru,41.0,3000.0,2000.0,3200.0,3,Bengaluru,Tomato,Karnataka,True,True
2024-06-01,bengaluru,40.0,2700.0,2400.0,3000.0,2,Bengaluru,Tomato,Karnataka,True,True
2024-06-02,bengaluru,40.0,3000.0,2500.0,3500.0,1,Bengaluru,Tomato,Karnataka,False,True
2024-06-03,bengaluru,41.0,4050.0,3750.0,4350.0,2,Bengaluru,Tomato,Karnataka,True,True
2024-06-04,bengaluru,47.0,4000.0,3000.0,4500.0,3,Bengaluru,Tomato,Karnataka,True,True
2024-06-05,bengaluru,41.0,3700.0,3000.0,4150.0,4,Bengaluru,Tomato,Karnataka,True,True
2024-06-06,bengaluru,22.0,4500.0,4000.0,5000.0,2,Bengaluru,Tomato,Karnataka,True,True
2024-06-07,bengaluru,45.0,4400.0,4000.0,4800.0,3,Bengaluru,Tomato,Karnataka,True,True
2024-06-08,bengaluru,45.0,4500.0,4000.0,5000.0,1,Bengaluru,Tomato,Karnataka,False,True
2024-06-09,bengaluru,45.0,4500.0,4000.0,5000.0,1,Bengaluru,Tomato,Karnataka,False,True
2024-06-10,bengaluru,47.0,4500.0,4000.0,5000.0,3,Bengaluru,Tomato,Karnataka,True,True
2024-06-11,bengaluru,49.0,4600.0,4000.0,5000.0,3,Bengaluru,Tomato,Karnataka,True,True
2024-06-12,bengaluru,41.0,3800.0,3600.0,4100.0,2,Bengaluru,Tomato,Karnataka,True,True
2024-06-13,bengaluru,40.0,6000.0,5000.0,7000.0,3,Bengaluru,Tomato,Karnataka,True,True
2024-06-14,bengaluru,38.0,5000.0,4000.0,6000.0,3,Bengaluru,Tomato,Karnataka,True,True
2024-06-15,bengaluru,40.0,4500.0,4000.0,5000.0,2,Bengaluru,Tomato,Karnataka,True,True
2024-06-16,bengaluru,40.0,4500.0,4000.0,5000.0,0,Bengaluru,Tomato,Karnataka,False,False
2024-06-17,bengaluru,40.0,6000.0,5600.0,7200.0,1,Bengaluru,Tomato,Karnataka,False,True
2024-06-18,bengaluru,43.0,7000.0,6000.0,8000.0,3,Bengaluru,Tomato,Karnataka,True,True
2024-06-19,bengaluru,35.0,8500.0,8000.0,9000.0,3,Bengaluru,Tomato,Karnataka,True,True
2024-06-20,bengaluru,39.0,6500.0,6000.0,7000.0,3,Bengaluru,Tomato,Karnataka,True,True
2024-06-21,bengaluru,35.0,6000.0,5000.0,6500.0,3,Bengaluru,Tomato,Karnataka,True,True
2024-06-22,bengaluru,35.0,7000.0,6000.0,7500.0,1,Bengaluru,Tomato,Karnataka,False,True
2024-06-23,bengaluru,35.0,6500.0,6000.0,7000.0,1,Bengaluru,Tomato,Karnataka,False,True
2024-06-24,bengaluru,46.0,5250.0,4750.0,5750.0,4,Bengaluru,Tomato,Karnataka,True,True
2024-06-25,bengaluru,35.0,6000.0,5000.0,6500.0,1,Bengaluru,Tomato,Karnataka,True,True
2024-06-26,bengaluru,44.0,5500.0,5000.0,6000.0,3,Bengaluru,Tomato,Karnataka,True,True
2024-06-27,bengaluru,36.0,5000.0,4500.0,5500.0,3,Bengaluru,Tomato,Karnataka,True,True
2024-06-28,bengaluru,36.0,5000.0,4500.0,5500.0,3,Bengaluru,Tomato,Karnataka,True,True
2024-06-29,bengaluru,41.0,4550.0,3950.0,4900.0,4,Bengaluru,Tomato,Karnataka,True,True
2024-06-30,bengaluru,41.0,4550.0,3950.0,4900.0,0,Bengaluru,Tomato,Karnataka,False,False
2024-07-01,bengaluru,38.0,4500.0,4000.0,5000.0,1,Bengaluru,Tomato,Karnataka,True,True
2024-07-02,bengaluru,41.0,4600.0,4000.0,5000.0,3,Bengaluru,Tomato,Karnataka,True,True
2024-07-03,bengaluru,38.0,4000.0,3500.0,4500.0,1,Bengaluru,Tomato,Karnataka,True,True
2024-07-04,bengaluru,44.0,4000.0,3000.0,4700.0,4,Bengaluru,Tomato,Karnataka,True,True
2024-07-05,bengaluru,39.0,4000.0,3500.0,4500.0,3,Bengaluru,Tomato,Karnataka,True,True
2024-07-06,bengaluru,45.0,4000.0,3000.0,5000.0,3,Bengaluru,Tomato,Karnataka,True,True
2024-07-07,bengaluru,45.0,4000.0,3500.0,4500.0,1,Bengaluru,Tomato,Karnataka,False,True
2024-07-08,bengaluru,22.0,3600.0,3000.0,4000.0,4,Bengaluru,Tomato,Karnataka,True,True
2024-07-09,bengaluru,44.0,3500.0,3000.0,4000.0,4,Bengaluru,Tomato,Karnataka,True,True
2024-07-10,bengaluru,43.0,3800.0,3000.0,4200.0,2,Bengaluru,Tomato,Karnataka,True,True
2024-07-11,bengaluru,42.0,4000.0,3250.0,4500.0,4,Bengaluru,Tomato,Karnataka,True,True
2024-07-12,bengaluru,40.0,4000.0,3000.0,4300.0,3,Bengaluru,Tomato,Karnataka,True,True
2024-07-13,bengaluru,40.0,4500.0,4000.0,5000.0,1,Bengaluru,Tomato,Karnataka,False,True
2024-07-14,bengaluru,40.0,5000.0,4000.0,6000.0,1,Bengaluru,Tomato,Karnataka,False,True
2024-07-15,bengaluru,38.0,6000.0,5000.0,6500.0,2,Bengaluru,Tomato,Karnataka,True,True
2024-07-16,bengaluru,44.0,4650.0,4000.0,5250.0,2,Bengaluru,Tomato,Karnataka,True,True
2024-07-17,bengaluru,44.0,6000.0,5000.0,6500.0,1,Bengaluru,Tomato,Karnataka,False,True
2024-07-18,bengaluru,40.0,5500.0,5000.0,6000.0,3,Bengaluru,Tomato,Karnataka,True,True
2024-07-19,bengaluru,35.0,5000.0,4000.0,6000.0,3,Bengaluru,Tomato,Karnataka,True,True
2024-07-20,bengaluru,41.0,5000.0,4000.0,6000.0,1,Bengaluru,Tomato,Karnataka,True,True
2024-07-21,bengaluru,41.0,5000.0,4000.0,5500.0,1,Bengaluru,Tomato,Karnataka,False,True
2024-07-22,bengaluru,37.0,4000.0,3000.0,5000.0,3,Bengaluru,Tomato,Karnataka,True,True
2024-07-23,bengaluru,37.0,3500.0,3000.0,4000.0,1,Bengaluru,Tomato,Karnataka,True,True
2024-07-24,bengaluru,44.0,4400.0,4100.0,4600.0,2,Bengaluru,Tomato,Karnataka,True,True
2024-07-25,bengaluru,39.0,3500.0,3000.0,4000.0,3,Bengaluru,Tomato,Karnataka,True,True
2024-07-26,bengaluru,39.0,2750.0,2250.0,3250.0,3,Bengaluru,Tomato,Karnataka,True,True
2024-07-27,bengaluru,39.0,2400.0,2000.0,2800.0,1,Bengaluru,Tomato,Karnataka,False,True
2024-07-28,bengaluru,39.0,2400.0,2000.0,2800.0,0,Bengaluru,Tomato,Karnataka,False,False
2024-07-29,bengaluru,40.0,2500.0,2000.0,3000.0,3,Bengaluru,Tomato,Karnataka,True,True
2024-07-30,bengaluru,39.0,2400.0,2000.0,2600.0,3,Bengaluru,Tomato,Karnataka,True,True
2024-07-31,bengaluru,37.0,2000.0,1500.0,2500.0,3,Bengaluru,Tomato,Karnataka,True,True
2024-08-01,bengaluru,21.0,2700.0,2500.0,3000.0,2,Bengaluru,Tomato,Karnataka,True,True
2024-08-02,bengaluru,37.0,1500.0,1000.0,2000.0,3,Bengaluru,Tomato,Karnataka,True,True
2024-08-03,bengaluru,41.0,1800.0,1600.0,2000.0,2,Bengaluru,Tomato,Karnataka,True,True
2024-08-04,bengaluru,41.0,1500.0,1000.0,2000.0,1,Bengaluru,Tomato,Karnataka,False,True
2024-08-05,bengaluru,46.0,1600.0,1250.0,1900.0,2,Bengaluru,Tomato,Karnataka,True,True
2024-08-06,bengaluru,40.0,1500.0,1000.0,2000.0,3,Bengaluru,Tomato,Karnataka,True,True
2024-08-07,bengaluru,49.0,1300.0,1000.0,1600.0,3,Bengaluru,Tomato,Karnataka,True,True
2024-08-08,bengaluru,47.0,1150.0,900.0,1400.0,2,Bengaluru,Tomato,Karnataka,True,True
2024-08-09,bengaluru,43.0,1000.0,800.0,1250.0,3,Bengaluru,Tomato,Karnataka,True,True
2024-08-10,bengaluru,43.0,1000.0,800.0,1500.0,1,Bengaluru,Tomato,Karnataka,False,True
2024-08-11,bengaluru,43.0,1500.0,1000.0,2000.0,1,Bengaluru,Tomato,Karnataka,False,True
2024-08-12,bengaluru,41.0,1600.0,1200.0,2000.0,3,Bengaluru,Tomato,Karnataka,True,True
2024-08-13,bengaluru,43.0,1500.0,1000.0,2000.0,3,Bengaluru,Tomato,Karnataka,True,True
2024-08-14,bengaluru,45.0,1300.0,1000.0,1600.0,3,Bengaluru,Tomato,Karnataka,True,True
2024-08-15,bengaluru,45.0,1300.0,1000.0,1500.0,1,Bengaluru,Tomato,Karnataka,False,True
2024-08-16,bengaluru,47.0,1300.0,1000.0,1500.0,4,Bengaluru,Tomato,Karnataka,True,True
2024-08-17,bengaluru,38.0,1000.0,800.0,1200.0,3,Bengaluru,Tomato,Karnataka,True,True
2024-08-18,bengaluru,38.0,1000.0,800.0,1300.0,1,Bengaluru,Tomato,Karnataka,False,True
2024-08-19,bengaluru,39.0,1000.0,800.0,1300.0,3,Bengaluru,Tomato,Karnataka,True,True
2024-08-20,bengaluru,40.0,1000.0,800.0,1250.0,3,Bengaluru,Tomato,Karnataka,True,True
2024-08-21,bengaluru,46.0,1075.0,950.0,1225.0,2,Bengaluru,Tomato,Karnataka,True,True
2024-08-22,bengaluru,39.0,1050.0,900.0,1250.0,2,Bengaluru,Tomato,Karnataka,True,True
2024-08-23,bengaluru,43.0,1000.0,800.0,1300.0,3,Bengaluru,Tomato,Karnataka,True,True
2024-08-24,bengaluru,43.0,1000.0,700.0,1300.0,1,Bengaluru,Tomato,Karnataka,False,True
2024-08-25,bengaluru,43.0,1000.0,700.0,1300.0,0,Bengaluru,Tomato,Karnataka,False,False
2024-08-26,bengaluru,43.0,1000.0,600.0,1200.0,3,Bengaluru,Tomato,Karnataka,True,True
2024-08-27,bengaluru,43.0,1000.0,600.0,1200.0,0,Bengaluru,Tomato,Karnataka,True,False
2024-08-28,bengaluru,42.0,800.0,600.0,1000.0,3,Bengaluru,Tomato,Karnataka,True,True
2024-08-29,bengaluru,44.0,800.0,500.0,1000.0,1,Bengaluru,Tomato,Karnataka,True,True
2024-08-30,bengaluru,43.0,1000.0,700.0,1250.0,3,Bengaluru,Tomato,Karnataka,True,True
2024-08-31,bengaluru,43.0,1000.0,600.0,1250.0,2,Bengaluru,Tomato,Karnataka,True,True
2024-09-01,bengaluru,43.0,1000.0,700.0,1250.0,1,Bengaluru,Tomato,Karnataka,False,True
2024-09-02,bengaluru,49.0,1125.0,800.0,1375.0,4,Bengaluru,Tomato,Karnataka,True,True
2024-09-03,bengaluru,45.0,1450.0,1250.0,1700.0,2,Bengaluru,Tomato,Karnataka,True,True
2024-09-04,bengaluru,46.0,1900.0,1800.0,2000.0,1,Bengaluru,Tomato,Karnataka,True,True
2024-09-05,bengaluru,44.0,1200.0,800.0,1500.0,3,Bengaluru,Tomato,Karnataka,True,True
2024-09-06,bengaluru,46.0,1700.0,1400.0,1900.0,3,Bengaluru,Tomato,Karnataka,True,True
2024-09-07,bengaluru,46.0,1250.0,1000.0,1500.0,1,Bengaluru,Tomato,Karnataka,False,True
2024-09-08,bengaluru,46.0,1500.0,1000.0,2000.0,1,Bengaluru,Tomato,Karnataka,False,True
2024-09-09,bengaluru,46.0,1600.0,1500.0,2000.0,3,Bengaluru,Tomato,Karnataka,True,True
2024-09-10,bengaluru,42.0,1700.0,1500.0,2100.0,3,Bengaluru,Tomato,Karnataka,True,True
2024-09-11,bengaluru,47.0,1300.0,1000.0,1600.0,3,Bengaluru,Tomato,Karnataka,True,True
2024-09-12,bengaluru,44.0,1550.0,1250.0,2000.0,4,Bengaluru,Tomato,Karnataka,True,True
2024-09-13,bengaluru,44.0,1600.0,1250.0,2050.0,4,Bengaluru,Tomato,Karnataka,True,True
2024-09-14,bengaluru,44.0,1600.0,1250.0,2050.0,0,Bengaluru,Tomato,Karnataka,False,False
2024-09-15,bengaluru,44.0,1600.0,1250.0,2050.0,0,Bengaluru,Tomato,Karnataka,False,False
2024-09-16,bengaluru,,2500.0,2000.0,3000.0,1,Bengaluru,Tomato,Karnataka,False,True
2024-09-17,bengaluru,44.0,2050.0,1750.0,2400.0,2,Bengaluru,Tomato,Karnataka,True,True
2024-09-18,bengaluru,45.0,2300.0,1800.0,2800.0,1,Bengaluru,Tomato,Karnataka,True,True
2024-09-19,bengaluru,44.0,2350.0,1900.0,2700.0,4,Bengaluru,Tomato,Karnataka,True,True
2024-09-20,bengaluru,38.0,2550.0,2000.0,3000.0,2,Bengaluru,Tomato,Karnataka,True,True
2024-09-21,bengaluru,45.0,2400.0,1750.0,2750.0,2,Bengaluru,Tomato,Karnataka,True,True
2024-09-22,bengaluru,45.0,3200.0,2500.0,3800.0,1,Bengaluru,Tomato,Karnataka,False,True
2024-09-23,bengaluru,44.0,2200.0,1800.0,2600.0,3,Bengaluru,Tomato,Karnataka,True,True
2024-09-24,bengaluru,36.0,2150.0,1700.0,2600.0,3,Bengaluru,Tomato,Karnataka,True,True
2024-09-25,bengaluru,38.0,3000.0,2500.0,3500.0,2,Bengaluru,Tomato,Karnataka,True,True
2024-09-26,bengaluru,38.0,2450.0,2000.0,2900.0,4,Bengaluru,Tomato,Karnataka,True,True
2024-09-27,bengaluru,39.0,3000.0,2250.0,3500.0,4,Bengaluru,Tomato,Karnataka,True,True
2024-09-28,bengaluru,39.0,3500.0,3000.0,4000.0,1,Bengaluru,Tomato,Karnataka,False,True
2024-09-29,bengaluru,39.0,3500.0,3000.0,4000.0,0,Bengaluru,Tomato,Karnataka,False,False
2024-09-30,bengaluru,40.0,3500.0,3000.0,4000.0,3,Bengaluru,Tomato,Karnataka,True,True
2024-10-01,bengaluru,40.0,4000.0,3000.0,4500.0,1,Bengaluru,Tomato,Karnataka,True,True
2024-10-02,bengaluru,40.0,4500.0,4000.0,5000.0,1,Bengaluru,Tomato,Karnataka,False,True
2024-10-03,bengaluru,11.0,7000.0,6000.0,7500.0,2,Bengaluru,Tomato,Karnataka,True,True
2024-10-04,bengaluru,38.0,4600.0,4000.0,5500.0,2,Bengaluru,Tomato,Karnataka,True,True
2024-10-05,bengaluru,35.0,5000.0,4000.0,5500.0,3,Bengaluru,Tomato,Karnataka,True,True
2024-10-06,bengaluru,35.0,5000.0,4000.0,5500.0,1,Bengaluru,Tomato,Karnataka,False,True
2024-10-07,bengaluru,41.0,5000.0,4000.0,5600.0,2,Bengaluru,Tomato,Karnataka,True,True
2024-10-08,bengaluru,39.0,4500.0,4000.0,5000.0,3,Bengaluru,Tomato,Karnataka,True,True
2024-10-09,bengaluru,29.0,4500.0,4000.0,5000.0,0,Bengaluru,Tomato,Karnataka,True,False
2024-10-10,bengaluru,33.0,3750.0,3250.0,4250.0,2,Bengaluru,Tomato,Karnataka,True,True
2024-10-11,bengaluru,33.0,3750.0,3250.0,4250.0,0,Bengaluru,Tomato,Karnataka,False,False
2024-10-12,bengaluru,33.0,3750.0,3250.0,4250.0,0,Bengaluru,Tomato,Karnataka,False,False
2024-10-13,bengaluru,,3750.0,3250.0,4250.0,0,Bengaluru,Tomato,Karnataka,False,False
2024-10-14,bengaluru,41.0,3600.0,3000.0,4000.0,1,Bengaluru,Tomato,Karnataka,True,True
2024-10-15,bengaluru,41.0,4000.0,3500.0,4500.0,3,Bengaluru,Tomato,Karnataka,True,True
2024-10-16,bengaluru,25.0,4500.0,4000.0,5000.0,2,Bengaluru,Tomato,Karnataka,True,True
2024-10-17,bengaluru,25.0,4600.0,4000.0,5000.0,1,Bengaluru,Tomato,Karnataka,False,True
2024-10-18,bengaluru,31.0,4500.0,4000.0,5000.0,3,Bengaluru,Tomato,Karnataka,True,True
2024-10-19,bengaluru,46.0,4500.0,4000.0,5000.0,3,Bengaluru,Tomato,Karnataka,True,True
2024-10-20,bengaluru,46.0,3600.0,3000.0,4000.0,1,Bengaluru,Tomato,Karnataka,False,True
2024-10-21,bengaluru,36.0,3000.0,2500.0,3500.0,3,Bengaluru,Tomato,Karnataka,True,True
2024-10-22,bengaluru,32.0,3500.0,2850.0,3900.0,4,Bengaluru,Tomato,Karnataka,True,True
2024-10-23,bengaluru,41.0,4000.0,3000.0,4600.0,3,Bengaluru,Tomato,Karnataka,True,True
2024-10-24,bengaluru,37.0,3200.0,2900.0,3500.0,3,Bengaluru,Tomato,Karnataka,True,True
2024-10-25,bengaluru,38.0,3300.0,3000.0,3600.0,3,Bengaluru,Tomato,Karnataka,True,True
2024-10-26,bengaluru,38.0,5000.0,4000.0,5500.0,1,Bengaluru,Tomato,Karnataka,False,True
2024-10-27,bengaluru,38.0,5000.0,4000.0,5500.0,0,Bengaluru,Tomato,Karnataka,False,False
2024-10-28,bengaluru,42.0,2800.0,2400.0,3200.0,1,Bengaluru,Tomato,Karnataka,True,True
2024-10-29,bengaluru,40.0,2600.0,2150.0,3050.0,2,Bengaluru,Tomato,Karnataka,True,True
2024-10-30,bengaluru,34.0,2500.0,2150.0,2800.0,2,Bengaluru,Tomato,Karnataka,True,True
2024-10-31,bengaluru,34.0,2500.0,2150.0,2800.0,0,Bengaluru,Tomato,Karnataka,False,False
2024-11-01,bengaluru,34.0,2000.0,1500.0,2500.0,1,Bengaluru,Tomato,Karnataka,False,True
2024-11-02,bengaluru,,3000.0,2500.0,3500.0,1,Bengaluru,Tomato,Karnataka,False,True
2024-11-03,bengaluru,,3000.0,2500.0,3500.0,1,Bengaluru,Tomato,Karnataka,False,True
2024-11-04,bengaluru,44.0,2000.0,1600.0,2400.0,3,Bengaluru,Tomato,Karnataka,True,True
2024-11-05,bengaluru,43.0,2100.0,1700.0,2500.0,3,Bengaluru,Tomato,Karnataka,True,True
2024-11-06,bengaluru,38.0,2000.0,1500.0,2500.0,3,Bengaluru,Tomato,Karnataka,True,True
2024-11-07,bengaluru,41.0,2000.0,1500.0,2400.0,3,Bengaluru,Tomato,Karnataka,True,True
2024-11-08,bengaluru,42.0,2000.0,1500.0,2450.0,4,Bengaluru,Tomato,Karnataka,True,True
2024-11-09,bengaluru,42.0,2000.0,1400.0,2500.0,1,Bengaluru,Tomato,Karnataka,False,True
2024-11-10,bengaluru,42.0,2000.0,1600.0,2500.0,1,Bengaluru,Tomato,Karnataka,False,True
2024-11-11,bengaluru,38.0,2100.0,1700.0,2500.0,2,Bengaluru,Tomato,Karnataka,True,True
2024-11-12,bengaluru,39.0,1600.0,1000.0,2000.0,1,Bengaluru,Tomato,Karnataka,True,True
2024-11-13,bengaluru,37.0,1600.0,1000.0,2000.0,0,Bengaluru,Tomato,Karnataka,True,False
2024-11-14,bengaluru,39.0,2000.0,1500.0,2200.0,3,Bengaluru,Tomato,Karnataka,True,True
2024-11-15,bengaluru,32.0,2000.0,1600.0,2300.0,3,Bengaluru,Tomato,Karnataka,True,True
2024-11-16,bengaluru,38.0,2000.0,1500.0,2500.0,3,Bengaluru,Tomato,Karnataka,True,True
2024-11-17,bengaluru,38.0,2000.0,1500.0,2500.0,0,Bengaluru,Tomato,Karnataka,False,False
2024-11-18,bengaluru,38.0,1500.0,1000.0,2000.0,1,Bengaluru,Tomato,Karnataka,False,True
2024-11-19,bengaluru,39.0,2350.0,1900.0,2800.0,4,Bengaluru,Tomato,Karnataka,True,True
2024-11-20,bengaluru,43.0,2100.0,1800.0,2400.0,4,Bengaluru,Tomato,Karnataka,True,True
2024-11-21,bengaluru,43.0,2500.0,2000.0,3000.0,2,Bengaluru,Tomato,Karnataka,False,True
2024-11-22,bengaluru,43.0,2500.0,2000.0,3000.0,0,Bengaluru,Tomato,Karnataka,False,False
2024-11-23,bengaluru,,2500.0,2000.0,3000.0,0,Bengaluru,Tomato,Karnataka,False,False
2024-11-24,bengaluru,,2500.0,2000.0,3000.0,0,Bengaluru,Tomato,Karnataka,False,False
2024-11-25,bengaluru,,1700.0,1400.0,2000.0,1,Bengaluru,Tomato,Karnataka,False,True
2024-11-26,bengaluru,,3000.0,2000.0,3500.0,2,Bengaluru,Tomato,Karnataka,False,True
2024-11-27,bengaluru,,3500.0,3000.0,4000.0,2,Bengaluru,Tomato,Karnataka,False,True
2024-11-28,bengaluru,,3600.0,3000.0,4000.0,1,Bengaluru,Tomato,Karnataka,False,True
2024-11-29,bengaluru,,3600.0,3000.0,4000.0,0,Bengaluru,Tomato,Karnataka,False,False
2024-11-30,bengaluru,,3600.0,3000.0,4000.0,0,Bengaluru,Tomato,Karnataka,False,False
2024-12-01,bengaluru,,3600.0,3000.0,4000.0,0,Bengaluru,Tomato,Karnataka,False,False
2024-12-02,bengaluru,,3500.0,3000.0,4000.0,1,Bengaluru,Tomato,Karnataka,False,True
2024-12-03,bengaluru,,4000.0,3000.0,5000.0,3,Bengaluru,Tomato,Karnataka,False,True
2024-12-04,bengaluru,,3750.0,3250.0,4250.0,2,Bengaluru,Tomato,Karnataka,False,True
2024-12-05,bengaluru,,3600.0,3000.0,4000.0,2,Bengaluru,Tomato,Karnataka,False,True
2024-12-06,bengaluru,,4000.0,3500.0,4500.0,3,Bengaluru,Tomato,Karnataka,False,True
2024-12-07,bengaluru,,3750.0,3250.0,4250.0,2,Bengaluru,Tomato,Karnataka,False,True
2024-12-08,bengaluru,,3600.0,3000.0,4000.0,1,Bengaluru,Tomato,Karnataka,False,True
2024-12-09,bengaluru,,2250.0,1750.0,2750.0,2,Bengaluru,Tomato,Karnataka,False,True
2024-12-10,bengaluru,,2000.0,1500.0,2500.0,1,Bengaluru,Tomato,Karnataka,False,True
2024-12-11,bengaluru,,2000.0,1500.0,2500.0,0,Bengaluru,Tomato,Karnataka,False,False
2024-12-12,bengaluru,,1600.0,1000.0,2000.0,1,Bengaluru,Tomato,Karnataka,False,True
2024-12-13,bengaluru,42.0,1400.0,1000.0,1800.0,3,Bengaluru,Tomato,Karnataka,True,True
2024-12-14,bengaluru,42.0,1400.0,1000.0,1800.0,0,Bengaluru,Tomato,Karnataka,False,False
2024-12-15,bengaluru,42.0,1400.0,1000.0,1800.0,0,Bengaluru,Tomato,Karnataka,False,False
2024-12-16,bengaluru,45.0,1350.0,1000.0,1600.0,2,Bengaluru,Tomato,Karnataka,True,True
2024-12-17,bengaluru,40.0,1400.0,1000.0,1600.0,1,Bengaluru,Tomato,Karnataka,True,True
2024-12-18,bengaluru,40.0,1400.0,1000.0,1600.0,1,Bengaluru,Tomato,Karnataka,True,True
2024-12-19,bengaluru,42.0,1850.0,1500.0,2050.0,2,Bengaluru,Tomato,Karnataka,True,True
2024-12-20,bengaluru,38.0,1400.0,1000.0,1650.0,4,Bengaluru,Tomato,Karnataka,True,True
2024-12-21,bengaluru,40.0,1500.0,1000.0,1800.0,1,Bengaluru,Tomato,Karnataka,True,True
2024-12-22,bengaluru,40.0,1600.0,1000.0,2000.0,1,Bengaluru,Tomato,Karnataka,False,True
2024-12-23,bengaluru,40.0,1900.0,1600.0,2300.0,2,Bengaluru,Tomato,Karnataka,True,True
2024-12-24,bengaluru,36.0,1850.0,1600.0,2300.0,2,Bengaluru,Tomato,Karnataka,True,True
2024-12-25,bengaluru,36.0,1500.0,1000.0,1800.0,1,Bengaluru,Tomato,Karnataka,False,True
2024-12-26,bengaluru,36.0,1500.0,1000.0,1700.0,1,Bengaluru,Tomato,Karnataka,False,True
2024-12-27,bengaluru,,1500.0,1000.0,1800.0,2,Bengaluru,Tomato,Karnataka,False,True
2024-12-28,bengaluru,,1500.0,1200.0,1750.0,1,Bengaluru,Tomato,Karnataka,False,True
2024-12-29,bengaluru,,1500.0,1200.0,1750.0,0,Bengaluru,Tomato,Karnataka,False,False
2024-12-30,bengaluru,,1400.0,1000.0,1600.0,3,Bengaluru,Tomato,Karnataka,False,True
2024-12-31,bengaluru,,1000.0,800.0,1400.0,1,Bengaluru,Tomato,Karnataka,False,True
2025-01-01,bengaluru,43.0,1300.0,1000.0,1500.0,3,Bengaluru,Tomato,Karnataka,True,True
2025-01-02,bengaluru,45.0,1200.0,800.0,1600.0,3,Bengaluru,Tomato,Karnataka,True,True
2025-01-03,bengaluru,41.0,1200.0,1000.0,1450.0,2,Bengaluru,Tomato,Karnataka,True,True
2025-01-04,bengaluru,41.0,1000.0,800.0,1300.0,1,Bengaluru,Tomato,Karnataka,True,True
2025-01-05,bengaluru,41.0,1000.0,800.0,1300.0,1,Bengaluru,Tomato,Karnataka,False,True
2025-01-06,bengaluru,40.0,1300.0,1050.0,1600.0,2,Bengaluru,Tomato,Karnataka,True,True
2025-01-07,bengaluru,42.0,1300.0,1050.0,1575.0,2,Bengaluru,Tomato,Karnataka,True,True
2025-01-08,bengaluru,46.0,1300.0,1000.0,1600.0,2,Bengaluru,Tomato,Karnataka,True,True
2025-01-09,bengaluru,38.0,1350.0,1000.0,1550.0,2,Bengaluru,Tomato,Karnataka,True,True
2025-01-10,bengaluru,45.0,1400.0,1000.0,1600.0,1,Bengaluru,Tomato,Karnataka,True,True
2025-01-11,bengaluru,45.0,1200.0,1000.0,1400.0,1,Bengaluru,Tomato,Karnataka,False,True
2025-01-12,bengaluru,45.0,1500.0,1000.0,1700.0,1,Bengaluru,Tomato,Karnataka,False,True
2025-01-13,bengaluru,44.0,1100.0,900.0,1400.0,3,Bengaluru,Tomato,Karnataka,True,True
2025-01-14,bengaluru,44.0,1300.0,1000.0,1600.0,1,Bengaluru,Tomato,Karnataka,False,True
2025-01-15,bengaluru,33.0,1150.0,1000.0,1350.0,2,Bengaluru,Tomato,Karnataka,True,True
2025-01-16,bengaluru,34.0,1400.0,1000.0,1700.0,3,Bengaluru,Tomato,Karnataka,True,True
2025-01-17,bengaluru,40.0,1300.0,1200.0,1400.0,2,Bengaluru,Tomato,Karnataka,True,True
2025-01-18,bengaluru,41.0,1300.0,1200.0,1400.0,0,Bengaluru,Tomato,Karnataka,True,False
2025-01-19,bengaluru,41.0,1000.0,800.0,1300.0,1,Bengaluru,Tomato,Karnataka,False,True
2025-01-20,bengaluru,39.0,1500.0,1200.0,1700.0,1,Bengaluru,Tomato,Karnataka,True,True
2025-01-21,bengaluru,47.0,1100.0,1000.0,1200.0,2,Bengaluru,Tomato,Karnataka,True,True
2025-01-22,bengaluru,44.0,1200.0,1000.0,1400.0,1,Bengaluru,Tomato,Karnataka,True,True
2025-01-23,bengaluru,39.0,1200.0,800.0,1500.0,1,Bengaluru,Tomato,Karnataka,True,True
2025-01-24,bengaluru,40.0,1300.0,1000.0,1500.0,3,Bengaluru,Tomato,Karnataka,True,True
2025-01-25,bengaluru,40.0,1500.0,1200.0,1800.0,2,Bengaluru,Tomato,Karnataka,False,True
2025-01-26,bengaluru,40.0,1500.0,1200.0,1800.0,0,Bengaluru,Tomato,Karnataka,False,False
2025-01-27,bengaluru,43.0,1250.0,1000.0,1500.0,4,Bengaluru,Tomato,Karnataka,True,True
2025-01-28,bengaluru,41.0,1250.0,1000.0,1550.0,2,Bengaluru,Tomato,Karnataka,True,True
2025-01-29,bengaluru,44.0,1250.0,1000.0,1500.0,2,Bengaluru,Tomato,Karnataka,True,True
2025-01-30,bengaluru,41.0,1350.0,1100.0,1500.0,2,Bengaluru,Tomato,Karnataka,True,True
2025-01-31,bengaluru,42.0,1700.0,1350.0,2000.0,4,Bengaluru,Tomato,Karnataka,True,True
2025-02-01,bengaluru,45.0,1600.0,1400.0,1800.0,3,Bengaluru,Tomato,Karnataka,True,True
2025-02-02,bengaluru,45.0,1400.0,1000.0,1800.0,1,Bengaluru,Tomato,Karnataka,False,True
2025-02-03,bengaluru,42.0,1100.0,1000.0,1200.0,1,Bengaluru,Tomato,Karnataka,True,True
2025-02-04,bengaluru,49.0,1400.0,1200.0,1600.0,2,Bengaluru,Tomato,Karnataka,True,True
2025-02-05,bengaluru,44.0,1400.0,1000.0,1800.0,3,Bengaluru,Tomato,Karnataka,True,True
2025-02-06,bengaluru,42.0,1450.0,1200.0,1700.0,2,Bengaluru,Tomato,Karnataka,True,True
2025-02-07,bengaluru,40.0,1450.0,1200.0,1700.0,2,Bengaluru,Tomato,Karnataka,True,True
2025-02-08,bengaluru,40.0,1500.0,1000.0,1750.0,1,Bengaluru,Tomato,Karnataka,False,True
2025-02-09,bengaluru,40.0,1500.0,1000.0,1750.0,0,Bengaluru,Tomato,Karnataka,False,False
2025-02-10,bengaluru,34.0,1600.0,1200.0,1800.0,2,Bengaluru,Tomato,Karnataka,True,True
2025-02-11,bengaluru,43.0,1600.0,1200.0,1800.0,1,Bengaluru,Tomato,Karnataka,True,True
2025-02-12,bengaluru,50.0,1400.0,1000.0,1800.0,3,Bengaluru,Tomato,Karnataka,True,True
2025-02-13,bengaluru,50.0,1525.0,1250.0,1700.0,2,Bengaluru,Tomato,Karnataka,True,True
2025-02-14,bengaluru,41.0,1200.0,1000.0,1500.0,2,Bengaluru,Tomato,Karnataka,True,True
2025-02-15,bengaluru,39.0,1200.0,1000.0,1400.0,3,Bengaluru,Tomato,Karnataka,True,True
2025-02-16,bengaluru,39.0,1500.0,1300.0,1800.0,1,Bengaluru,Tomato,Karnataka,False,True
2025-02-17,bengaluru,40.0,1400.0,1000.0,1600.0,3,Bengaluru,Tomato,Karnataka,True,True
2025-02-18,bengaluru,43.0,2200.0,1800.0,2450.0,4,Bengaluru,Tomato,Karnataka,True,True
2025-02-19,bengaluru,41.0,1300.0,1000.0,1500.0,3,Bengaluru,Tomato,Karnataka,True,True
2025-02-20,bengaluru,42.0,1000.0,800.0,1500.0,3,Bengaluru,Tomato,Karnataka,True,True
2025-02-21,bengaluru,44.0,1000.0,800.0,1300.0,1,Bengaluru,Tomato,Karnataka,True,True
2025-02-22,bengaluru,44.0,1000.0,800.0,1300.0,1,Bengaluru,Tomato,Karnataka,False,True
2025-02-23,bengaluru,44.0,1000.0,800.0,1300.0,0,Bengaluru,Tomato,Karnataka,False,False
2025-02-24,bengaluru,42.0,1050.0,900.0,1225.0,2,Bengaluru,Tomato,Karnataka,True,True
2025-02-25,bengaluru,45.0,1100.0,1000.0,1200.0,1,Bengaluru,Tomato,Karnataka,True,True
2025-02-26,bengaluru,45.0,1000.0,800.0,1200.0,1,Bengaluru,Tomato,Karnataka,False,True
2025-02-27,bengaluru,40.0,850.0,750.0,950.0,2,Bengaluru,Tomato,Karnataka,True,True
2025-02-28,bengaluru,34.0,800.0,600.0,1000.0,3,Bengaluru,Tomato,Karnataka,True,True
2025-03-01,bengaluru,42.0,950.0,800.0,1100.0,2,Bengaluru,Tomato,Karnataka,True,True
2025-03-02,bengaluru,42.0,800.0,600.0,1000.0,1,Bengaluru,Tomato,Karnataka,False,True
2025-03-03,bengaluru,38.0,850.0,650.0,1000.0,2,Bengaluru,Tomato,Karnataka,True,True
2025-03-04,bengaluru,44.0,900.0,800.0,1000.0,1,Bengaluru,Tomato,Karnataka,True,True
2025-03-05,bengaluru,44.0,1100.0,900.0,1200.0,1,Bengaluru,Tomato,Karnataka,True,True
2025-03-06,bengaluru,44.0,1100.0,900.0,1200.0,0,Bengaluru,Tomato,Karnataka,False,False
2025-03-07,bengaluru,44.0,1200.0,1000.0,1400.0,1,Bengaluru,Tomato,Karnataka,False,True
2025-03-08,bengaluru,,1200.0,1000.0,1400.0,0,Bengaluru,Tomato,Karnataka,False,False
2025-03-09,bengaluru,,1200.0,1000.0,1400.0,0,Bengaluru,Tomato,Karnataka,False,False
2025-03-10,bengaluru,,1100.0,1000.0,1200.0,1,Bengaluru,Tomato,Karnataka,False,True
2025-03-11,bengaluru,,950.0,800.0,1100.0,2,Bengaluru,Tomato,Karnataka,False,True
2025-03-12,bengaluru,47.0,800.0,700.0,950.0,2,Bengaluru,Tomato,Karnataka,True,True
2025-03-13,bengaluru,40.0,850.0,750.0,950.0,2,Bengaluru,Tomato,Karnataka,True,True
2025-03-14,bengaluru,41.0,900.0,800.0,1000.0,2,Bengaluru,Tomato,Karnataka,True,True
2025-03-15,bengaluru,38.0,900.0,800.0,1000.0,2,Bengaluru,Tomato,Karnataka,True,True
2025-03-16,bengaluru,38.0,500.0,400.0,600.0,1,Bengaluru,Tomato,Karnataka,False,True
2025-03-17,bengaluru,43.0,1100.0,950.0,1250.0,2,Bengaluru,Tomato,Karnataka,True,True
2025-03-18,bengaluru,39.0,1000.0,850.0,1150.0,2,Bengaluru,Tomato,Karnataka,True,True
2025-03-19,bengaluru,39.0,1050.0,900.0,1200.0,2,Bengaluru,Tomato,Karnataka,True,True
2025-03-20,bengaluru,42.0,1050.0,850.0,1200.0,2,Bengaluru,Tomato,Karnataka,True,True
2025-03-21,bengaluru,43.0,600.0,400.0,800.0,1,Bengaluru,Tomato,Karnataka,True,True
2025-03-22,bengaluru,43.0,500.0,400.0,600.0,1,Bengaluru,Tomato,Karnataka,False,True
2025-03-23,bengaluru,43.0,500.0,400.0,600.0,1,Bengaluru,Tomato,Karnataka,False,True
2025-03-24,bengaluru,40.0,1200.0,1000.0,1400.0,2,Bengaluru,Tomato,Karnataka,True,True
2025-03-25,bengaluru,38.0,925.0,750.0,1100.0,2,Bengaluru,Tomato,Karnataka,True,True
2025-03-26,bengaluru,44.0,850.0,750.0,1000.0,2,Bengaluru,Tomato,Karnataka,True,True
2025-03-27,bengaluru,45.0,900.0,800.0,1050.0,2,Bengaluru,Tomato,Karnataka,True,True
2025-03-28,bengaluru,42.0,875.0,800.0,1000.0,2,Bengaluru,Tomato,Karnataka,True,True
2025-03-29,bengaluru,40.0,850.0,750.0,950.0,2,Bengaluru,Tomato,Karnataka,True,True
2025-03-30,bengaluru,40.0,850.0,750.0,950.0,0,Bengaluru,Tomato,Karnataka,False,False
2025-03-31,bengaluru,40.0,600.0,500.0,800.0,1,Bengaluru,Tomato,Karnataka,False,True
2025-04-01,bengaluru,,600.0,500.0,800.0,0,Bengaluru,Tomato,Karnataka,False,False
2025-04-02,bengaluru,,600.0,500.0,800.0,0,Bengaluru,Tomato,Karnataka,False,False
2025-04-03,bengaluru,,500.0,400.0,600.0,1,Bengaluru,Tomato,Karnataka,False,True
2025-04-04,bengaluru,47.0,500.0,400.0,600.0,1,Bengaluru,Tomato,Karnataka,True,True
2025-04-05,bengaluru,39.0,950.0,850.0,1100.0,2,Bengaluru,Tomato,Karnataka,True,True
2025-04-06,bengaluru,39.0,600.0,500.0,800.0,1,Bengaluru,Tomato,Karnataka,False,True
2025-04-07,bengaluru,37.0,1400.0,1300.0,1500.0,3,Bengaluru,Tomato,Karnataka,True,True
2025-04-08,bengaluru,43.0,1400.0,1300.0,1500.0,0,Bengaluru,Tomato,Karnataka,True,False
2025-04-09,bengaluru,45.0,950.0,800.0,1100.0,2,Bengaluru,Tomato,Karnataka,True,True
2025-04-10,bengaluru,45.0,800.0,600.0,1000.0,1,Bengaluru,Tomato,Karnataka,False,True
2025-04-11,bengaluru,42.0,800.0,500.0,1000.0,1,Bengaluru,Tomato,Karnataka,True,True
2025-04-12,bengaluru,42.0,800.0,500.0,1000.0,1,Bengaluru,Tomato,Karnataka,False,True
2025-04-13,bengaluru,42.0,1000.0,800.0,1300.0,1,Bengaluru,Tomato,Karnataka,False,True
2025-04-14,bengaluru,,1200.0,1000.0,1400.0,1,Bengaluru,Tomato,Karnataka,False,True
2025-04-15,bengaluru,41.0,1150.0,1000.0,1300.0,2,Bengaluru,Tomato,Karnataka,True,True
2025-04-16,bengaluru,27.0,1050.0,900.0,1200.0,2,Bengaluru,Tomato,Karnataka,True,True
2025-04-17,bengaluru,39.0,850.0,700.0,1000.0,2,Bengaluru,Tomato,Karnataka,True,True
2025-04-18,bengaluru,39.0,1000.0,800.0,1300.0,1,Bengaluru,Tomato,Karnataka,False,True
2025-04-19,bengaluru,42.0,1100.0,900.0,1300.0,2,Bengaluru,Tomato,Karnataka,True,True
2025-04-20,bengaluru,42.0,1400.0,1000.0,1600.0,1,Bengaluru,Tomato,Karnataka,False,True
2025-04-21,bengaluru,46.0,1200.0,950.0,1350.0,2,Bengaluru,Tomato,Karnataka,True,True
2025-04-22,bengaluru,43.0,1250.0,950.0,1400.0,2,Bengaluru,Tomato,Karnataka,True,True
2025-04-23,bengaluru,45.0,1150.0,850.0,1350.0,2,Bengaluru,Tomato,Karnataka,True,True
2025-04-24,bengaluru,41.0,1100.0,900.0,1200.0,2,Bengaluru,Tomato,Karnataka,True,True
2025-04-25,bengaluru,41.0,1050.0,850.0,1200.0,2,Bengaluru,Tomato,Karnataka,True,True
2025-04-26,bengaluru,41.0,1100.0,800.0,1300.0,1,Bengaluru,Tomato,Karnataka,False,True
2025-04-27,bengaluru,41.0,1100.0,800.0,1300.0,0,Bengaluru,Tomato,Karnataka,False,False
2025-04-28,bengaluru,41.0,1000.0,800.0,1300.0,1,Bengaluru,Tomato,Karnataka,True,True
2025-04-29,bengaluru,44.0,1000.0,800.0,1150.0,2,Bengaluru,Tomato,Karnataka,True,True
2025-04-30,bengaluru,44.0,1000.0,800.0,1300.0,1,Bengaluru,Tomato,Karnataka,False,True
2025-05-01,bengaluru,44.0,1000.0,800.0,1300.0,1,Bengaluru,Tomato,Karnataka,False,True
2025-05-02,bengaluru,33.0,1100.0,1000.0,1300.0,1,Bengaluru,Tomato,Karnataka,True,True
2025-05-03,bengaluru,41.0,1100.0,1000.0,1250.0,1,Bengaluru,Tomato,Karnataka,True,True
2025-05-04,bengaluru,41.0,1000.0,800.0,1300.0,1,Bengaluru,Tomato,Karnataka,False,True
2025-05-05,bengaluru,41.0,1000.0,800.0,1250.0,1,Bengaluru,Tomato,Karnataka,False,True
2025-05-06,bengaluru,,1100.0,900.0,1400.0,1,Bengaluru,Tomato,Karnataka,False,True
2025-05-07,bengaluru,,1200.0,1000.0,1500.0,1,Bengaluru,Tomato,Karnataka,False,True
2025-05-08,bengaluru,,1200.0,1000.0,1400.0,1,Bengaluru,Tomato,Karnataka,False,True
2025-05-09,bengaluru,,1000.0,800.0,1200.0,1,Bengaluru,Tomato,Karnataka,False,True
2025-05-10,bengaluru,,1000.0,800.0,1200.0,1,Bengaluru,Tomato,Karnataka,False,True
2025-05-11,bengaluru,,1000.0,800.0,1250.0,1,Bengaluru,Tomato,Karnataka,False,True
2025-05-12,bengaluru,38.0,1300.0,1050.0,1450.0,2,Bengaluru,Tomato,Karnataka,True,True
2025-05-13,bengaluru,41.0,1300.0,1150.0,1450.0,2,Bengaluru,Tomato,Karnataka,True,True
2025-05-14,bengaluru,43.0,1300.0,1050.0,1450.0,2,Bengaluru,Tomato,Karnataka,True,True
2025-05-15,bengaluru,41.0,1100.0,1000.0,1200.0,2,Bengaluru,Tomato,Karnataka,True,True
2025-05-16,bengaluru,40.0,1150.0,1000.0,1350.0,2,Bengaluru,Tomato,Karnataka,True,True
2025-05-17,bengaluru,39.0,1050.0,900.0,1250.0,2,Bengaluru,Tomato,Karnataka,True,True
2025-05-18,bengaluru,39.0,1400.0,1000.0,1600.0,1,Bengaluru,Tomato,Karnataka,False,True
2025-05-19,bengaluru,39.0,1450.0,1200.0,1600.0,2,Bengaluru,Tomato,Karnataka,True,True
2025-05-20,bengaluru,41.0,1450.0,1200.0,1600.0,2,Bengaluru,Tomato,Karnataka,True,True
2025-05-21,bengaluru,44.0,1600.0,1500.0,1700.0,2,Bengaluru,Tomato,Karnataka,True,True
2025-05-22,bengaluru,44.0,1550.0,1300.0,1700.0,2,Bengaluru,Tomato,Karnataka,True,True
2025-05-23,bengaluru,44.0,1500.0,1300.0,1650.0,2,Bengaluru,Tomato,Karnataka,True,True
2025-05-24,bengaluru,44.0,1300.0,1000.0,1500.0,1,Bengaluru,Tomato,Karnataka,False,True
2025-05-25,bengaluru,44.0,1300.0,1000.0,1500.0,0,Bengaluru,Tomato,Karnataka,False,False
2025-05-26,bengaluru,39.0,1600.0,1500.0,1700.0,2,Bengaluru,Tomato,Karnataka,True,True
2025-05-27,bengaluru,43.0,1400.0,1200.0,1600.0,2,Bengaluru,Tomato,Karnataka,True,True
2025-05-28,bengaluru,41.0,1350.0,1150.0,1500.0,2,Bengaluru,Tomato,Karnataka,True,True
2025-05-29,bengaluru,41.0,1300.0,1150.0,1500.0,2,Bengaluru,Tomato,Karnataka,True,True
2025-05-30,bengaluru,44.0,1500.0,1400.0,1600.0,2,Bengaluru,Tomato,Karnataka,True,True
2025-05-31,bengaluru,44.0,1300.0,1150.0,1475.0,2,Bengaluru,Tomato,Karnataka,True,True
2025-06-01,bengaluru,44.0,1000.0,800.0,1300.0,1,Bengaluru,Tomato,Karnataka,False,True
2025-06-02,bengaluru,39.0,1000.0,800.0,1250.0,2,Bengaluru,Tomato,Karnataka,True,True
2025-06-03,bengaluru,42.0,1500.0,1300.0,1650.0,2,Bengaluru,Tomato,Karnataka,True,True
2025-06-04,bengaluru,45.0,1550.0,1300.0,1750.0,2,Bengaluru,Tomato,Karnataka,True,True
2025-06-05,bengaluru,41.0,1700.0,1500.0,1850.0,2,Bengaluru,Tomato,Karnataka,True,True
2025-06-06,bengaluru,45.0,1500.0,1400.0,1600.0,2,Bengaluru,Tomato,Karnataka,True,True
2025-06-07,bengaluru,45.0,1700.0,1400.0,2000.0,1,Bengaluru,Tomato,Karnataka,False,True
2025-06-08,bengaluru,45.0,1800.0,1400.0,2000.0,1,Bengaluru,Tomato,Karnataka,False,True
2025-06-09,bengaluru,40.0,1600.0,1400.0,2000.0,1,Bengaluru,Tomato,Karnataka,True,True
2025-06-10,bengaluru,40.0,1800.0,1500.0,2000.0,1,Bengaluru,Tomato,Karnataka,False,True
2025-06-11,bengaluru,42.0,2000.0,1800.0,2200.0,2,Bengaluru,Tomato,Karnataka,True,True
2025-06-12,bengaluru,42.0,2250.0,1900.0,2600.0,2,Bengaluru,Tomato,Karnataka,True,True
2025-06-13,bengaluru,50.0,1800.0,1450.0,2150.0,2,Bengaluru,Tomato,Karnataka,True,True
2025-06-14,bengaluru,50.0,1800.0,1400.0,2000.0,1,Bengaluru,Tomato,Karnataka,False,True
2025-06-15,bengaluru,50.0,1700.0,1400.0,2000.0,1,Bengaluru,Tomato,Karnataka,False,True
2025-06-16,bengaluru,45.0,1700.0,1400.0,1950.0,2,Bengaluru,Tomato,Karnataka,True,True
2025-06-17,bengaluru,44.0,1400.0,1200.0,1600.0,2,Bengaluru,Tomato,Karnataka,True,True
2025-06-18,bengaluru,38.0,1550.0,1350.0,1850.0,2,Bengaluru,Tomato,Karnataka,True,True
2025-06-19,bengaluru,46.0,1300.0,1200.0,1400.0,1,Bengaluru,Tomato,Karnataka,True,True
2025-06-20,bengaluru,47.0,1600.0,1400.0,2000.0,2,Bengaluru,Tomato,Karnataka,True,True
2025-06-21,bengaluru,45.0,1650.0,1500.0,1900.0,2,Bengaluru,Tomato,Karnataka,True,True
2025-06-22,bengaluru,45.0,1800.0,1400.0,2000.0,1,Bengaluru,Tomato,Karnataka,False,True
2025-06-23,bengaluru,40.0,2000.0,1800.0,2300.0,2,Bengaluru,Tomato,Karnataka,True,True
2025-06-24,bengaluru,45.0,1700.0,1550.0,1900.0,2,Bengaluru,Tomato,Karnataka,True,True
2025-06-25,bengaluru,38.0,1900.0,1700.0,2050.0,2,Bengaluru,Tomato,Karnataka,True,True
2025-06-26,bengaluru,30.0,1900.0,1650.0,2050.0,2,Bengaluru,Tomato,Karnataka,True,True
2025-06-27,bengaluru,40.0,1500.0,1400.0,1600.0,1,Bengaluru,Tomato,Karnataka,True,True
2025-06-28,bengaluru,40.0,2000.0,1500.0,2300.0,1,Bengaluru,Tomato,Karnataka,False,True
2025-06-29,bengaluru,40.0,2000.0,1500.0,2300.0,0,Bengaluru,Tomato,Karnataka,False,False
2025-06-30,bengaluru,45.0,1850.0,1400.0,2250.0,2,Bengaluru,Tomato,Karnataka,True,True
2025-07-01,bengaluru,39.0,2150.0,1850.0,2350.0,2,Bengaluru,Tomato,Karnataka,True,True
2025-07-02,bengaluru,43.0,2600.0,2400.0,2800.0,2,Bengaluru,Tomato,Karnataka,True,True
2025-07-03,bengaluru,44.0,2700.0,2350.0,3050.0,2,Bengaluru,Tomato,Karnataka,True,True
2025-07-04,bengaluru,39.0,2200.0,1850.0,2550.0,2,Bengaluru,Tomato,Karnataka,True,True
2025-07-05,bengaluru,42.0,2400.0,2050.0,2750.0,2,Bengaluru,Tomato,Karnataka,True,True
2025-07-06,bengaluru,42.0,2800.0,2000.0,3200.0,1,Bengaluru,Tomato,Karnataka,False,True
2025-07-07,bengaluru,27.0,2600.0,2400.0,3000.0,1,Bengaluru,Tomato,Karnataka,True,True
2025-07-08,bengaluru,41.0,2550.0,2200.0,2900.0,2,Bengaluru,Tomato,Karnataka,True,True
2025-07-09,bengaluru,46.0,2550.0,2200.0,2900.0,2,Bengaluru,Tomato,Karnataka,True,True
2025-07-10,bengaluru,39.0,2500.0,2200.0,2900.0,2,Bengaluru,Tomato,Karnataka,True,True
2025-07-11,bengaluru,41.0,2300.0,2200.0,2400.0,1,Bengaluru,Tomato,Karnataka,True,True
2025-07-12,bengaluru,41.0,2000.0,1800.0,2500.0,1,Bengaluru,Tomato,Karnataka,False,True
2025-07-13,bengaluru,41.0,2000.0,1800.0,2500.0,1,Bengaluru,Tomato,Karnataka,False,True
2025-07-14,bengaluru,17.0,2100.0,1800.0,2300.0,2,Bengaluru,Tomato,Karnataka,True,True
2025-07-15,bengaluru,45.0,1850.0,1600.0,2250.0,2,Bengaluru,Tomato,Karnataka,True,True
2025-07-16,bengaluru,43.0,1850.0,1550.0,2250.0,2,Bengaluru,Tomato,Karnataka,True,True
2025-07-17,bengaluru,45.0,1900.0,1550.0,2200.0,2,Bengaluru,Tomato,Karnataka,True,True
2025-07-18,bengaluru,39.0,1800.0,1500.0,2100.0,2,Bengaluru,Tomato,Karnataka,True,True
2025-07-19,bengaluru,46.0,2100.0,1900.0,2500.0,2,Bengaluru,Tomato,Karnataka,True,True
2025-07-20,bengaluru,46.0,2200.0,1800.0,2500.0,1,Bengaluru,Tomato,Karnataka,False,True
2025-07-21,bengaluru,42.0,2350.0,2000.0,2800.0,2,Bengaluru,Tomato,Karnataka,True,True
2025-07-22,bengaluru,45.0,2850.0,2000.0,3300.0,2,Bengaluru,Tomato,Karnataka,True,True
2025-07-23,bengaluru,44.0,2850.0,2450.0,3250.0,2,Bengaluru,Tomato,Karnataka,True,True
2025-07-24,bengaluru,44.0,3000.0,2500.0,3500.0,1,Bengaluru,Tomato,Karnataka,False,True
2025-07-25,bengaluru,46.0,2500.0,2000.0,3000.0,3,Bengaluru,Tomato,Karnataka,True,True
2025-07-26,bengaluru,46.0,2500.0,2000.0,3200.0,1,Bengaluru,Tomato,Karnataka,False,True
2025-07-27,bengaluru,46.0,2500.0,2000.0,3200.0,0,Bengaluru,Tomato,Karnataka,False,False
2025-07-28,bengaluru,37.0,2500.0,2200.0,2800.0,2,Bengaluru,Tomato,Karnataka,True,True
2025-07-29,bengaluru,37.0,3000.0,2500.0,3500.0,1,Bengaluru,Tomato,Karnataka,False,True
2025-07-30,bengaluru,45.0,2850.0,2600.0,3000.0,2,Bengaluru,Tomato,Karnataka,True,True
2025-07-31,bengaluru,45.0,3000.0,2600.0,3250.0,2,Bengaluru,Tomato,Karnataka,True,True
2025-08-01,bengaluru,41.0,2750.0,2350.0,3150.0,2,Bengaluru,Tomato,Karnataka,True,True
2025-08-02,bengaluru,42.0,2650.0,2300.0,3000.0,2,Bengaluru,Tomato,Karnataka,True,True
2025-08-03,bengaluru,42.0,3000.0,2500.0,3500.0,1,Bengaluru,Tomato,Karnataka,False,True
2025-08-04,bengaluru,42.0,3200.0,2800.0,3600.0,1,Bengaluru,Tomato,Karnataka,False,True
2025-08-05,bengaluru,,3000.0,2400.0,3300.0,1,Bengaluru,Tomato,Karnataka,False,True
2025-08-06,bengaluru,35.0,2900.0,2550.0,3250.0,2,Bengaluru,Tomato,Karnataka,True,True
2025-08-07,bengaluru,42.0,2900.0,2550.0,3300.0,2,Bengaluru,Tomato,Karnataka,True,True
2025-08-08,bengaluru,65.0,2500.0,2000.0,3000.0,2,Bengaluru,Tomato,Karnataka,True,True
2025-08-09,bengaluru,65.0,2500.0,2000.0,3000.0,0,Bengaluru,Tomato,Karnataka,False,False
2025-08-10,bengaluru,65.0,2600.0,2000.0,3000.0,1,Bengaluru,Tomato,Karnataka,False,True
2025-08-11,bengaluru,105.0,3000.0,2600.0,3500.0,2,Bengaluru,Tomato,Karnataka,True,True
2025-08-12,bengaluru,58.0,2600.0,2200.0,3000.0,2,Bengaluru,Tomato,Karnataka,True,True
2025-08-13,bengaluru,57.0,3050.0,2600.0,3500.0,2,Bengaluru,Tomato,Karnataka,True,True
2025-08-14,bengaluru,57.0,3200.0,2800.0,3500.0,2,Bengaluru,Tomato,Karnataka,True,True
2025-08-15,bengaluru,57.0,2500.0,2000.0,3000.0,1,Bengaluru,Tomato,Karnataka,False,True
2025-08-16,bengaluru,57.0,2800.0,2400.0,3200.0,1,Bengaluru,Tomato,Karnataka,False,True
2025-08-17,bengaluru,,3000.0,2500.0,3300.0,1,Bengaluru,Tomato,Karnataka,False,True
2025-08-18,bengaluru,50.0,3200.0,2850.0,3550.0,2,Bengaluru,Tomato,Karnataka,True,True
2025-08-19,bengaluru,69.0,3550.0,3100.0,4000.0,2,Bengaluru,Tomato,Karnataka,True,True
2025-08-20,bengaluru,64.0,3800.0,3350.0,4250.0,2,Bengaluru,Tomato,Karnataka,True,True
2025-08-21,bengaluru,51.0,3700.0,3350.0,4050.0,2,Bengaluru,Tomato,Karnataka,True,True
2025-08-22,bengaluru,68.0,4000.0,3500.0,4600.0,1,Bengaluru,Tomato,Karnataka,True,True
2025-08-23,bengaluru,68.0,3000.0,2400.0,4000.0,1,Bengaluru,Tomato,Karnataka,False,True
2025-08-24,bengaluru,68.0,3000.0,2400.0,4000.0,0,Bengaluru,Tomato,Karnataka,False,False
2025-08-25,bengaluru,86.0,3900.0,3550.0,4350.0,2,Bengaluru,Tomato,Karnataka,True,True
2025-08-26,bengaluru,69.0,3900.0,3550.0,4200.0,2,Bengaluru,Tomato,Karnataka,True,True
2025-08-27,bengaluru,69.0,3900.0,3550.0,4200.0,0,Bengaluru,Tomato,Karnataka,False,False
2025-08-28,bengaluru,47.0,3800.0,3600.0,4200.0,1,Bengaluru,Tomato,Karnataka,True,True
2025-08-29,bengaluru,55.0,3100.0,2750.0,3500.0,2,Bengaluru,Tomato,Karnataka,True,True
2025-08-30,bengaluru,55.0,1800.0,1400.0,2000.0,1,Bengaluru,Tomato,Karnataka,False,True
2025-08-31,bengaluru,55.0,1800.0,1400.0,2000.0,0,Bengaluru,Tomato,Karnataka,False,False
2025-09-01,bengaluru,51.0,2050.0,1500.0,2400.0,2,Bengaluru,Tomato,Karnataka,True,True
2025-09-02,bengaluru,77.0,2000.0,1700.0,2350.0,2,Bengaluru,Tomato,Karnataka,True,True
2025-09-03,bengaluru,59.0,1950.0,1600.0,2250.0,2,Bengaluru,Tomato,Karnataka,True,True
2025-09-04,bengaluru,55.0,2200.0,1900.0,2450.0,2,Bengaluru,Tomato,Karnataka,True,True
2025-09-05,bengaluru,55.0,2000.0,1500.0,2200.0,1,Bengaluru,Tomato,Karnataka,False,True
2025-09-06,bengaluru,165.0,2000.0,1800.0,2250.0,2,Bengaluru,Tomato,Karnataka,True,True
2025-09-07,bengaluru,165.0,2000.0,1400.0,2200.0,1,Bengaluru,Tomato,Karnataka,False,True
2025-09-08,bengaluru,152.0,1600.0,1200.0,2000.0,2,Bengaluru,Tomato,Karnataka,True,True
2025-09-09,bengaluru,114.0,1450.0,1200.0,1600.0,2,Bengaluru,Tomato,Karnataka,True,True
2025-09-10,bengaluru,99.0,1350.0,1100.0,1600.0,2,Bengaluru,Tomato,Karnataka,True,True
2025-09-11,bengaluru,83.0,1450.0,1200.0,1600.0,2,Bengaluru,Tomato,Karnataka,True,True
2025-09-12,bengaluru,151.0,1600.0,1200.0,2000.0,1,Bengaluru,Tomato,Karnataka,True,True
2025-09-13,bengaluru,151.0,1600.0,1200.0,2000.0,1,Bengaluru,Tomato,Karnataka,False,True
2025-09-14,bengaluru,151.0,1500.0,1000.0,1800.0,1,Bengaluru,Tomato,Karnataka,False,True
2025-09-15,bengaluru,212.0,1400.0,1000.0,1800.0,1,Bengaluru,Tomato,Karnataka,True,True
2025-09-16,bengaluru,113.0,1700.0,1500.0,1900.0,2,Bengaluru,Tomato,Karnataka,True,True
2025-09-17,bengaluru,94.0,1200.0,1000.0,1500.0,3,Bengaluru,Tomato,Karnataka,True,True
2025-09-18,bengaluru,5.87,2075.0,1500.0,2650.0,2,Bengaluru,Tomato,Karnataka,True,True
2025-09-19,bengaluru,7.19,1400.0,1000.0,1600.0,3,Bengaluru,Tomato,Karnataka,True,True
2025-09-20,bengaluru,7.04,1400.0,1200.0,1600.0,3,Bengaluru,Tomato,Karnataka,True,True
2025-09-21,bengaluru,7.04,2000.0,1500.0,2500.0,1,Bengaluru,Tomato,Karnataka,False,True
2025-09-22,bengaluru,9.32,2400.0,1500.0,3000.0,1,Bengaluru,Tomato,Karnataka,True,True
2025-09-23,bengaluru,10.95,1600.0,1500.0,1700.0,1,Bengaluru,Tomato,Karnataka,True,True
2025-09-24,bengaluru,8.61,1600.0,1000.0,2000.0,3,Bengaluru,Tomato,Karnataka,True,True
2025-09-25,bengaluru,6.71,1300.0,1000.0,1750.0,3,Bengaluru,Tomato,Karnataka,True,True
2025-09-26,bengaluru,6.74,1100.0,1000.0,1500.0,3,Bengaluru,Tomato,Karnataka,True,True
2025-09-27,bengaluru,6.74,1600.0,1000.0,2000.0,1,Bengaluru,Tomato,Karnataka,False,True
2025-09-28,bengaluru,6.74,1600.0,1000.0,2000.0,0,Bengaluru,Tomato,Karnataka,False,False
2025-09-29,bengaluru,15.52,2050.0,1600.0,2300.0,2,Bengaluru,Tomato,Karnataka,True,True
2025-09-30,bengaluru,5.6,2100.0,1700.0,2400.0,2,Bengaluru,Tomato,Karnataka,True,True
2025-10-01,bengaluru,5.6,1200.0,800.0,1600.0,1,Bengaluru,Tomato,Karnataka,False,True
2025-10-02,bengaluru,5.6,1000.0,800.0,1250.0,1,Bengaluru,Tomato,Karnataka,False,True
2025-10-03,bengaluru,9.88,1400.0,1000.0,1600.0,3,Bengaluru,Tomato,Karnataka,True,True
2025-10-04,bengaluru,4.12,1500.0,1000.0,1800.0,3,Bengaluru,Tomato,Karnataka,True,True
2025-10-05,bengaluru,4.12,1400.0,1000.0,1600.0,1,Bengaluru,Tomato,Karnataka,False,True
2025-10-06,bengaluru,4.73,1500.0,1000.0,1750.0,3,Bengaluru,Tomato,Karnataka,True,True
2025-10-07,bengaluru,4.73,1275.0,850.0,1725.0,2,Bengaluru,Tomato,Karnataka,False,True
2025-10-08,bengaluru,7.74,1600.0,1000.0,1700.0,3,Bengaluru,Tomato,Karnataka,True,True
2025-10-09,bengaluru,5.94,1500.0,1200.0,1700.0,3,Bengaluru,Tomato,Karnataka,True,True
2025-10-10,bengaluru,5.94,1400.0,1000.0,1700.0,1,Bengaluru,Tomato,Karnataka,False,True
2025-10-11,bengaluru,5.94,1400.0,1000.0,1700.0,0,Bengaluru,Tomato,Karnataka,False,False
2025-10-12,bengaluru,,1500.0,1200.0,2000.0,1,Bengaluru,Tomato,Karnataka,False,True
2025-10-13,bengaluru,9.98,1500.0,1000.0,1800.0,3,Bengaluru,Tomato,Karnataka,True,True
2025-10-14,bengaluru,5.74,1500.0,1400.0,1600.0,2,Bengaluru,Tomato,Karnataka,True,True
2025-10-15,bengaluru,4.34,1600.0,1200.0,2000.0,3,Bengaluru,Tomato,Karnataka,True,True
2025-10-16,bengaluru,4.28,1175.0,850.0,1625.0,3,Bengaluru,Tomato,Karnataka,True,True
2025-10-17,bengaluru,6.14,1250.0,800.0,1500.0,3,Bengaluru,Tomato,Karnataka,True,True
2025-10-18,bengaluru,5.43,1200.0,1000.0,1500.0,3,Bengaluru,Tomato,Karnataka,True,True
2025-10-19,bengaluru,5.43,1400.0,1000.0,1600.0,1,Bengaluru,Tomato,Karnataka,False,True
2025-10-20,bengaluru,5.43,1500.0,1200.0,1800.0,1,Bengaluru,Tomato,Karnataka,False,True
2025-10-21,bengaluru,2.73,1450.0,1200.0,1600.0,2,Bengaluru,Tomato,Karnataka,True,True
2025-10-22,bengaluru,2.73,1050.0,775.0,1475.0,2,Bengaluru,Tomato,Karnataka,False,True
2025-10-23,bengaluru,5.44,1500.0,1200.0,1800.0,3,Bengaluru,Tomato,Karnataka,True,True
2025-10-24,bengaluru,5.61,1700.0,1400.0,2000.0,3,Bengaluru,Tomato,Karnataka,True,True
2025-10-25,bengaluru,5.61,1700.0,1400.0,2000.0,0,Bengaluru,Tomato,Karnataka,False,False
2025-10-26,bengaluru,5.61,1700.0,1400.0,2000.0,0,Bengaluru,Tomato,Karnataka,False,False
2025-10-27,bengaluru,10.33,2000.0,1500.0,2200.0,3,Bengaluru,Tomato,Karnataka,True,True
2025-10-28,bengaluru,5.17,2000.0,1500.0,2500.0,3,Bengaluru,Tomato,Karnataka,True,True
2025-10-29,bengaluru,5.37,1800.0,1425.0,2025.0,2,Bengaluru,Tomato,Karnataka,True,True
2025-10-30,bengaluru,5.2,1600.0,1200.0,2000.0,3,Bengaluru,Tomato,Karnataka,True,True
2025-10-31,bengaluru,4.87,1375.0,975.0,1750.0,3,Bengaluru,Tomato,Karnataka,True,True
2025-11-01,bengaluru,4.87,1475.0,1050.0,1775.0,4,Bengaluru,Tomato,Karnataka,False,True
2025-11-02,bengaluru,4.87,1800.0,1200.0,2000.0,2,Bengaluru,Tomato,Karnataka,False,True
2025-11-03,bengaluru,,2000.0,1500.0,2500.0,3,Bengaluru,Tomato,Karnataka,False,True
2025-11-04,bengaluru,,2400.0,1800.0,2700.0,2,Bengaluru,Tomato,Karnataka,False,True
2025-11-05,bengaluru,,2000.0,1600.0,2500.0,1,Bengaluru,Tomato,Karnataka,False,True
2025-11-06,bengaluru,47.3,1800.0,1500.0,2250.0,3,Bengaluru,Tomato,Karnataka,True,True
2025-11-07,bengaluru,41.3,1800.0,1500.0,2000.0,1,Bengaluru,Tomato,Karnataka,True,True
2025-11-08,bengaluru,41.3,1600.0,1200.0,2000.0,1,Bengaluru,Tomato,Karnataka,False,True
2025-11-09,bengaluru,41.3,1800.0,1200.0,2200.0,1,Bengaluru,Tomato,Karnataka,False,True
2025-11-10,bengaluru,,2000.0,1600.0,2500.0,1,Bengaluru,Tomato,Karnataka,False,True
2025-11-11,bengaluru,92.1,2000.0,1700.0,2350.0,2,Bengaluru,Tomato,Karnataka,True,True
2025-11-12,bengaluru,92.1,2200.0,1500.0,2500.0,1,Bengaluru,Tomato,Karnataka,False,True
2025-11-13,bengaluru,92.1,2200.0,1500.0,2500.0,0,Bengaluru,Tomato,Karnataka,False,False
2025-11-14,bengaluru,,2600.0,2000.0,3000.0,1,Bengaluru,Tomato,Karnataka,False,True
2025-11-15,bengaluru,116.3,3600.0,3000.0,4000.0,2,Bengaluru,Tomato,Karnataka,True,True
2025-11-16,bengaluru,116.3,3600.0,3000.0,4000.0,1,Bengaluru,Tomato,Karnataka,False,True
2025-11-17,bengaluru,116.3,3200.0,2500.0,3500.0,1,Bengaluru,Tomato,Karnataka,False,True
2025-11-18,bengaluru,,3250.0,2375.0,3750.0,2,Bengaluru,Tomato,Karnataka,False,True
2025-11-19,bengaluru,,3300.0,2375.0,3750.0,2,Bengaluru,Tomato,Karnataka,False,True
2025-11-20,bengaluru,46.4,3250.0,2500.0,3750.0,3,Bengaluru,Tomato,Karnataka,True,True
2025-11-21,bengaluru,46.4,3875.0,2750.0,4550.0,2,Bengaluru,Tomato,Karnataka,False,True
2025-11-22,bengaluru,46.4,4500.0,4000.0,5000.0,1,Bengaluru,Tomato,Karnataka,False,True
2025-11-23,bengaluru,,4500.0,4000.0,5000.0,0,Bengaluru,Tomato,Karnataka,False,False
2025-11-24,bengaluru,89.3,5350.0,5000.0,5700.0,2,Bengaluru,Tomato,Karnataka,True,True
2025-11-25,bengaluru,89.3,5750.0,5250.0,6350.0,2,Bengaluru,Tomato,Karnataka,False,True
2025-11-26,bengaluru,41.7,5350.0,5000.0,5700.0,2,Bengaluru,Tomato,Karnataka,True,True
2025-11-27,bengaluru,42.2,4500.0,4000.0,5000.0,2,Bengaluru,Tomato,Karnataka,True,True
2025-11-28,bengaluru,43.0,3500.0,2650.0,3975.0,2,Bengaluru,Tomato,Karnataka,True,True
2025-11-29,bengaluru,43.0,3500.0,3000.0,4000.0,1,Bengaluru,Tomato,Karnataka,False,True
2025-11-30,bengaluru,43.0,3500.0,3000.0,4000.0,0,Bengaluru,Tomato,Karnataka,False,False
2025-12-01,bengaluru,,3250.0,2500.0,3650.0,2,Bengaluru,Tomato,Karnataka,False,True
2025-12-02,bengaluru,47.5,3800.0,3000.0,4250.0,3,Bengaluru,Tomato,Karnataka,True,True
2025-12-03,bengaluru,42.7,3500.0,3000.0,4200.0,2,Bengaluru,Tomato,Karnataka,True,True
2025-12-04,bengaluru,50.1,4000.0,3500.0,4500.0,2,Bengaluru,Tomato,Karnataka,True,True
2025-12-05,bengaluru,44.5,3750.0,3250.0,4250.0,2,Bengaluru,Tomato,Karnataka,True,True
2025-12-06,bengaluru,44.5,3300.0,2700.0,3750.0,2,Bengaluru,Tomato,Karnataka,False,True
2025-12-07,bengaluru,44.5,2500.0,2000.0,3000.0,1,Bengaluru,Tomato,Karnataka,False,True
2025-12-08,bengaluru,,2750.0,2250.0,3250.0,2,Bengaluru,Tomato,Karnataka,False,True
2025-12-09,bengaluru,,3000.0,2000.0,3500.0,1,Bengaluru,Tomato,Karnataka,False,True
2025-12-10,bengaluru,,2500.0,2000.0,3000.0,1,Bengaluru,Tomato,Karnataka,False,True
2025-12-11,bengaluru,,2350.0,1750.0,3000.0,2,Bengaluru,Tomato,Karnataka,False,True
2025-12-12,bengaluru,,2750.0,2000.0,3150.0,2,Bengaluru,Tomato,Karnataka,False,True
2025-12-13,bengaluru,,3000.0,2000.0,3500.0,1,Bengaluru,Tomato,Karnataka,False,True
2025-12-14,bengaluru,,4000.0,3000.0,4500.0,1,Bengaluru,Tomato,Karnataka,False,True
2025-12-15,bengaluru,84.2,3400.0,3000.0,3500.0,3,Bengaluru,Tomato,Karnataka,True,True
2025-12-16,bengaluru,43.0,5000.0,4000.0,5500.0,2,Bengaluru,Tomato,Karnataka,True,True
2025-12-17,bengaluru,40.9,4000.0,3000.0,5000.0,3,Bengaluru,Tomato,Karnataka,True,True
2025-12-18,bengaluru,43.3,3950.0,3000.0,4250.0,4,Bengaluru,Tomato,Karnataka,True,True
2025-12-19,bengaluru,40.0,3600.0,3200.0,4000.0,2,Bengaluru,Tomato,Karnataka,True,True
2025-12-20,bengaluru,48.6,4000.0,3000.0,5000.0,1,Bengaluru,Tomato,Karnataka,True,True
2025-12-21,bengaluru,48.6,5000.0,4000.0,5500.0,1,Bengaluru,Tomato,Karnataka,False,True
2025-12-22,bengaluru,41.3,4300.0,3000.0,5000.0,4,Bengaluru,Tomato,Karnataka,True,True
2025-12-23,bengaluru,44.0,2600.0,2000.0,3000.0,2,Bengaluru,Tomato,Karnataka,True,True
2025-12-24,bengaluru,47.6,3700.0,3300.0,3900.0,3,Bengaluru,Tomato,Karnataka,True,True
2025-12-25,bengaluru,47.6,3700.0,3300.0,3900.0,0,Bengaluru,Tomato,Karnataka,False,False
2025-12-26,bengaluru,89.4,3800.0,3500.0,4000.0,3,Bengaluru,Tomato,Karnataka,True,True
2025-12-27,bengaluru,89.4,6000.0,5000.0,6500.0,1,Bengaluru,Tomato,Karnataka,False,True
2025-12-28,bengaluru,89.4,6000.0,5000.0,6500.0,0,Bengaluru,Tomato,Karnataka,False,False
2025-12-29,bengaluru,80.8,3700.0,3400.0,5000.0,3,Bengaluru,Tomato,Karnataka,True,True
2025-12-30,bengaluru,45.0,4000.0,3000.0,5000.0,1,Bengaluru,Tomato,Karnataka,True,True
2025-12-31,bengaluru,39.3,4600.0,4250.0,5000.0,2,Bengaluru,Tomato,Karnataka,True,True
2026-01-01,bengaluru,36.3,4150.0,3500.0,4750.0,2,Bengaluru,Tomato,Karnataka,True,True
2026-01-02,bengaluru,32.2,4650.0,4250.0,5000.0,2,Bengaluru,Tomato,Karnataka,True,True
2026-01-03,bengaluru,32.2,4250.0,3500.0,5000.0,2,Bengaluru,Tomato,Karnataka,False,True
2026-01-04,bengaluru,32.2,3500.0,3000.0,4000.0,1,Bengaluru,Tomato,Karnataka,False,True
2026-01-05,bengaluru,,3250.0,2750.0,3750.0,2,Bengaluru,Tomato,Karnataka,False,True
2026-01-06,bengaluru,48.0,3000.0,2500.0,3500.0,3,Bengaluru,Tomato,Karnataka,True,True
2026-01-07,bengaluru,44.2,3000.0,2500.0,3500.0,2,Bengaluru,Tomato,Karnataka,True,True
2026-01-08,bengaluru,42.7,3000.0,2500.0,3500.0,3,Bengaluru,Tomato,Karnataka,True,True
2026-01-09,bengaluru,46.6,2950.0,2650.0,3250.0,2,Bengaluru,Tomato,Karnataka,True,True
2026-01-10,bengaluru,46.6,2950.0,2650.0,3250.0,0,Bengaluru,Tomato,Karnataka,False,False
2026-01-11,bengaluru,46.6,2000.0,1400.0,2500.0,1,Bengaluru,Tomato,Karnataka,False,True
2026-01-12,bengaluru,88.2,3000.0,2500.0,3500.0,1,Bengaluru,Tomato,Karnataka,True,True
2026-01-13,bengaluru,42.5,2000.0,1500.0,2500.0,1,Bengaluru,Tomato,Karnataka,True,True
2026-01-14,bengaluru,46.1,2600.0,2000.0,3500.0,3,Bengaluru,Tomato,Karnataka,True,True
2026-01-15,bengaluru,46.1,2600.0,2000.0,3500.0,0,Bengaluru,Tomato,Karnataka,False,False
2026-01-16,bengaluru,46.8,2000.0,1500.0,2200.0,3,Bengaluru,Tomato,Karnataka,True,True
2026-01-17,bengaluru,38.0,1800.0,1350.0,2100.0,4,Bengaluru,Tomato,Karnataka,True,True
2026-01-18,bengaluru,38.0,1500.0,1200.0,2000.0,1,Bengaluru,Tomato,Karnataka,False,True
2026-01-19,bengaluru,49.8,1500.0,1000.0,2000.0,3,Bengaluru,Tomato,Karnataka,True,True
2026-01-20,bengaluru,49.8,1500.0,1000.0,1800.0,2,Bengaluru,Tomato,Karnataka,False,True
2026-01-21,bengaluru,49.8,1600.0,1200.0,2000.0,1,Bengaluru,Tomato,Karnataka,False,True
2026-01-22,bengaluru,37.6,2000.0,1500.0,2500.0,3,Bengaluru,Tomato,Karnataka,True,True
2026-01-23,bengaluru,48.3,2300.0,1600.0,2500.0,3,Bengaluru,Tomato,Karnataka,True,True
2026-01-24,bengaluru,48.3,2500.0,2000.0,3000.0,1,Bengaluru,Tomato,Karnataka,False,True
2026-01-25,bengaluru,48.3,2500.0,2000.0,3000.0,0,Bengaluru,Tomato,Karnataka,False,False
2026-01-26,bengaluru,,2125.0,1375.0,2625.0,2,Bengaluru,Tomato,Karnataka,False,True
2026-01-27,bengaluru,128.2,1750.0,1000.0,2250.0,3,Bengaluru,Tomato,Karnataka,True,True
2026-01-28,bengaluru,49.6,1500.0,1000.0,2000.0,1,Bengaluru,Tomato,Karnataka,True,True
2026-01-29,bengaluru,46.2,1750.0,1400.0,2050.0,2,Bengaluru,Tomato,Karnataka,True,True
2026-01-30,bengaluru,49.7,1250.0,800.0,1750.0,3,Bengaluru,Tomato,Karnataka,True,True
2026-01-31,bengaluru,39.8,1000.0,650.0,1500.0,3,Bengaluru,Tomato,Karnataka,True,True
2026-02-01,bengaluru,39.8,1000.0,800.0,1300.0,1,Bengaluru,Tomato,Karnataka,False,True
2026-02-02,bengaluru,50.5,1500.0,1000.0,1800.0,3,Bengaluru,Tomato,Karnataka,True,True
2026-02-03,bengaluru,46.2,1500.0,875.0,2000.0,2,Bengaluru,Tomato,Karnataka,True,True
2026-02-04,bengaluru,39.7,1250.0,1000.0,1750.0,3,Bengaluru,Tomato,Karnataka,True,True
2026-02-05,bengaluru,42.1,1500.0,1200.0,1750.0,2,Bengaluru,Tomato,Karnataka,True,True
2026-02-06,bengaluru,41.6,1700.0,1500.0,2000.0,2,Bengaluru,Tomato,Karnataka,True,True
2026-02-07,bengaluru,42.2,1550.0,1250.0,1800.0,2,Bengaluru,Tomato,Karnataka,True,True
2026-02-08,bengaluru,42.2,1250.0,800.0,1500.0,1,Bengaluru,Tomato,Karnataka,False,True
2026-02-09,bengaluru,45.3,1300.0,800.0,1600.0,3,Bengaluru,Tomato,Karnataka,True,True
2026-02-10,bengaluru,43.7,1525.0,1150.0,1750.0,2,Bengaluru,Tomato,Karnataka,True,True
2026-02-11,bengaluru,30.5,1400.0,1150.0,1700.0,2,Bengaluru,Tomato,Karnataka,True,True
2026-02-12,bengaluru,42.3,1000.0,800.0,1300.0,3,Bengaluru,Tomato,Karnataka,True,True
2026-02-13,bengaluru,43.4,1500.0,1400.0,1600.0,2,Bengaluru,Tomato,Karnataka,True,True
2026-02-14,bengaluru,43.4,1200.0,1000.0,1600.0,1,Bengaluru,Tomato,Karnataka,False,True
2026-02-15,bengaluru,43.4,1250.0,1000.0,1600.0,1,Bengaluru,Tomato,Karnataka,False,True
2026-02-16,bengaluru,75.3,1500.0,1200.0,1700.0,3,Bengaluru,Tomato,Karnataka,True,True
2026-02-17,bengaluru,36.9,1800.0,1500.0,2000.0,3,Bengaluru,Tomato,Karnataka,True,True
2026-02-18,bengaluru,46.3,1650.0,1250.0,1900.0,4,Bengaluru,Tomato,Karnataka,True,True
2026-02-19,bengaluru,41.2,1400.0,1000.0,1800.0,2,Bengaluru,Tomato,Karnataka,True,True
2026-02-20,bengaluru,45.6,1000.0,800.0,1500.0,5,Bengaluru,Tomato,Karnataka,True,True
2026-02-21,bengaluru,42.9,1000.0,800.0,1300.0,1,Bengaluru,Tomato,Karnataka,True,True
2026-02-22,bengaluru,42.9,1000.0,800.0,1300.0,0,Bengaluru,Tomato,Karnataka,False,False
2026-02-23,bengaluru,44.6,1000.0,800.0,1250.0,4,Bengaluru,Tomato,Karnataka,True,True
2026-02-24,bengaluru,45.8,1300.0,1000.0,1600.0,4,Bengaluru,Tomato,Karnataka,True,True
2026-02-25,bengaluru,44.0,1050.0,800.0,1300.0,4,Bengaluru,Tomato,Karnataka,True,True
2026-02-26,bengaluru,42.2,625.0,400.0,900.0,5,Bengaluru,Tomato,Karnataka,True,True
2026-02-27,bengaluru,44.0,650.0,400.0,1000.0,5,Bengaluru,Tomato,Karnataka,True,True
2026-02-28,bengaluru,44.0,675.0,450.0,900.0,3,Bengaluru,Tomato,Karnataka,False,True
2026-03-01,bengaluru,44.0,800.0,500.0,1000.0,1,Bengaluru,Tomato,Karnataka,False,True
2026-03-02,bengaluru,38.7,1100.0,1000.0,1200.0,4,Bengaluru,Tomato,Karnataka,True,True
2026-03-03,bengaluru,46.8,750.0,400.0,1000.0,5,Bengaluru,Tomato,Karnataka,True,True
2026-03-04,bengaluru,39.1,700.0,500.0,1000.0,5,Bengaluru,Tomato,Karnataka,True,True
2026-03-05,bengaluru,42.6,700.0,500.0,1000.0,3,Bengaluru,Tomato,Karnataka,True,True
2026-03-06,bengaluru,43.3,600.0,500.0,850.0,4,Bengaluru,Tomato,Karnataka,True,True
2026-03-07,bengaluru,45.0,800.0,600.0,1000.0,4,Bengaluru,Tomato,Karnataka,True,True
2026-03-08,bengaluru,45.0,800.0,600.0,1000.0,1,Bengaluru,Tomato,Karnataka,False,True
2026-03-09,bengaluru,39.1,1000.0,800.0,1300.0,5,Bengaluru,Tomato,Karnataka,True,True
2026-03-10,bengaluru,39.2,1000.0,800.0,1200.0,5,Bengaluru,Tomato,Karnataka,True,True
2026-03-11,bengaluru,42.4,1000.0,800.0,1200.0,3,Bengaluru,Tomato,Karnataka,True,True
2026-03-12,bengaluru,44.4,1200.0,1000.0,1300.0,5,Bengaluru,Tomato,Karnataka,True,True
2026-03-13,bengaluru,42.6,800.0,600.0,1000.0,5,Bengaluru,Tomato,Karnataka,True,True
2026-03-14,bengaluru,42.6,900.0,700.0,1100.0,3,Bengaluru,Tomato,Karnataka,False,True
2026-03-15,bengaluru,42.6,1000.0,800.0,1300.0,1,Bengaluru,Tomato,Karnataka,False,True
2026-03-16,bengaluru,88.0,1200.0,1000.0,1400.0,5,Bengaluru,Tomato,Karnataka,True,True
2026-03-17,bengaluru,41.7,1250.0,1000.0,1500.0,4,Bengaluru,Tomato,Karnataka,True,True
2026-03-18,bengaluru,43.9,1300.0,1000.0,1500.0,4,Bengaluru,Tomato,Karnataka,True,True
2026-03-19,bengaluru,43.9,1300.0,875.0,1550.0,2,Bengaluru,Tomato,Karnataka,False,True
2026-03-20,bengaluru,40.3,1000.0,800.0,1200.0,3,Bengaluru,Tomato,Karnataka,True,True
2026-03-21,bengaluru,40.3,1250.0,875.0,1625.0,2,Bengaluru,Tomato,Karnataka,False,True
2026-03-22,bengaluru,40.3,1200.0,1000.0,1500.0,1,Bengaluru,Tomato,Karnataka,False,True
2026-03-23,bengaluru,77.1,1000.0,800.0,1300.0,4,Bengaluru,Tomato,Karnataka,True,True
2026-03-24,bengaluru,52.0,1000.0,800.0,1300.0,3,Bengaluru,Tomato,Karnataka,True,True
2026-03-25,bengaluru,42.6,1000.0,700.0,1250.0,3,Bengaluru,Tomato,Karnataka,True,True
2026-03-26,bengaluru,38.9,1300.0,1000.0,1500.0,3,Bengaluru,Tomato,Karnataka,True,True
2026-03-27,bengaluru,38.7,1250.0,1000.0,1500.0,3,Bengaluru,Tomato,Karnataka,True,True
2026-03-28,bengaluru,38.7,1500.0,1000.0,1700.0,3,Bengaluru,Tomato,Karnataka,False,True
2026-03-29,bengaluru,38.7,1500.0,1000.0,1700.0,0,Bengaluru,Tomato,Karnataka,False,False
2026-03-30,bengaluru,,1200.0,850.0,1425.0,3,Bengaluru,Tomato,Karnataka,False,True
2026-03-31,bengaluru,131.2,1400.0,1000.0,1600.0,3,Bengaluru,Tomato,Karnataka,True,True
2026-04-01,bengaluru,43.9,1350.0,1100.0,1600.0,6,Bengaluru,Tomato,Karnataka,True,True
2026-04-02,bengaluru,42.4,1250.0,800.0,1500.0,5,Bengaluru,Tomato,Karnataka,True,True
2026-04-03,bengaluru,42.4,1000.0,800.0,1300.0,1,Bengaluru,Tomato,Karnataka,False,True
2026-04-04,bengaluru,92.9,1150.0,800.0,1400.0,6,Bengaluru,Tomato,Karnataka,True,True
2026-04-05,bengaluru,92.9,1150.0,800.0,1400.0,0,Bengaluru,Tomato,Karnataka,False,False
2026-04-06,bengaluru,42.2,1150.0,800.0,1400.0,0,Bengaluru,Tomato,Karnataka,True,False
2026-04-07,bengaluru,53.7,1150.0,800.0,1400.0,0,Bengaluru,Tomato,Karnataka,True,False
2026-04-08,bengaluru,43.6,,,,0,Bengaluru,Tomato,Karnataka,True,False
2026-04-09,bengaluru,46.2,,,,0,Bengaluru,Tomato,Karnataka,True,False
2026-04-10,bengaluru,42.3,,,,0,Bengaluru,Tomato,Karnataka,True,False
2026-04-11,bengaluru,42.3,,,,0,Bengaluru,Tomato,Karnataka,False,False
2026-04-12,bengaluru,42.3,,,,0,Bengaluru,Tomato,Karnataka,False,False
2026-04-13,bengaluru,85.1,,,,0,Bengaluru,Tomato,Karnataka,True,False
2026-04-14,bengaluru,85.1,,,,0,Bengaluru,Tomato,Karnataka,False,False
2026-04-15,bengaluru,87.0,,,,0,Bengaluru,Tomato,Karnataka,True,False
2026-04-16,bengaluru,46.0,,,,0,Bengaluru,Tomato,Karnataka,True,False
2026-04-17,bengaluru,39.2,,,,0,Bengaluru,Tomato,Karnataka,True,False
2026-04-18,bengaluru,44.9,,,,0,Bengaluru,Tomato,Karnataka,True,False
2026-04-19,bengaluru,44.9,,,,0,Bengaluru,Tomato,Karnataka,False,False
2026-04-20,bengaluru,44.9,,,,0,Bengaluru,Tomato,Karnataka,False,False
2026-04-21,bengaluru,81.4,,,,0,Bengaluru,Tomato,Karnataka,True,False
2026-04-22,bengaluru,81.4,,,,0,Bengaluru,Tomato,Karnataka,False,False
2026-04-23,bengaluru,81.4,,,,0,Bengaluru,Tomato,Karnataka,False,False
2026-04-24,bengaluru,,,,,0,Bengaluru,Tomato,Karnataka,False,False
2026-04-25,bengaluru,,,,,0,Bengaluru,Tomato,Karnataka,False,False
2026-04-26,bengaluru,,,,,0,Bengaluru,Tomato,Karnataka,False,False
2026-04-27,bengaluru,,,,,0,Bengaluru,Tomato,Karnataka,False,False
2026-04-28,bengaluru,,,,,0,Bengaluru,Tomato,Karnataka,False,False
2026-04-29,bengaluru,,,,,0,Bengaluru,Tomato,Karnataka,False,False
2026-04-30,bengaluru,,,,,0,Bengaluru,Tomato,Karnataka,False,False
2026-05-01,bengaluru,,,,,0,Bengaluru,Tomato,Karnataka,False,False
2026-05-02,bengaluru,,,,,0,Bengaluru,Tomato,Karnataka,False,False
2026-05-03,bengaluru,,,,,0,Bengaluru,Tomato,Karnataka,False,False
2026-05-04,bengaluru,,,,,0,Bengaluru,Tomato,Karnataka,False,False
2026-05-05,bengaluru,,,,,0,Bengaluru,Tomato,Karnataka,False,False
2026-05-06,bengaluru,,,,,0,Bengaluru,Tomato,Karnataka,False,False
2026-05-07,bengaluru,,,,,0,Bengaluru,Tomato,Karnataka,False,False
2026-05-08,bengaluru,,,,,0,Bengaluru,Tomato,Karnataka,False,False
2026-05-09,bengaluru,,,,,0,Bengaluru,Tomato,Karnataka,False,False
2026-05-10,bengaluru,,,,,0,Bengaluru,Tomato,Karnataka,False,False
2026-05-11,bengaluru,,,,,0,Bengaluru,Tomato,Karnataka,False,False
2026-05-12,bengaluru,,,,,0,Bengaluru,Tomato,Karnataka,False,False
2026-05-13,bengaluru,,,,,0,Bengaluru,Tomato,Karnataka,False,False
2026-05-14,bengaluru,,,,,0,Bengaluru,Tomato,Karnataka,False,False
2026-05-15,bengaluru,,,,,0,Bengaluru,Tomato,Karnataka,False,False
2026-05-16,bengaluru,,,,,0,Bengaluru,Tomato,Karnataka,False,False
2026-05-17,bengaluru,,,,,0,Bengaluru,Tomato,Karnataka,False,False
2026-05-18,bengaluru,,,,,0,Bengaluru,Tomato,Karnataka,False,False
2026-05-19,bengaluru,,,,,0,Bengaluru,Tomato,Karnataka,False,False
2026-05-20,bengaluru,,,,,0,Bengaluru,Tomato,Karnataka,False,False
2026-05-21,bengaluru,,,,,0,Bengaluru,Tomato,Karnataka,False,False
2026-05-22,bengaluru,,,,,0,Bengaluru,Tomato,Karnataka,False,False
2026-05-23,bengaluru,,,,,0,Bengaluru,Tomato,Karnataka,False,False
2026-05-24,bengaluru,,,,,0,Bengaluru,Tomato,Karnataka,False,False
2026-05-25,bengaluru,,,,,0,Bengaluru,Tomato,Karnataka,False,False
2026-05-26,bengaluru,,,,,0,Bengaluru,Tomato,Karnataka,False,False
2026-05-27,bengaluru,,,,,0,Bengaluru,Tomato,Karnataka,False,False
2026-05-28,bengaluru,,,,,0,Bengaluru,Tomato,Karnataka,False,False
2026-05-29,bengaluru,,,,,0,Bengaluru,Tomato,Karnataka,False,False
2026-05-30,bengaluru,,,,,0,Bengaluru,Tomato,Karnataka,False,False
2026-05-31,bengaluru,,,,,0,Bengaluru,Tomato,Karnataka,False,False
2026-06-01,bengaluru,,,,,0,Bengaluru,Tomato,Karnataka,False,False
2026-06-02,bengaluru,,,,,0,Bengaluru,Tomato,Karnataka,False,False
2026-06-03,bengaluru,,,,,0,Bengaluru,Tomato,Karnataka,False,False
2026-06-04,bengaluru,,,,,0,Bengaluru,Tomato,Karnataka,False,False
2026-06-05,bengaluru,,,,,0,Bengaluru,Tomato,Karnataka,False,False
2026-06-06,bengaluru,,,,,0,Bengaluru,Tomato,Karnataka,False,False
2026-06-07,bengaluru,,,,,0,Bengaluru,Tomato,Karnataka,False,False
2026-06-08,bengaluru,,,,,0,Bengaluru,Tomato,Karnataka,False,False
2026-06-09,bengaluru,,,,,0,Bengaluru,Tomato,Karnataka,False,False
2026-06-10,bengaluru,,,,,0,Bengaluru,Tomato,Karnataka,False,False
2026-06-11,bengaluru,,,,,0,Bengaluru,Tomato,Karnataka,False,False
2026-06-12,bengaluru,,,,,0,Bengaluru,Tomato,Karnataka,False,False
2026-06-13,bengaluru,,,,,0,Bengaluru,Tomato,Karnataka,False,False
2026-06-14,bengaluru,,,,,0,Bengaluru,Tomato,Karnataka,False,False
2026-06-15,bengaluru,,,,,0,Bengaluru,Tomato,Karnataka,False,False
2026-06-16,bengaluru,,,,,0,Bengaluru,Tomato,Karnataka,False,False
2026-06-17,bengaluru,,,,,0,Bengaluru,Tomato,Karnataka,False,False
2026-06-18,bengaluru,,,,,0,Bengaluru,Tomato,Karnataka,False,False
2026-06-19,bengaluru,,,,,0,Bengaluru,Tomato,Karnataka,False,False
2026-06-20,bengaluru,,,,,0,Bengaluru,Tomato,Karnataka,False,False
2026-06-21,bengaluru,,,,,0,Bengaluru,Tomato,Karnataka,False,False
2026-06-22,bengaluru,,,,,0,Bengaluru,Tomato,Karnataka,False,False
2026-06-23,bengaluru,,,,,0,Bengaluru,Tomato,Karnataka,False,False
2026-06-24,bengaluru,,,,,0,Bengaluru,Tomato,Karnataka,False,False
2026-06-25,bengaluru,,,,,0,Bengaluru,Tomato,Karnataka,False,False
2026-06-26,bengaluru,,,,,0,Bengaluru,Tomato,Karnataka,False,False
2026-06-27,bengaluru,,,,,0,Bengaluru,Tomato,Karnataka,False,False
2026-06-28,bengaluru,,,,,0,Bengaluru,Tomato,Karnataka,False,False
2026-06-29,bengaluru,,,,,0,Bengaluru,Tomato,Karnataka,False,False
2026-06-30,bengaluru,,,,,0,Bengaluru,Tomato,Karnataka,False,False
2026-07-01,bengaluru,,,,,0,Bengaluru,Tomato,Karnataka,False,False
2026-07-02,bengaluru,,,,,0,Bengaluru,Tomato,Karnataka,False,False
2026-07-03,bengaluru,,,,,0,Bengaluru,Tomato,Karnataka,False,False
2026-07-04,bengaluru,,,,,0,Bengaluru,Tomato,Karnataka,False,False
2026-07-05,bengaluru,,,,,0,Bengaluru,Tomato,Karnataka,False,False
2026-07-06,bengaluru,,,,,0,Bengaluru,Tomato,Karnataka,False,False
2026-07-07,bengaluru,,,,,0,Bengaluru,Tomato,Karnataka,False,False
2026-07-08,bengaluru,,,,,0,Bengaluru,Tomato,Karnataka,False,False
2026-07-09,bengaluru,,,,,0,Bengaluru,Tomato,Karnataka,False,False
2026-07-10,bengaluru,,,,,0,Bengaluru,Tomato,Karnataka,False,False
2026-07-11,bengaluru,,,,,0,Bengaluru,Tomato,Karnataka,False,False
2026-07-12,bengaluru,,,,,0,Bengaluru,Tomato,Karnataka,False,False
2026-07-13,bengaluru,,,,,0,Bengaluru,Tomato,Karnataka,False,False
2026-07-14,bengaluru,,,,,0,Bengaluru,Tomato,Karnataka,False,False
2026-07-15,bengaluru,,,,,0,Bengaluru,Tomato,Karnataka,False,False
2026-07-16,bengaluru,,,,,0,Bengaluru,Tomato,Karnataka,False,False
2026-07-17,bengaluru,,,,,0,Bengaluru,Tomato,Karnataka,False,False
2026-07-18,bengaluru,,,,,0,Bengaluru,Tomato,Karnataka,False,False
2026-07-19,bengaluru,,,,,0,Bengaluru,Tomato,Karnataka,False,False
2026-07-20,bengaluru,,,,,0,Bengaluru,Tomato,Karnataka,False,False
2026-07-21,bengaluru,,,,,0,Bengaluru,Tomato,Karnataka,False,False
2026-07-22,bengaluru,,,,,0,Bengaluru,Tomato,Karnataka,False,False
2026-07-23,bengaluru,,,,,0,Bengaluru,Tomato,Karnataka,False,False
2026-07-24,bengaluru,,,,,0,Bengaluru,Tomato,Karnataka,False,False
2026-07-25,bengaluru,,,,,0,Bengaluru,Tomato,Karnataka,False,False
2026-07-26,bengaluru,,,,,0,Bengaluru,Tomato,Karnataka,False,False
2026-07-27,bengaluru,,,,,0,Bengaluru,Tomato,Karnataka,False,False
2026-07-28,bengaluru,,,,,0,Bengaluru,Tomato,Karnataka,False,False
2026-07-29,bengaluru,,,,,0,Bengaluru,Tomato,Karnataka,False,False
2026-07-30,bengaluru,,,,,0,Bengaluru,Tomato,Karnataka,False,False
2026-07-31,bengaluru,,,,,0,Bengaluru,Tomato,Karnataka,False,False
2026-08-01,bengaluru,,,,,0,Bengaluru,Tomato,Karnataka,False,False
2026-08-02,bengaluru,,,,,0,Bengaluru,Tomato,Karnataka,False,False
2026-08-03,bengaluru,,,,,0,Bengaluru,Tomato,Karnataka,False,False
2026-08-04,bengaluru,,,,,0,Bengaluru,Tomato,Karnataka,False,False
2026-08-05,bengaluru,,,,,0,Bengaluru,Tomato,Karnataka,False,False
2026-08-06,bengaluru,,,,,0,Bengaluru,Tomato,Karnataka,False,False
2026-08-07,bengaluru,,,,,0,Bengaluru,Tomato,Karnataka,False,False
2026-08-08,bengaluru,,,,,0,Bengaluru,Tomato,Karnataka,False,False
2026-08-09,bengaluru,,,,,0,Bengaluru,Tomato,Karnataka,False,False
2026-08-10,bengaluru,,,,,0,Bengaluru,Tomato,Karnataka,False,False
2026-08-11,bengaluru,,,,,0,Bengaluru,Tomato,Karnataka,False,False
2026-08-12,bengaluru,,,,,0,Bengaluru,Tomato,Karnataka,False,False
2026-08-13,bengaluru,,,,,0,Bengaluru,Tomato,Karnataka,False,False
2026-08-14,bengaluru,,,,,0,Bengaluru,Tomato,Karnataka,False,False
2026-08-15,bengaluru,,,,,0,Bengaluru,Tomato,Karnataka,False,False
2026-08-16,bengaluru,,,,,0,Bengaluru,Tomato,Karnataka,False,False
2026-08-17,bengaluru,,,,,0,Bengaluru,Tomato,Karnataka,False,False
2026-08-18,bengaluru,,,,,0,Bengaluru,Tomato,Karnataka,False,False
2026-08-19,bengaluru,,,,,0,Bengaluru,Tomato,Karnataka,False,False
2026-08-20,bengaluru,,,,,0,Bengaluru,Tomato,Karnataka,False,False
2026-08-21,bengaluru,,,,,0,Bengaluru,Tomato,Karnataka,False,False
2026-08-22,bengaluru,,,,,0,Bengaluru,Tomato,Karnataka,False,False
2026-08-23,bengaluru,,,,,0,Bengaluru,Tomato,Karnataka,False,False
2026-08-24,bengaluru,,,,,0,Bengaluru,Tomato,Karnataka,False,False
2026-08-25,bengaluru,,,,,0,Bengaluru,Tomato,Karnataka,False,False
2026-08-26,bengaluru,,,,,0,Bengaluru,Tomato,Karnataka,False,False
2026-08-27,bengaluru,,,,,0,Bengaluru,Tomato,Karnataka,False,False
2026-08-28,bengaluru,,,,,0,Bengaluru,Tomato,Karnataka,False,False
2026-08-29,bengaluru,,,,,0,Bengaluru,Tomato,Karnataka,False,False
2026-08-30,bengaluru,,,,,0,Bengaluru,Tomato,Karnataka,False,False
2026-08-31,bengaluru,,,,,0,Bengaluru,Tomato,Karnataka,False,False
2026-09-01,bengaluru,,,,,0,Bengaluru,Tomato,Karnataka,False,False
2026-09-02,bengaluru,,,,,0,Bengaluru,Tomato,Karnataka,False,False
2026-09-03,bengaluru,,,,,0,Bengaluru,Tomato,Karnataka,False,False
2026-09-04,bengaluru,,,,,0,Bengaluru,Tomato,Karnataka,False,False
2026-09-05,bengaluru,,,,,0,Bengaluru,Tomato,Karnataka,False,False
2026-09-06,bengaluru,,,,,0,Bengaluru,Tomato,Karnataka,False,False
2026-09-07,bengaluru,,,,,0,Bengaluru,Tomato,Karnataka,False,False
2026-09-08,bengaluru,,,,,0,Bengaluru,Tomato,Karnataka,False,False
2026-09-09,bengaluru,,,,,0,Bengaluru,Tomato,Karnataka,False,False
2026-09-10,bengaluru,,,,,0,Bengaluru,Tomato,Karnataka,False,False
2026-09-11,bengaluru,,,,,0,Bengaluru,Tomato,Karnataka,False,False
2026-09-12,bengaluru,,,,,0,Bengaluru,Tomato,Karnataka,False,False
2026-09-13,bengaluru,,,,,0,Bengaluru,Tomato,Karnataka,False,False
2026-09-14,bengaluru,,,,,0,Bengaluru,Tomato,Karnataka,False,False
2026-09-15,bengaluru,,,,,0,Bengaluru,Tomato,Karnataka,False,False
2026-09-16,bengaluru,,,,,0,Bengaluru,Tomato,Karnataka,False,False
2022-01-01,chamarajanagar,4.0,4000.0,2500.0,5500.0,1,Chamarajanagar,Tomato,Karnataka,True,True
2022-01-02,chamarajanagar,4.0,4000.0,2500.0,5500.0,0,Chamarajanagar,Tomato,Karnataka,False,False
2022-01-03,chamarajanagar,7.0,3500.0,2500.0,4100.0,2,Chamarajanagar,Tomato,Karnataka,True,True
2022-01-04,chamarajanagar,10.0,2280.0,1950.0,3050.0,2,Chamarajanagar,Tomato,Karnataka,True,True
2022-01-05,chamarajanagar,6.0,2700.0,2300.0,2950.0,2,Chamarajanagar,Tomato,Karnataka,True,True
2022-01-06,chamarajanagar,8.0,2175.0,1850.0,2550.0,2,Chamarajanagar,Tomato,Karnataka,True,True
2022-01-07,chamarajanagar,2.0,2725.0,2725.0,2800.0,1,Chamarajanagar,Tomato,Karnataka,True,True
2022-01-08,chamarajanagar,4.0,2200.0,1200.0,3000.0,1,Chamarajanagar,Tomato,Karnataka,True,True
2022-01-09,chamarajanagar,4.0,2200.0,1200.0,3000.0,0,Chamarajanagar,Tomato,Karnataka,False,False
2022-01-10,chamarajanagar,4.0,2600.0,2415.0,2800.0,1,Chamarajanagar,Tomato,Karnataka,True,True
2022-01-11,chamarajanagar,6.0,2600.0,2415.0,2800.0,0,Chamarajanagar,Tomato,Karnataka,True,False
2022-01-12,chamarajanagar,7.0,1850.0,1850.0,2000.0,1,Chamarajanagar,Tomato,Karnataka,True,True
2022-01-13,chamarajanagar,5.0,1900.0,1550.0,2150.0,2,Chamarajanagar,Tomato,Karnataka,True,True
2022-01-14,chamarajanagar,4.0,1685.0,1685.0,1800.0,1,Chamarajanagar,Tomato,Karnataka,True,True
2022-01-15,chamarajanagar,4.0,1800.0,1000.0,2400.0,1,Chamarajanagar,Tomato,Karnataka,True,True
2022-01-16,chamarajanagar,4.0,1800.0,1000.0,2400.0,0,Chamarajanagar,Tomato,Karnataka,False,False
2022-01-17,chamarajanagar,12.0,1900.0,1750.0,2250.0,2,Chamarajanagar,Tomato,Karnataka,True,True
2022-01-18,chamarajanagar,7.0,1400.0,1200.0,1600.0,1,Chamarajanagar,Tomato,Karnataka,True,True
2022-01-19,chamarajanagar,7.0,1400.0,1200.0,1600.0,0,Chamarajanagar,Tomato,Karnataka,False,False
2022-01-20,chamarajanagar,4.0,1300.0,1200.0,1400.0,1,Chamarajanagar,Tomato,Karnataka,True,True
2022-01-21,chamarajanagar,4.0,1300.0,1200.0,1400.0,0,Chamarajanagar,Tomato,Karnataka,False,False
2022-01-22,chamarajanagar,5.0,1300.0,1000.0,1600.0,1,Chamarajanagar,Tomato,Karnataka,True,True
2022-01-23,chamarajanagar,5.0,1300.0,1000.0,1600.0,0,Chamarajanagar,Tomato,Karnataka,False,False
2022-01-24,chamarajanagar,5.0,1000.0,600.0,1500.0,1,Chamarajanagar,Tomato,Karnataka,True,True
2022-01-25,chamarajanagar,9.0,1250.0,1150.0,1450.0,2,Chamarajanagar,Tomato,Karnataka,True,True
2022-01-26,chamarajanagar,9.0,1250.0,1150.0,1450.0,0,Chamarajanagar,Tomato,Karnataka,False,False
2022-01-27,chamarajanagar,10.0,1400.0,1200.0,1500.0,1,Chamarajanagar,Tomato,Karnataka,True,True
2022-01-28,chamarajanagar,8.0,1000.0,1000.0,1000.0,1,Chamarajanagar,Tomato,Karnataka,True,True
2022-01-29,chamarajanagar,4.0,600.0,400.0,800.0,1,Chamarajanagar,Tomato,Karnataka,True,True
2022-01-30,chamarajanagar,4.0,600.0,400.0,800.0,0,Chamarajanagar,Tomato,Karnataka,False,False
2022-01-31,chamarajanagar,18.0,800.0,700.0,1000.0,2,Chamarajanagar,Tomato,Karnataka,True,True
2022-02-01,chamarajanagar,12.0,700.0,600.0,800.0,1,Chamarajanagar,Tomato,Karnataka,True,True
2022-02-02,chamarajanagar,3.0,800.0,800.0,800.0,1,Chamarajanagar,Tomato,Karnataka,True,True
2022-02-03,chamarajanagar,18.0,725.0,700.0,800.0,2,Chamarajanagar,Tomato,Karnataka,True,True
2022-02-04,chamarajanagar,10.0,725.0,700.0,800.0,0,Chamarajanagar,Tomato,Karnataka,True,False
2022-02-05,chamarajanagar,6.0,750.0,400.0,1000.0,1,Chamarajanagar,Tomato,Karnataka,True,True
2022-02-06,chamarajanagar,6.0,750.0,400.0,1000.0,0,Chamarajanagar,Tomato,Karnataka,False,False
2022-02-07,chamarajanagar,23.0,812.5,662.5,950.0,2,Chamarajanagar,Tomato,Karnataka,True,True
2022-02-08,chamarajanagar,13.0,700.0,400.0,1000.0,2,Chamarajanagar,Tomato,Karnataka,True,True
2022-02-09,chamarajanagar,21.0,725.0,600.0,865.0,2,Chamarajanagar,Tomato,Karnataka,True,True
2022-02-10,chamarajanagar,31.0,700.0,700.0,700.0,2,Chamarajanagar,Tomato,Karnataka,True,True
2022-02-11,chamarajanagar,37.0,672.5,450.0,800.0,2,Chamarajanagar,Tomato,Karnataka,True,True
2022-02-12,chamarajanagar,5.0,750.0,400.0,900.0,1,Chamarajanagar,Tomato,Karnataka,True,True
2022-02-13,chamarajanagar,5.0,750.0,400.0,900.0,0,Chamarajanagar,Tomato,Karnataka,False,False
2022-02-14,chamarajanagar,133.0,510.0,400.0,600.0,2,Chamarajanagar,Tomato,Karnataka,True,True
2022-02-15,chamarajanagar,25.0,515.0,415.0,600.0,2,Chamarajanagar,Tomato,Karnataka,True,True
2022-02-16,chamarajanagar,22.0,475.0,400.0,550.0,2,Chamarajanagar,Tomato,Karnataka,True,True
2022-02-17,chamarajanagar,41.0,375.0,300.0,500.0,2,Chamarajanagar,Tomato,Karnataka,True,True
2022-02-18,chamarajanagar,20.0,400.0,350.0,450.0,2,Chamarajanagar,Tomato,Karnataka,True,True
2022-02-19,chamarajanagar,6.0,300.0,200.0,400.0,1,Chamarajanagar,Tomato,Karnataka,True,True
2022-02-20,chamarajanagar,6.0,300.0,200.0,400.0,0,Chamarajanagar,Tomato,Karnataka,False,False
2022-02-21,chamarajanagar,73.0,350.0,300.0,450.0,2,Chamarajanagar,Tomato,Karnataka,True,True
2022-02-22,chamarajanagar,36.0,375.0,300.0,450.0,2,Chamarajanagar,Tomato,Karnataka,True,True
2022-02-23,chamarajanagar,29.0,500.0,400.0,600.0,1,Chamarajanagar,Tomato,Karnataka,True,True
2022-02-24,chamarajanagar,60.0,350.0,300.0,400.0,1,Chamarajanagar,Tomato,Karnataka,True,True
2022-02-25,chamarajanagar,36.0,400.0,400.0,400.0,1,Chamarajanagar,Tomato,Karnataka,True,True
2022-02-26,chamarajanagar,6.0,300.0,200.0,400.0,1,Chamarajanagar,Tomato,Karnataka,True,True
2022-02-27,chamarajanagar,6.0,300.0,200.0,400.0,0,Chamarajanagar,Tomato,Karnataka,False,False
2022-02-28,chamarajanagar,39.0,500.0,400.0,600.0,1,Chamarajanagar,Tomato,Karnataka,True,True
2022-03-01,chamarajanagar,4.0,300.0,200.0,400.0,1,Chamarajanagar,Tomato,Karnataka,True,True
2022-03-02,chamarajanagar,20.0,380.0,300.0,450.0,2,Chamarajanagar,Tomato,Karnataka,True,True
2022-03-03,chamarajanagar,26.0,430.0,350.0,500.0,2,Chamarajanagar,Tomato,Karnataka,True,True
2022-03-04,chamarajanagar,18.0,375.0,350.0,450.0,2,Chamarajanagar,Tomato,Karnataka,True,True
2022-03-05,chamarajanagar,5.0,400.0,300.0,500.0,1,Chamarajanagar,Tomato,Karnataka,True,True
2022-03-06,chamarajanagar,5.0,400.0,300.0,500.0,0,Chamarajanagar,Tomato,Karnataka,False,False
2022-03-07,chamarajanagar,67.0,300.0,200.0,400.0,1,Chamarajanagar,Tomato,Karnataka,True,True
2022-03-08,chamarajanagar,33.0,350.0,300.0,425.0,2,Chamarajanagar,Tomato,Karnataka,True,True
2022-03-09,chamarajanagar,28.0,300.0,200.0,400.0,1,Chamarajanagar,Tomato,Karnataka,True,True
2022-03-10,chamarajanagar,59.0,325.0,275.0,400.0,2,Chamarajanagar,Tomato,Karnataka,True,True
2022-03-11,chamarajanagar,38.0,350.0,275.0,410.0,2,Chamarajanagar,Tomato,Karnataka,True,True
2022-03-12,chamarajanagar,6.0,300.0,200.0,400.0,1,Chamarajanagar,Tomato,Karnataka,True,True
2022-03-13,chamarajanagar,6.0,300.0,200.0,400.0,0,Chamarajanagar,Tomato,Karnataka,False,False
2022-03-14,chamarajanagar,41.0,372.5,300.0,450.0,2,Chamarajanagar,Tomato,Karnataka,True,True
2022-03-15,chamarajanagar,54.0,325.0,275.0,400.0,2,Chamarajanagar,Tomato,Karnataka,True,True
2022-03-16,chamarajanagar,42.0,400.0,350.0,450.0,2,Chamarajanagar,Tomato,Karnataka,True,True
2022-03-17,chamarajanagar,6.0,300.0,200.0,400.0,1,Chamarajanagar,Tomato,Karnataka,True,True
2022-03-18,chamarajanagar,3.0,300.0,200.0,400.0,0,Chamarajanagar,Tomato,Karnataka,True,False
2022-03-19,chamarajanagar,6.0,300.0,200.0,400.0,1,Chamarajanagar,Tomato,Karnataka,True,True
2022-03-20,chamarajanagar,6.0,300.0,200.0,400.0,0,Chamarajanagar,Tomato,Karnataka,False,False
2022-03-21,chamarajanagar,48.0,350.0,325.0,400.0,2,Chamarajanagar,Tomato,Karnataka,True,True
2022-03-22,chamarajanagar,35.0,425.0,375.0,500.0,2,Chamarajanagar,Tomato,Karnataka,True,True
2022-03-23,chamarajanagar,18.0,375.0,350.0,432.5,2,Chamarajanagar,Tomato,Karnataka,True,True
2022-03-24,chamarajanagar,21.0,362.5,337.5,400.0,2,Chamarajanagar,Tomato,Karnataka,True,True
2022-03-25,chamarajanagar,5.0,362.5,337.5,400.0,0,Chamarajanagar,Tomato,Karnataka,True,False
2022-03-26,chamarajanagar,6.0,350.0,300.0,400.0,1,Chamarajanagar,Tomato,Karnataka,True,True
2022-03-27,chamarajanagar,6.0,350.0,300.0,400.0,0,Chamarajanagar,Tomato,Karnataka,False,False
2022-03-28,chamarajanagar,5.0,400.0,300.0,500.0,1,Chamarajanagar,Tomato,Karnataka,True,True
2022-03-29,chamarajanagar,12.0,600.0,550.0,650.0,2,Chamarajanagar,Tomato,Karnataka,True,True
2022-03-30,chamarajanagar,19.0,550.0,500.0,600.0,2,Chamarajanagar,Tomato,Karnataka,True,True
2022-03-31,chamarajanagar,14.0,400.0,300.0,500.0,2,Chamarajanagar,Tomato,Karnataka,True,True
2022-04-01,chamarajanagar,7.0,1100.0,1100.0,1100.0,2,Chamarajanagar,Tomato,Karnataka,True,True
2022-04-02,chamarajanagar,5.0,400.0,300.0,500.0,1,Chamarajanagar,Tomato,Karnataka,True,True
2022-04-03,chamarajanagar,5.0,400.0,300.0,500.0,0,Chamarajanagar,Tomato,Karnataka,False,False
2022-04-04,chamarajanagar,7.0,600.0,300.0,800.0,1,Chamarajanagar,Tomato,Karnataka,True,True
2022-04-05,chamarajanagar,12.0,775.0,700.0,850.0,2,Chamarajanagar,Tomato,Karnataka,True,True
2022-04-06,chamarajanagar,19.0,400.0,300.0,500.0,2,Chamarajanagar,Tomato,Karnataka,True,True
2022-04-07,chamarajanagar,13.0,600.0,550.0,650.0,2,Chamarajanagar,Tomato,Karnataka,True,True
2022-04-08,chamarajanagar,10.0,1000.0,1000.0,1000.0,1,Chamarajanagar,Tomato,Karnataka,True,True
2022-04-09,chamarajanagar,3.0,1000.0,1000.0,1000.0,0,Chamarajanagar,Tomato,Karnataka,True,False
2022-04-10,chamarajanagar,3.0,1000.0,1000.0,1000.0,0,Chamarajanagar,Tomato,Karnataka,False,False
2022-04-11,chamarajanagar,13.0,1300.0,1000.0,1500.0,1,Chamarajanagar,Tomato,Karnataka,True,True
2022-04-12,chamarajanagar,15.0,1300.0,1000.0,1500.0,0,Chamarajanagar,Tomato,Karnataka,True,False
2022-04-13,chamarajanagar,14.0,700.0,300.0,1000.0,1,Chamarajanagar,Tomato,Karnataka,True,True
2022-04-14,chamarajanagar,14.0,700.0,300.0,1000.0,0,Chamarajanagar,Tomato,Karnataka,False,False
2022-04-15,chamarajanagar,14.0,700.0,300.0,1000.0,0,Chamarajanagar,Tomato,Karnataka,False,False
2022-04-16,chamarajanagar,5.0,700.0,400.0,1000.0,1,Chamarajanagar,Tomato,Karnataka,True,True
2022-04-17,chamarajanagar,5.0,700.0,400.0,1000.0,0,Chamarajanagar,Tomato,Karnataka,False,False
2022-04-18,chamarajanagar,7.0,700.0,400.0,1000.0,0,Chamarajanagar,Tomato,Karnataka,True,False
2022-04-19,chamarajanagar,6.0,1200.0,500.0,1600.0,1,Chamarajanagar,Tomato,Karnataka,True,True
2022-04-20,chamarajanagar,7.0,1200.0,400.0,1600.0,2,Chamarajanagar,Tomato,Karnataka,True,True
2022-04-21,chamarajanagar,8.0,1200.0,400.0,1600.0,2,Chamarajanagar,Tomato,Karnataka,True,True
2022-04-22,chamarajanagar,8.0,1400.0,400.0,1600.0,2,Chamarajanagar,Tomato,Karnataka,True,True
2022-04-23,chamarajanagar,5.0,1500.0,500.0,2000.0,1,Chamarajanagar,Tomato,Karnataka,True,True
2022-04-24,chamarajanagar,5.0,1500.0,500.0,2000.0,0,Chamarajanagar,Tomato,Karnataka,False,False
2022-04-25,chamarajanagar,9.0,2000.0,500.0,2800.0,1,Chamarajanagar,Tomato,Karnataka,True,True
2022-04-26,chamarajanagar,7.0,2000.0,500.0,2800.0,0,Chamarajanagar,Tomato,Karnataka,True,False
2022-04-27,chamarajanagar,7.0,3600.0,3530.0,3700.0,2,Chamarajanagar,Tomato,Karnataka,True,True
2022-04-28,chamarajanagar,7.0,2792.5,2042.5,3150.0,2,Chamarajanagar,Tomato,Karnataka,True,True
2022-04-29,chamarajanagar,7.0,3050.0,2300.0,3350.0,2,Chamarajanagar,Tomato,Karnataka,True,True
2022-04-30,chamarajanagar,6.0,3900.0,2400.0,3900.0,2,Chamarajanagar,Tomato,Karnataka,True,True
2022-05-01,chamarajanagar,6.0,3900.0,2400.0,3900.0,0,Chamarajanagar,Tomato,Karnataka,False,False
2022-05-02,chamarajanagar,5.0,3000.0,1000.0,4000.0,1,Chamarajanagar,Tomato,Karnataka,True,True
2022-05-03,chamarajanagar,1.0,1800.0,1500.0,2000.0,1,Chamarajanagar,Tomato,Karnataka,True,True
2022-05-04,chamarajanagar,3.0,4200.0,4200.0,4500.0,1,Chamarajanagar,Tomato,Karnataka,True,True
2022-05-05,chamarajanagar,6.0,4245.0,4245.0,4300.0,1,Chamarajanagar,Tomato,Karnataka,True,True
2022-05-06,chamarajanagar,6.0,4675.0,4675.0,4800.0,1,Chamarajanagar,Tomato,Karnataka,True,True
2022-05-07,chamarajanagar,4.0,4000.0,600.0,4500.0,1,Chamarajanagar,Tomato,Karnataka,True,True
2022-05-08,chamarajanagar,4.0,4000.0,600.0,4500.0,0,Chamarajanagar,Tomato,Karnataka,False,False
2022-05-09,chamarajanagar,9.0,5200.0,5200.0,5200.0,1,Chamarajanagar,Tomato,Karnataka,True,True
2022-05-10,chamarajanagar,6.0,3900.0,2900.0,5250.0,2,Chamarajanagar,Tomato,Karnataka,True,True
2022-05-11,chamarajanagar,5.0,4500.0,1000.0,5500.0,1,Chamarajanagar,Tomato,Karnataka,True,True
2022-05-12,chamarajanagar,5.0,4750.0,3000.0,5500.0,2,Chamarajanagar,Tomato,Karnataka,True,True
2022-05-13,chamarajanagar,4.0,6000.0,6000.0,6000.0,2,Chamarajanagar,Tomato,Karnataka,True,True
2022-05-14,chamarajanagar,4.0,4500.0,2000.0,5600.0,1,Chamarajanagar,Tomato,Karnataka,True,True
2022-05-15,chamarajanagar,4.0,4500.0,2000.0,5600.0,0,Chamarajanagar,Tomato,Karnataka,False,False
2022-05-16,chamarajanagar,7.0,6015.0,6000.0,6500.0,1,Chamarajanagar,Tomato,Karnataka,True,True
2022-05-17,chamarajanagar,5.0,5780.0,5780.0,6215.0,1,Chamarajanagar,Tomato,Karnataka,True,True
2022-05-18,chamarajanagar,4.0,5357.5,4107.5,5857.5,2,Chamarajanagar,Tomato,Karnataka,True,True
2022-05-19,chamarajanagar,6.0,4500.0,2000.0,5500.0,1,Chamarajanagar,Tomato,Karnataka,True,True
2022-05-20,chamarajanagar,5.0,7000.0,7000.0,7000.0,1,Chamarajanagar,Tomato,Karnataka,True,True
2022-05-21,chamarajanagar,3.0,7000.0,7000.0,7000.0,0,Chamarajanagar,Tomato,Karnataka,True,False
2022-05-22,chamarajanagar,3.0,7000.0,7000.0,7000.0,0,Chamarajanagar,Tomato,Karnataka,False,False
2022-05-23,chamarajanagar,5.0,6250.0,5000.0,6750.0,2,Chamarajanagar,Tomato,Karnataka,True,True
2022-05-24,chamarajanagar,4.0,5100.0,3850.0,5357.5,2,Chamarajanagar,Tomato,Karnataka,True,True
2022-05-25,chamarajanagar,5.0,4750.0,3500.0,5250.0,2,Chamarajanagar,Tomato,Karnataka,True,True
2022-05-26,chamarajanagar,6.0,5200.0,5200.0,5200.0,2,Chamarajanagar,Tomato,Karnataka,True,True
2022-05-27,chamarajanagar,5.0,4250.0,3500.0,4600.0,2,Chamarajanagar,Tomato,Karnataka,True,True
2022-05-28,chamarajanagar,4.0,4000.0,2000.0,4500.0,1,Chamarajanagar,Tomato,Karnataka,True,True
2022-05-29,chamarajanagar,4.0,4000.0,2000.0,4500.0,0,Chamarajanagar,Tomato,Karnataka,False,False
2022-05-30,chamarajanagar,6.0,4120.0,3620.0,4750.0,2,Chamarajanagar,Tomato,Karnataka,True,True
2022-05-31,chamarajanagar,5.0,4500.0,3500.0,5000.0,2,Chamarajanagar,Tomato,Karnataka,True,True
2022-06-01,chamarajanagar,5.0,3500.0,1500.0,4000.0,1,Chamarajanagar,Tomato,Karnataka,True,True
2022-06-02,chamarajanagar,6.0,3500.0,1500.0,4000.0,2,Chamarajanagar,Tomato,Karnataka,True,True
2022-06-03,chamarajanagar,6.0,3950.0,2550.0,4350.0,2,Chamarajanagar,Tomato,Karnataka,True,True
2022-06-04,chamarajanagar,5.0,3000.0,1000.0,3500.0,1,Chamarajanagar,Tomato,Karnataka,True,True
2022-06-05,chamarajanagar,5.0,3000.0,1000.0,3500.0,0,Chamarajanagar,Tomato,Karnataka,False,False
2022-06-06,chamarajanagar,6.0,3000.0,1000.0,3500.0,0,Chamarajanagar,Tomato,Karnataka,True,False
2022-06-07,chamarajanagar,2.0,4700.0,4700.0,5000.0,1,Chamarajanagar,Tomato,Karnataka,True,True
2022-06-08,chamarajanagar,6.0,4100.0,3100.0,4350.0,2,Chamarajanagar,Tomato,Karnataka,True,True
2022-06-09,chamarajanagar,6.0,4445.0,4445.0,4700.0,2,Chamarajanagar,Tomato,Karnataka,True,True
2022-06-10,chamarajanagar,6.0,4000.0,3000.0,4250.0,2,Chamarajanagar,Tomato,Karnataka,True,True
2022-06-11,chamarajanagar,5.0,3600.0,2000.0,4000.0,1,Chamarajanagar,Tomato,Karnataka,True,True
2022-06-12,chamarajanagar,5.0,3600.0,2000.0,4000.0,0,Chamarajanagar,Tomato,Karnataka,False,False
2022-06-13,chamarajanagar,9.0,3800.0,3635.0,4000.0,1,Chamarajanagar,Tomato,Karnataka,True,True
2022-06-14,chamarajanagar,5.0,3000.0,1000.0,3500.0,2,Chamarajanagar,Tomato,Karnataka,True,True
2022-06-15,chamarajanagar,5.0,3625.0,2675.0,3900.0,2,Chamarajanagar,Tomato,Karnataka,True,True
2022-06-16,chamarajanagar,3.0,2000.0,1000.0,2500.0,1,Chamarajanagar,Tomato,Karnataka,True,True
2022-06-17,chamarajanagar,4.0,3000.0,1500.0,3300.0,1,Chamarajanagar,Tomato,Karnataka,True,True
2022-06-18,chamarajanagar,3.0,2000.0,1000.0,2500.0,1,Chamarajanagar,Tomato,Karnataka,True,True
2022-06-19,chamarajanagar,3.0,2000.0,1000.0,2500.0,0,Chamarajanagar,Tomato,Karnataka,False,False
2022-06-20,chamarajanagar,5.0,2850.0,2100.0,3100.0,2,Chamarajanagar,Tomato,Karnataka,True,True
2022-06-21,chamarajanagar,5.0,2500.0,1000.0,3000.0,1,Chamarajanagar,Tomato,Karnataka,True,True
2022-06-22,chamarajanagar,6.0,2700.0,2700.0,2700.0,1,Chamarajanagar,Tomato,Karnataka,True,True
2022-06-23,chamarajanagar,9.0,2150.0,1300.0,2500.0,2,Chamarajanagar,Tomato,Karnataka,True,True
2022-06-24,chamarajanagar,5.0,2150.0,1650.0,2400.0,2,Chamarajanagar,Tomato,Karnataka,True,True
2022-06-25,chamarajanagar,4.0,2150.0,1650.0,2400.0,0,Chamarajanagar,Tomato,Karnataka,True,False
2022-06-26,chamarajanagar,4.0,2150.0,1650.0,2400.0,0,Chamarajanagar,Tomato,Karnataka,False,False
2022-06-27,chamarajanagar,14.0,1500.0,500.0,2000.0,2,Chamarajanagar,Tomato,Karnataka,True,True
2022-06-28,chamarajanagar,9.0,1200.0,1050.0,1337.5,2,Chamarajanagar,Tomato,Karnataka,True,True
2022-06-29,chamarajanagar,9.0,1800.0,1800.0,1800.0,2,Chamarajanagar,Tomato,Karnataka,True,True
2022-06-30,chamarajanagar,13.0,1750.0,1000.0,2000.0,2,Chamarajanagar,Tomato,Karnataka,True,True
2022-07-01,chamarajanagar,4.0,2400.0,500.0,2800.0,1,Chamarajanagar,Tomato,Karnataka,True,True
2022-07-02,chamarajanagar,6.0,600.0,300.0,800.0,1,Chamarajanagar,Tomato,Karnataka,True,True
2022-07-03,chamarajanagar,6.0,600.0,300.0,800.0,0,Chamarajanagar,Tomato,Karnataka,False,False
2022-07-04,chamarajanagar,23.0,800.0,700.0,1000.0,1,Chamarajanagar,Tomato,Karnataka,True,True
2022-07-05,chamarajanagar,9.0,900.0,750.0,1050.0,2,Chamarajanagar,Tomato,Karnataka,True,True
2022-07-06,chamarajanagar,10.0,750.0,500.0,1000.0,1,Chamarajanagar,Tomato,Karnataka,True,True
2022-07-07,chamarajanagar,8.0,900.0,800.0,1000.0,2,Chamarajanagar,Tomato,Karnataka,True,True
2022-07-08,chamarajanagar,7.0,900.0,800.0,1000.0,2,Chamarajanagar,Tomato,Karnataka,True,True
2022-07-09,chamarajanagar,3.0,750.0,500.0,1000.0,1,Chamarajanagar,Tomato,Karnataka,True,True
2022-07-10,chamarajanagar,3.0,750.0,500.0,1000.0,0,Chamarajanagar,Tomato,Karnataka,False,False
2022-07-11,chamarajanagar,14.0,732.5,600.0,900.0,2,Chamarajanagar,Tomato,Karnataka,True,True
2022-07-12,chamarajanagar,10.0,732.5,600.0,900.0,0,Chamarajanagar,Tomato,Karnataka,True,False
2022-07-13,chamarajanagar,20.0,600.0,400.0,700.0,2,Chamarajanagar,Tomato,Karnataka,True,True
2022-07-14,chamarajanagar,12.0,600.0,600.0,600.0,1,Chamarajanagar,Tomato,Karnataka,True,True
2022-07-15,chamarajanagar,30.0,450.0,350.0,550.0,2,Chamarajanagar,Tomato,Karnataka,True,True
2022-07-16,chamarajanagar,6.0,400.0,200.0,600.0,1,Chamarajanagar,Tomato,Karnataka,True,True
2022-07-17,chamarajanagar,6.0,400.0,200.0,600.0,0,Chamarajanagar,Tomato,Karnataka,False,False
2022-07-18,chamarajanagar,88.0,500.0,500.0,500.0,2,Chamarajanagar,Tomato,Karnataka,True,True
2022-07-19,chamarajanagar,37.0,525.0,450.0,600.0,2,Chamarajanagar,Tomato,Karnataka,True,True
2022-07-20,chamarajanagar,34.0,472.5,372.5,600.0,2,Chamarajanagar,Tomato,Karnataka,True,True
2022-07-21,chamarajanagar,59.0,700.0,600.0,800.0,2,Chamarajanagar,Tomato,Karnataka,True,True
2022-07-22,chamarajanagar,114.0,450.0,400.0,525.0,2,Chamarajanagar,Tomato,Karnataka,True,True
2022-07-23,chamarajanagar,6.0,300.0,200.0,400.0,1,Chamarajanagar,Tomato,Karnataka,True,True
2022-07-24,chamarajanagar,6.0,300.0,200.0,400.0,0,Chamarajanagar,Tomato,Karnataka,False,False
2022-07-25,chamarajanagar,180.0,350.0,300.0,450.0,2,Chamarajanagar,Tomato,Karnataka,True,True
2022-07-26,chamarajanagar,29.0,450.0,300.0,600.0,1,Chamarajanagar,Tomato,Karnataka,True,True
2022-07-27,chamarajanagar,85.0,350.0,300.0,400.0,2,Chamarajanagar,Tomato,Karnataka,True,True
2022-07-28,chamarajanagar,70.0,275.0,250.0,300.0,2,Chamarajanagar,Tomato,Karnataka,True,True
2022-07-29,chamarajanagar,75.0,300.0,200.0,400.0,2,Chamarajanagar,Tomato,Karnataka,True,True
2022-07-30,chamarajanagar,6.0,300.0,200.0,400.0,0,Chamarajanagar,Tomato,Karnataka,True,False
2022-07-31,chamarajanagar,6.0,300.0,200.0,400.0,0,Chamarajanagar,Tomato,Karnataka,False,False
2022-08-01,chamarajanagar,130.0,300.0,200.0,400.0,0,Chamarajanagar,Tomato,Karnataka,True,False
2022-08-02,chamarajanagar,105.0,350.0,325.0,400.0,2,Chamarajanagar,Tomato,Karnataka,True,True
2022-08-03,chamarajanagar,72.0,400.0,350.0,450.0,2,Chamarajanagar,Tomato,Karnataka,True,True
2022-08-04,chamarajanagar,65.0,400.0,350.0,450.0,2,Chamarajanagar,Tomato,Karnataka,True,True
2022-08-05,chamarajanagar,58.0,400.0,350.0,450.0,2,Chamarajanagar,Tomato,Karnataka,True,True
2022-08-06,chamarajanagar,37.0,600.0,600.0,600.0,1,Chamarajanagar,Tomato,Karnataka,True,True
2022-08-07,chamarajanagar,37.0,600.0,600.0,600.0,0,Chamarajanagar,Tomato,Karnataka,False,False
2022-08-08,chamarajanagar,35.0,600.0,600.0,600.0,0,Chamarajanagar,Tomato,Karnataka,True,False
2022-08-09,chamarajanagar,5.0,300.0,200.0,400.0,1,Chamarajanagar,Tomato,Karnataka,True,True
2022-08-10,chamarajanagar,149.0,500.0,500.0,600.0,1,Chamarajanagar,Tomato,Karnataka,True,True
2022-08-11,chamarajanagar,54.0,525.0,400.0,630.0,2,Chamarajanagar,Tomato,Karnataka,True,True
2022-08-12,chamarajanagar,55.0,475.0,400.0,600.0,2,Chamarajanagar,Tomato,Karnataka,True,True
2022-08-13,chamarajanagar,6.0,350.0,200.0,500.0,1,Chamarajanagar,Tomato,Karnataka,True,True
2022-08-14,chamarajanagar,6.0,350.0,200.0,500.0,0,Chamarajanagar,Tomato,Karnataka,False,False
2022-08-15,chamarajanagar,5.0,350.0,200.0,500.0,1,Chamarajanagar,Tomato,Karnataka,True,True
2022-08-16,chamarajanagar,51.0,900.0,880.0,1000.0,2,Chamarajanagar,Tomato,Karnataka,True,True
2022-08-17,chamarajanagar,21.0,670.0,563.0,750.0,2,Chamarajanagar,Tomato,Karnataka,True,True
2022-08-18,chamarajanagar,11.0,675.0,600.0,750.0,2,Chamarajanagar,Tomato,Karnataka,True,True
2022-08-19,chamarajanagar,19.0,605.0,500.0,750.0,2,Chamarajanagar,Tomato,Karnataka,True,True
2022-08-20,chamarajanagar,11.0,950.0,800.0,1100.0,2,Chamarajanagar,Tomato,Karnataka,True,True
2022-08-21,chamarajanagar,11.0,950.0,800.0,1100.0,0,Chamarajanagar,Tomato,Karnataka,False,False
2022-08-22,chamarajanagar,21.0,350.0,200.0,500.0,1,Chamarajanagar,Tomato,Karnataka,True,True
2022-08-23,chamarajanagar,27.0,625.0,500.0,750.0,2,Chamarajanagar,Tomato,Karnataka,True,True
2022-08-24,chamarajanagar,27.0,525.0,400.0,700.0,2,Chamarajanagar,Tomato,Karnataka,True,True
2022-08-25,chamarajanagar,28.0,350.0,200.0,500.0,1,Chamarajanagar,Tomato,Karnataka,True,True
2022-08-26,chamarajanagar,32.0,350.0,200.0,500.0,2,Chamarajanagar,Tomato,Karnataka,True,True
2022-08-27,chamarajanagar,5.0,300.0,200.0,600.0,1,Chamarajanagar,Tomato,Karnataka,True,True
2022-08-28,chamarajanagar,5.0,300.0,200.0,600.0,0,Chamarajanagar,Tomato,Karnataka,False,False
2022-08-29,chamarajanagar,44.0,1100.0,800.0,1300.0,2,Chamarajanagar,Tomato,Karnataka,True,True
2022-08-30,chamarajanagar,11.0,1200.0,850.0,1450.0,2,Chamarajanagar,Tomato,Karnataka,True,True
2022-08-31,chamarajanagar,11.0,1200.0,850.0,1450.0,0,Chamarajanagar,Tomato,Karnataka,False,False
2022-09-01,chamarajanagar,9.0,1600.0,1100.0,1900.0,2,Chamarajanagar,Tomato,Karnataka,True,True
2022-09-02,chamarajanagar,10.0,1475.0,1075.0,1700.0,2,Chamarajanagar,Tomato,Karnataka,True,True
2022-09-03,chamarajanagar,6.0,1475.0,1075.0,1700.0,0,Chamarajanagar,Tomato,Karnataka,True,False
2022-09-04,chamarajanagar,6.0,1475.0,1075.0,1700.0,0,Chamarajanagar,Tomato,Karnataka,False,False
2022-09-05,chamarajanagar,10.0,1800.0,600.0,2200.0,1,Chamarajanagar,Tomato,Karnataka,True,True
2022-09-06,chamarajanagar,10.0,1900.0,1400.0,2200.0,2,Chamarajanagar,Tomato,Karnataka,True,True
2022-09-07,chamarajanagar,8.0,1950.0,1400.0,2300.0,2,Chamarajanagar,Tomato,Karnataka,True,True
2022-09-08,chamarajanagar,6.0,2300.0,1850.0,2600.0,2,Chamarajanagar,Tomato,Karnataka,True,True
2022-09-09,chamarajanagar,4.0,3000.0,3000.0,3000.0,1,Chamarajanagar,Tomato,Karnataka,True,True
2022-09-10,chamarajanagar,6.0,1800.0,500.0,2200.0,1,Chamarajanagar,Tomato,Karnataka,True,True
2022-09-11,chamarajanagar,6.0,2900.0,2880.0,3050.0,1,Chamarajanagar,Tomato,Karnataka,True,True
2022-09-12,chamarajanagar,8.0,1800.0,1300.0,2000.0,2,Chamarajanagar,Tomato,Karnataka,True,True
2022-09-13,chamarajanagar,9.0,1950.0,1425.0,2250.0,2,Chamarajanagar,Tomato,Karnataka,True,True
2022-09-14,chamarajanagar,6.0,1900.0,1400.0,2200.0,2,Chamarajanagar,Tomato,Karnataka,True,True
2022-09-15,chamarajanagar,10.0,2900.0,2810.0,3000.0,1,Chamarajanagar,Tomato,Karnataka,True,True
2022-09-16,chamarajanagar,7.0,2200.0,1650.0,2400.0,2,Chamarajanagar,Tomato,Karnataka,True,True
2022-09-17,chamarajanagar,5.0,2200.0,1650.0,2400.0,0,Chamarajanagar,Tomato,Karnataka,True,False
2022-09-18,chamarajanagar,3.0,3200.0,3200.0,3200.0,1,Chamarajanagar,Tomato,Karnataka,True,True
2022-09-19,chamarajanagar,10.0,3200.0,3200.0,3200.0,0,Chamarajanagar,Tomato,Karnataka,True,False
2022-09-20,chamarajanagar,6.0,3200.0,3200.0,3200.0,0,Chamarajanagar,Tomato,Karnataka,True,False
2022-09-21,chamarajanagar,6.0,1600.0,1100.0,1800.0,2,Chamarajanagar,Tomato,Karnataka,True,True
2022-09-22,chamarajanagar,6.0,1600.0,1200.0,1800.0,2,Chamarajanagar,Tomato,Karnataka,True,True
2022-09-23,chamarajanagar,9.0,1700.0,1250.0,1900.0,2,Chamarajanagar,Tomato,Karnataka,True,True
2022-09-24,chamarajanagar,6.0,1500.0,500.0,2000.0,1,Chamarajanagar,Tomato,Karnataka,True,True
2022-09-25,chamarajanagar,6.0,2400.0,2300.0,2500.0,1,Chamarajanagar,Tomato,Karnataka,True,True
2022-09-26,chamarajanagar,8.0,2100.0,1650.0,2400.0,2,Chamarajanagar,Tomato,Karnataka,True,True
2022-09-27,chamarajanagar,7.0,1500.0,600.0,2200.0,1,Chamarajanagar,Tomato,Karnataka,True,True
2022-09-28,chamarajanagar,6.0,1942.5,1492.5,2350.0,2,Chamarajanagar,Tomato,Karnataka,True,True
2022-09-29,chamarajanagar,9.0,2100.0,1500.0,2450.0,2,Chamarajanagar,Tomato,Karnataka,True,True
2022-09-30,chamarajanagar,6.0,2100.0,1750.0,2600.0,2,Chamarajanagar,Tomato,Karnataka,True,True
2022-10-01,chamarajanagar,5.0,2000.0,1000.0,3000.0,1,Chamarajanagar,Tomato,Karnataka,True,True
2022-10-02,chamarajanagar,4.0,2400.0,2400.0,2500.0,1,Chamarajanagar,Tomato,Karnataka,True,True
2022-10-03,chamarajanagar,9.0,2250.0,1700.0,2950.0,2,Chamarajanagar,Tomato,Karnataka,True,True
2022-10-04,chamarajanagar,5.0,2275.0,1775.0,2675.0,2,Chamarajanagar,Tomato,Karnataka,True,True
2022-10-05,chamarajanagar,5.0,2275.0,1775.0,2675.0,0,Chamarajanagar,Tomato,Karnataka,False,False
2022-10-06,chamarajanagar,6.0,2600.0,2100.0,3000.0,2,Chamarajanagar,Tomato,Karnataka,True,True
2022-10-07,chamarajanagar,4.0,2700.0,2100.0,3100.0,2,Chamarajanagar,Tomato,Karnataka,True,True
2022-10-08,chamarajanagar,6.0,2700.0,2100.0,3100.0,0,Chamarajanagar,Tomato,Karnataka,True,False
2022-10-09,chamarajanagar,6.0,2580.0,1800.0,2700.0,1,Chamarajanagar,Tomato,Karnataka,True,True
2022-10-10,chamarajanagar,7.0,2225.0,1800.0,2650.0,2,Chamarajanagar,Tomato,Karnataka,True,True
2022-10-11,chamarajanagar,6.0,2500.0,1850.0,2900.0,2,Chamarajanagar,Tomato,Karnataka,True,True
2022-10-12,chamarajanagar,5.0,3000.0,3000.0,3000.0,2,Chamarajanagar,Tomato,Karnataka,True,True
2022-10-13,chamarajanagar,8.0,2475.0,1925.0,2900.0,2,Chamarajanagar,Tomato,Karnataka,True,True
2022-10-14,chamarajanagar,6.0,2000.0,1000.0,2800.0,2,Chamarajanagar,Tomato,Karnataka,True,True
2022-10-15,chamarajanagar,5.0,2100.0,1000.0,2800.0,1,Chamarajanagar,Tomato,Karnataka,True,True
2022-10-16,chamarajanagar,2.0,3260.0,3200.0,3300.0,1,Chamarajanagar,Tomato,Karnataka,True,True
2022-10-17,chamarajanagar,9.0,2250.0,1800.0,2750.0,2,Chamarajanagar,Tomato,Karnataka,True,True
2022-10-18,chamarajanagar,7.0,2200.0,1700.0,2600.0,2,Chamarajanagar,Tomato,Karnataka,True,True
2022-10-19,chamarajanagar,9.0,1800.0,800.0,2500.0,2,Chamarajanagar,Tomato,Karnataka,True,True
2022-10-20,chamarajanagar,9.0,1550.0,1350.0,1850.0,2,Chamarajanagar,Tomato,Karnataka,True,True
2022-10-21,chamarajanagar,9.0,1500.0,1300.0,1850.0,2,Chamarajanagar,Tomato,Karnataka,True,True
2022-10-22,chamarajanagar,6.0,1300.0,800.0,1800.0,1,Chamarajanagar,Tomato,Karnataka,True,True
2022-10-23,chamarajanagar,6.0,1300.0,800.0,1800.0,0,Chamarajanagar,Tomato,Karnataka,False,False
2022-10-24,chamarajanagar,6.0,1400.0,800.0,1800.0,1,Chamarajanagar,Tomato,Karnataka,True,True
2022-10-25,chamarajanagar,19.0,2100.0,1700.0,2200.0,1,Chamarajanagar,Tomato,Karnataka,True,True
2022-10-26,chamarajanagar,3.0,1000.0,600.0,1800.0,1,Chamarajanagar,Tomato,Karnataka,True,True
2022-10-27,chamarajanagar,15.0,1400.0,1300.0,1500.0,1,Chamarajanagar,Tomato,Karnataka,True,True
2022-10-28,chamarajanagar,11.0,1000.0,850.0,1300.0,2,Chamarajanagar,Tomato,Karnataka,True,True
2022-10-29,chamarajanagar,4.0,600.0,200.0,1000.0,1,Chamarajanagar,Tomato,Karnataka,True,True
2022-10-30,chamarajanagar,10.0,1150.0,1000.0,1200.0,1,Chamarajanagar,Tomato,Karnataka,True,True
2022-10-31,chamarajanagar,11.0,850.0,650.0,1000.0,2,Chamarajanagar,Tomato,Karnataka,True,True
2022-11-01,chamarajanagar,9.0,700.0,300.0,1000.0,2,Chamarajanagar,Tomato,Karnataka,True,True
2022-11-02,chamarajanagar,9.0,1000.0,1000.0,1000.0,1,Chamarajanagar,Tomato,Karnataka,True,True
2022-11-03,chamarajanagar,10.0,700.0,550.0,950.0,2,Chamarajanagar,Tomato,Karnataka,True,True
2022-11-04,chamarajanagar,17.0,600.0,300.0,1000.0,1,Chamarajanagar,Tomato,Karnataka,True,True
2022-11-05,chamarajanagar,6.0,600.0,300.0,900.0,1,Chamarajanagar,Tomato,Karnataka,True,True
2022-11-06,chamarajanagar,6.0,600.0,300.0,900.0,0,Chamarajanagar,Tomato,Karnataka,False,False
2022-11-07,chamarajanagar,24.0,800.0,650.0,1000.0,2,Chamarajanagar,Tomato,Karnataka,True,True
2022-11-08,chamarajanagar,8.0,600.0,300.0,900.0,2,Chamarajanagar,Tomato,Karnataka,True,True
2022-11-09,chamarajanagar,11.0,600.0,300.0,900.0,0,Chamarajanagar,Tomato,Karnataka,True,False
2022-11-10,chamarajanagar,4.0,600.0,300.0,900.0,1,Chamarajanagar,Tomato,Karnataka,True,True
2022-11-11,chamarajanagar,6.0,550.0,300.0,800.0,1,Chamarajanagar,Tomato,Karnataka,True,True
2022-11-12,chamarajanagar,3.0,650.0,500.0,800.0,1,Chamarajanagar,Tomato,Karnataka,True,True
2022-11-13,chamarajanagar,3.0,650.0,500.0,800.0,0,Chamarajanagar,Tomato,Karnataka,False,False
2022-11-14,chamarajanagar,39.0,650.0,550.0,900.0,2,Chamarajanagar,Tomato,Karnataka,True,True
2022-11-15,chamarajanagar,9.0,900.0,900.0,1000.0,2,Chamarajanagar,Tomato,Karnataka,True,True
2022-11-16,chamarajanagar,12.0,750.0,625.0,900.0,2,Chamarajanagar,Tomato,Karnataka,True,True
2022-11-17,chamarajanagar,23.0,525.0,525.0,600.0,1,Chamarajanagar,Tomato,Karnataka,True,True
2022-11-18,chamarajanagar,18.0,500.0,500.0,600.0,2,Chamarajanagar,Tomato,Karnataka,True,True
2022-11-19,chamarajanagar,6.0,700.0,400.0,1000.0,1,Chamarajanagar,Tomato,Karnataka,True,True
2022-11-20,chamarajanagar,6.0,700.0,400.0,1000.0,0,Chamarajanagar,Tomato,Karnataka,False,False
2022-11-21,chamarajanagar,32.0,500.0,400.0,600.0,2,Chamarajanagar,Tomato,Karnataka,True,True
2022-11-22,chamarajanagar,18.0,525.0,400.0,650.0,2,Chamarajanagar,Tomato,Karnataka,True,True
2022-11-23,chamarajanagar,17.0,350.0,200.0,500.0,2,Chamarajanagar,Tomato,Karnataka,True,True
2022-11-24,chamarajanagar,22.0,400.0,200.0,600.0,2,Chamarajanagar,Tomato,Karnataka,True,True
2022-11-25,chamarajanagar,24.0,525.0,397.5,650.0,2,Chamarajanagar,Tomato,Karnataka,True,True
2022-11-26,chamarajanagar,5.0,500.0,200.0,800.0,1,Chamarajanagar,Tomato,Karnataka,True,True
2022-11-27,chamarajanagar,8.0,800.0,800.0,900.0,1,Chamarajanagar,Tomato,Karnataka,True,True
2022-11-28,chamarajanagar,26.0,800.0,800.0,900.0,0,Chamarajanagar,Tomato,Karnataka,True,False
2022-11-29,chamarajanagar,14.0,600.0,500.0,700.0,2,Chamarajanagar,Tomato,Karnataka,True,True
2022-11-30,chamarajanagar,11.0,500.0,200.0,800.0,1,Chamarajanagar,Tomato,Karnataka,True,True
2022-12-01,chamarajanagar,19.0,525.0,450.0,650.0,2,Chamarajanagar,Tomato,Karnataka,True,True
2022-12-02,chamarajanagar,11.0,500.0,200.0,800.0,1,Chamarajanagar,Tomato,Karnataka,True,True
2022-12-03,chamarajanagar,4.0,600.0,200.0,1000.0,1,Chamarajanagar,Tomato,Karnataka,True,True
2022-12-04,chamarajanagar,11.0,800.0,800.0,900.0,1,Chamarajanagar,Tomato,Karnataka,True,True
2022-12-05,chamarajanagar,20.0,650.0,450.0,850.0,2,Chamarajanagar,Tomato,Karnataka,True,True
2022-12-06,chamarajanagar,9.0,850.0,820.0,900.0,1,Chamarajanagar,Tomato,Karnataka,True,True
2022-12-07,chamarajanagar,11.0,650.0,500.0,900.0,2,Chamarajanagar,Tomato,Karnataka,True,True
2022-12-08,chamarajanagar,12.0,750.0,550.0,1000.0,2,Chamarajanagar,Tomato,Karnataka,True,True
2022-12-09,chamarajanagar,11.0,900.0,900.0,900.0,2,Chamarajanagar,Tomato,Karnataka,True,True
2022-12-10,chamarajanagar,4.0,500.0,200.0,800.0,1,Chamarajanagar,Tomato,Karnataka,True,True
2022-12-11,chamarajanagar,8.0,1000.0,1000.0,1000.0,1,Chamarajanagar,Tomato,Karnataka,True,True
2022-12-12,chamarajanagar,7.0,600.0,300.0,1000.0,2,Chamarajanagar,Tomato,Karnataka,True,True
2022-12-13,chamarajanagar,11.0,1150.0,950.0,1400.0,2,Chamarajanagar,Tomato,Karnataka,True,True
2022-12-14,chamarajanagar,8.0,1150.0,950.0,1450.0,2,Chamarajanagar,Tomato,Karnataka,True,True
2022-12-15,chamarajanagar,13.0,1150.0,950.0,1450.0,0,Chamarajanagar,Tomato,Karnataka,True,False
2022-12-16,chamarajanagar,11.0,1100.0,850.0,1250.0,2,Chamarajanagar,Tomato,Karnataka,True,True
2022-12-17,chamarajanagar,5.0,900.0,500.0,1400.0,1,Chamarajanagar,Tomato,Karnataka,True,True
2022-12-18,chamarajanagar,9.0,1500.0,1400.0,1600.0,1,Chamarajanagar,Tomato,Karnataka,True,True
2022-12-19,chamarajanagar,16.0,1500.0,1400.0,1600.0,2,Chamarajanagar,Tomato,Karnataka,True,True
2022-12-20,chamarajanagar,16.0,1200.0,1050.0,1400.0,2,Chamarajanagar,Tomato,Karnataka,True,True
2022-12-21,chamarajanagar,33.0,950.0,800.0,1300.0,2,Chamarajanagar,Tomato,Karnataka,True,True
2022-12-22,chamarajanagar,27.0,800.0,700.0,900.0,1,Chamarajanagar,Tomato,Karnataka,True,True
2022-12-23,chamarajanagar,17.0,965.0,900.0,1000.0,1,Chamarajanagar,Tomato,Karnataka,True,True
2022-12-24,chamarajanagar,5.0,750.0,500.0,1000.0,1,Chamarajanagar,Tomato,Karnataka,True,True
2022-12-25,chamarajanagar,6.0,1200.0,1200.0,1200.0,1,Chamarajanagar,Tomato,Karnataka,True,True
2022-12-26,chamarajanagar,13.0,850.0,650.0,1100.0,2,Chamarajanagar,Tomato,Karnataka,True,True
2022-12-27,chamarajanagar,18.0,900.0,900.0,1000.0,1,Chamarajanagar,Tomato,Karnataka,True,True
2022-12-28,chamarajanagar,20.0,725.0,500.0,950.0,2,Chamarajanagar,Tomato,Karnataka,True,True
2022-12-29,chamarajanagar,33.0,725.0,640.0,807.5,2,Chamarajanagar,Tomato,Karnataka,True,True
2022-12-30,chamarajanagar,24.0,1100.0,1000.0,1200.0,1,Chamarajanagar,Tomato,Karnataka,True,True
2022-12-31,chamarajanagar,6.0,1100.0,1000.0,1200.0,0,Chamarajanagar,Tomato,Karnataka,True,False
2023-01-01,chamarajanagar,15.0,1180.0,1180.0,1200.0,1,Chamarajanagar,Tomato,Karnataka,True,True
2023-01-02,chamarajanagar,12.0,1100.0,1000.0,1200.0,2,Chamarajanagar,Tomato,Karnataka,True,True
2023-01-03,chamarajanagar,18.0,1000.0,750.0,1250.0,2,Chamarajanagar,Tomato,Karnataka,True,True
2023-01-04,chamarajanagar,14.0,1100.0,1000.0,1200.0,1,Chamarajanagar,Tomato,Karnataka,True,True
2023-01-05,chamarajanagar,24.0,1250.0,1145.0,1280.0,2,Chamarajanagar,Tomato,Karnataka,True,True
2023-01-06,chamarajanagar,14.0,1100.0,1000.0,1200.0,1,Chamarajanagar,Tomato,Karnataka,True,True
2023-01-07,chamarajanagar,6.0,900.0,400.0,1300.0,1,Chamarajanagar,Tomato,Karnataka,True,True
2023-01-08,chamarajanagar,18.0,1000.0,1000.0,1000.0,1,Chamarajanagar,Tomato,Karnataka,True,True
2023-01-09,chamarajanagar,23.0,900.0,650.0,1200.0,2,Chamarajanagar,Tomato,Karnataka,True,True
2023-01-10,chamarajanagar,16.0,1300.0,1200.0,1400.0,2,Chamarajanagar,Tomato,Karnataka,True,True
2023-01-11,chamarajanagar,11.0,1125.0,835.0,1450.0,2,Chamarajanagar,Tomato,Karnataka,True,True
2023-01-12,chamarajanagar,14.0,900.0,400.0,1600.0,1,Chamarajanagar,Tomato,Karnataka,True,True
2023-01-13,chamarajanagar,13.0,1450.0,1125.0,1790.0,2,Chamarajanagar,Tomato,Karnataka,True,True
2023-01-14,chamarajanagar,6.0,1500.0,600.0,2200.0,1,Chamarajanagar,Tomato,Karnataka,True,True
2023-01-15,chamarajanagar,4.0,1850.0,1675.0,2600.0,1,Chamarajanagar,Tomato,Karnataka,True,True
2023-01-16,chamarajanagar,12.0,1950.0,1490.0,2637.5,2,Chamarajanagar,Tomato,Karnataka,True,True
2023-01-17,chamarajanagar,9.0,2100.0,2000.0,2200.0,1,Chamarajanagar,Tomato,Karnataka,True,True
2023-01-18,chamarajanagar,10.0,1500.0,600.0,2400.0,1,Chamarajanagar,Tomato,Karnataka,True,True
2023-01-19,chamarajanagar,14.0,1850.0,1300.0,2315.0,2,Chamarajanagar,Tomato,Karnataka,True,True
2023-01-20,chamarajanagar,16.0,1950.0,1500.0,2450.0,2,Chamarajanagar,Tomato,Karnataka,True,True
2023-01-21,chamarajanagar,5.0,1950.0,1500.0,2450.0,0,Chamarajanagar,Tomato,Karnataka,True,False
2023-01-22,chamarajanagar,5.0,2150.0,2100.0,2200.0,1,Chamarajanagar,Tomato,Karnataka,True,True
2023-01-23,chamarajanagar,14.0,1900.0,1800.0,2000.0,1,Chamarajanagar,Tomato,Karnataka,True,True
2023-01-24,chamarajanagar,13.0,1900.0,1800.0,2000.0,0,Chamarajanagar,Tomato,Karnataka,True,False
2023-01-25,chamarajanagar,12.0,1450.0,900.0,1850.0,2,Chamarajanagar,Tomato,Karnataka,True,True
2023-01-26,chamarajanagar,11.0,1400.0,1400.0,1500.0,1,Chamarajanagar,Tomato,Karnataka,True,True
2023-01-27,chamarajanagar,11.0,1270.0,970.0,1520.0,2,Chamarajanagar,Tomato,Karnataka,True,True
2023-01-28,chamarajanagar,5.0,900.0,400.0,1500.0,1,Chamarajanagar,Tomato,Karnataka,True,True
2023-01-29,chamarajanagar,9.0,1700.0,1400.0,1800.0,1,Chamarajanagar,Tomato,Karnataka,True,True
2023-01-30,chamarajanagar,20.0,1300.0,900.0,1800.0,2,Chamarajanagar,Tomato,Karnataka,True,True
2023-01-31,chamarajanagar,13.0,1200.0,850.0,1600.0,2,Chamarajanagar,Tomato,Karnataka,True,True
2023-02-01,chamarajanagar,13.0,1000.0,400.0,1600.0,1,Chamarajanagar,Tomato,Karnataka,True,True
2023-02-02,chamarajanagar,12.0,1250.0,950.0,1600.0,2,Chamarajanagar,Tomato,Karnataka,True,True
2023-02-03,chamarajanagar,19.0,1150.0,894.0,1700.0,2,Chamarajanagar,Tomato,Karnataka,True,True
2023-02-04,chamarajanagar,5.0,1000.0,400.0,1700.0,1,Chamarajanagar,Tomato,Karnataka,True,True
2023-02-05,chamarajanagar,11.0,1100.0,1100.0,1200.0,1,Chamarajanagar,Tomato,Karnataka,True,True
2023-02-06,chamarajanagar,15.0,1050.0,700.0,1400.0,2,Chamarajanagar,Tomato,Karnataka,True,True
2023-02-07,chamarajanagar,17.0,1125.0,810.0,1400.0,2,Chamarajanagar,Tomato,Karnataka,True,True
2023-02-08,chamarajanagar,12.0,1400.0,1300.0,1500.0,2,Chamarajanagar,Tomato,Karnataka,True,True
2023-02-09,chamarajanagar,12.0,1250.0,900.0,1600.0,2,Chamarajanagar,Tomato,Karnataka,True,True
2023-02-10,chamarajanagar,14.0,1600.0,1400.0,1800.0,1,Chamarajanagar,Tomato,Karnataka,True,True
2023-02-11,chamarajanagar,5.0,1200.0,400.0,1800.0,1,Chamarajanagar,Tomato,Karnataka,True,True
2023-02-12,chamarajanagar,11.0,1800.0,1600.0,2000.0,1,Chamarajanagar,Tomato,Karnataka,True,True
2023-02-13,chamarajanagar,12.0,2000.0,2000.0,2000.0,2,Chamarajanagar,Tomato,Karnataka,True,True
2023-02-14,chamarajanagar,13.0,2000.0,2000.0,2000.0,0,Chamarajanagar,Tomato,Karnataka,True,False
2023-02-15,chamarajanagar,9.0,1750.0,1250.0,2250.0,2,Chamarajanagar,Tomato,Karnataka,True,True
2023-02-16,chamarajanagar,10.0,1900.0,1350.0,2695.0,2,Chamarajanagar,Tomato,Karnataka,True,True
2023-02-17,chamarajanagar,18.0,1900.0,1350.0,2350.0,2,Chamarajanagar,Tomato,Karnataka,True,True
2023-02-18,chamarajanagar,5.0,1600.0,600.0,2400.0,1,Chamarajanagar,Tomato,Karnataka,True,True
2023-02-19,chamarajanagar,5.0,1600.0,600.0,2400.0,0,Chamarajanagar,Tomato,Karnataka,False,False
2023-02-20,chamarajanagar,8.0,1750.0,1300.0,2200.0,2,Chamarajanagar,Tomato,Karnataka,True,True
2023-02-21,chamarajanagar,12.0,1750.0,1300.0,2200.0,0,Chamarajanagar,Tomato,Karnataka,True,False
2023-02-22,chamarajanagar,10.0,1675.0,1150.0,2100.0,2,Chamarajanagar,Tomato,Karnataka,True,True
2023-02-23,chamarajanagar,12.0,1400.0,500.0,2200.0,1,Chamarajanagar,Tomato,Karnataka,True,True
2023-02-24,chamarajanagar,22.0,1675.0,1150.0,2050.0,2,Chamarajanagar,Tomato,Karnataka,True,True
2023-02-25,chamarajanagar,5.0,1400.0,400.0,2200.0,1,Chamarajanagar,Tomato,Karnataka,True,True
2023-02-26,chamarajanagar,5.0,1400.0,400.0,2200.0,0,Chamarajanagar,Tomato,Karnataka,False,False
2023-02-27,chamarajanagar,8.0,1100.0,400.0,1800.0,1,Chamarajanagar,Tomato,Karnataka,True,True
2023-02-28,chamarajanagar,12.0,1500.0,950.0,1900.0,2,Chamarajanagar,Tomato,Karnataka,True,True
2023-03-01,chamarajanagar,16.0,1400.0,1030.0,1800.0,2,Chamarajanagar,Tomato,Karnataka,True,True
2023-03-02,chamarajanagar,11.0,1350.0,900.0,1750.0,2,Chamarajanagar,Tomato,Karnataka,True,True
2023-03-03,chamarajanagar,10.0,1200.0,400.0,1800.0,1,Chamarajanagar,Tomato,Karnataka,True,True
2023-03-04,chamarajanagar,5.0,1200.0,400.0,2000.0,1,Chamarajanagar,Tomato,Karnataka,True,True
2023-03-05,chamarajanagar,11.0,1600.0,1500.0,1800.0,1,Chamarajanagar,Tomato,Karnataka,True,True
2023-03-06,chamarajanagar,15.0,1600.0,1600.0,1700.0,2,Chamarajanagar,Tomato,Karnataka,True,True
2023-03-07,chamarajanagar,16.0,1400.0,1000.0,1760.0,2,Chamarajanagar,Tomato,Karnataka,True,True
2023-03-08,chamarajanagar,11.0,1500.0,1400.0,1700.0,2,Chamarajanagar,Tomato,Karnataka,True,True
2023-03-09,chamarajanagar,14.0,1000.0,400.0,1500.0,2,Chamarajanagar,Tomato,Karnataka,True,True
2023-03-10,chamarajanagar,13.0,900.0,400.0,1600.0,1,Chamarajanagar,Tomato,Karnataka,True,True
2023-03-11,chamarajanagar,5.0,900.0,400.0,1400.0,1,Chamarajanagar,Tomato,Karnataka,True,True
2023-03-12,chamarajanagar,11.0,1100.0,1000.0,1230.0,1,Chamarajanagar,Tomato,Karnataka,True,True
2023-03-13,chamarajanagar,27.0,930.0,830.0,1000.0,1,Chamarajanagar,Tomato,Karnataka,True,True
2023-03-14,chamarajanagar,21.0,900.0,700.0,1100.0,1,Chamarajanagar,Tomato,Karnataka,True,True
2023-03-15,chamarajanagar,10.0,900.0,650.0,1500.0,2,Chamarajanagar,Tomato,Karnataka,True,True
2023-03-16,chamarajanagar,24.0,1100.0,1000.0,1200.0,1,Chamarajanagar,Tomato,Karnataka,True,True
2023-03-17,chamarajanagar,23.0,600.0,200.0,1000.0,2,Chamarajanagar,Tomato,Karnataka,True,True
2023-03-18,chamarajanagar,5.0,800.0,400.0,1200.0,1,Chamarajanagar,Tomato,Karnataka,True,True
2023-03-19,chamarajanagar,24.0,850.0,760.0,1000.0,1,Chamarajanagar,Tomato,Karnataka,True,True
2023-03-20,chamarajanagar,41.0,550.0,350.0,750.0,2,Chamarajanagar,Tomato,Karnataka,True,True
2023-03-21,chamarajanagar,18.0,660.0,660.0,700.0,2,Chamarajanagar,Tomato,Karnataka,True,True
2023-03-22,chamarajanagar,5.0,400.0,200.0,700.0,1,Chamarajanagar,Tomato,Karnataka,True,True
2023-03-23,chamarajanagar,2.0,400.0,200.0,700.0,0,Chamarajanagar,Tomato,Karnataka,True,False
2023-03-24,chamarajanagar,46.0,575.0,400.0,850.0,2,Chamarajanagar,Tomato,Karnataka,True,True
2023-03-25,chamarajanagar,5.0,500.0,200.0,800.0,1,Chamarajanagar,Tomato,Karnataka,True,True
2023-03-26,chamarajanagar,54.0,500.0,400.0,600.0,1,Chamarajanagar,Tomato,Karnataka,True,True
2023-03-27,chamarajanagar,53.0,500.0,400.0,600.0,2,Chamarajanagar,Tomato,Karnataka,True,True
2023-03-28,chamarajanagar,21.0,400.0,400.0,500.0,1,Chamarajanagar,Tomato,Karnataka,True,True
2023-03-29,chamarajanagar,34.0,450.0,400.0,500.0,1,Chamarajanagar,Tomato,Karnataka,True,True
2023-03-30,chamarajanagar,57.0,475.0,317.5,612.5,2,Chamarajanagar,Tomato,Karnataka,True,True
2023-03-31,chamarajanagar,69.0,400.0,300.0,500.0,2,Chamarajanagar,Tomato,Karnataka,True,True
2023-04-01,chamarajanagar,5.0,350.0,200.0,500.0,1,Chamarajanagar,Tomato,Karnataka,True,True
2023-04-02,chamarajanagar,19.0,500.0,500.0,600.0,1,Chamarajanagar,Tomato,Karnataka,True,True
2023-04-03,chamarajanagar,11.0,500.0,200.0,800.0,1,Chamarajanagar,Tomato,Karnataka,True,True
2023-04-04,chamarajanagar,34.0,600.0,450.0,800.0,2,Chamarajanagar,Tomato,Karnataka,True,True
2023-04-05,chamarajanagar,35.0,700.0,660.0,730.0,2,Chamarajanagar,Tomato,Karnataka,True,True
2023-04-06,chamarajanagar,49.0,475.0,300.0,600.0,2,Chamarajanagar,Tomato,Karnataka,True,True
2023-04-07,chamarajanagar,39.0,475.0,400.0,600.0,2,Chamarajanagar,Tomato,Karnataka,True,True
2023-04-08,chamarajanagar,5.0,500.0,200.0,800.0,1,Chamarajanagar,Tomato,Karnataka,True,True
2023-04-09,chamarajanagar,29.0,500.0,500.0,600.0,1,Chamarajanagar,Tomato,Karnataka,True,True
2023-04-10,chamarajanagar,36.0,525.0,400.0,607.5,2,Chamarajanagar,Tomato,Karnataka,True,True
2023-04-11,chamarajanagar,31.0,450.0,200.0,700.0,2,Chamarajanagar,Tomato,Karnataka,True,True
2023-04-12,chamarajanagar,53.0,500.0,300.0,700.0,2,Chamarajanagar,Tomato,Karnataka,True,True
2023-04-13,chamarajanagar,26.0,575.0,412.5,707.5,2,Chamarajanagar,Tomato,Karnataka,True,True
2023-04-14,chamarajanagar,16.0,575.0,400.0,750.0,2,Chamarajanagar,Tomato,Karnataka,True,True
2023-04-15,chamarajanagar,5.0,450.0,200.0,700.0,1,Chamarajanagar,Tomato,Karnataka,True,True
2023-04-16,chamarajanagar,19.0,680.0,670.0,700.0,1,Chamarajanagar,Tomato,Karnataka,True,True
2023-04-17,chamarajanagar,47.0,432.5,307.5,650.0,2,Chamarajanagar,Tomato,Karnataka,True,True
2023-04-18,chamarajanagar,38.0,450.0,200.0,700.0,1,Chamarajanagar,Tomato,Karnataka,True,True
2023-04-19,chamarajanagar,21.0,600.0,450.0,750.0,2,Chamarajanagar,Tomato,Karnataka,True,True
2023-04-20,chamarajanagar,18.0,400.0,300.0,550.0,2,Chamarajanagar,Tomato,Karnataka,True,True
2023-04-21,chamarajanagar,20.0,550.0,350.0,700.0,2,Chamarajanagar,Tomato,Karnataka,True,True
2023-04-22,chamarajanagar,5.0,500.0,400.0,600.0,1,Chamarajanagar,Tomato,Karnataka,True,True
2023-04-23,chamarajanagar,10.0,750.0,700.0,800.0,1,Chamarajanagar,Tomato,Karnataka,True,True
2023-04-24,chamarajanagar,19.0,500.0,500.0,600.0,2,Chamarajanagar,Tomato,Karnataka,True,True
2023-04-25,chamarajanagar,17.0,425.0,350.0,550.0,2,Chamarajanagar,Tomato,Karnataka,True,True
2023-04-26,chamarajanagar,13.0,425.0,350.0,550.0,2,Chamarajanagar,Tomato,Karnataka,True,True
2023-04-27,chamarajanagar,53.0,350.0,300.0,450.0,2,Chamarajanagar,Tomato,Karnataka,True,True
2023-04-28,chamarajanagar,33.0,450.0,400.0,502.5,2,Chamarajanagar,Tomato,Karnataka,True,True
2023-04-29,chamarajanagar,6.0,400.0,200.0,600.0,1,Chamarajanagar,Tomato,Karnataka,True,True
2023-04-30,chamarajanagar,45.0,400.0,300.0,500.0,1,Chamarajanagar,Tomato,Karnataka,True,True
2023-05-01,chamarajanagar,45.0,400.0,300.0,500.0,0,Chamarajanagar,Tomato,Karnataka,False,False
2023-05-02,chamarajanagar,22.0,500.0,400.0,600.0,1,Chamarajanagar,Tomato,Karnataka,True,True
2023-05-03,chamarajanagar,28.0,400.0,200.0,600.0,1,Chamarajanagar,Tomato,Karnataka,True,True
2023-05-04,chamarajanagar,23.0,400.0,200.0,600.0,1,Chamarajanagar,Tomato,Karnataka,True,True
2023-05-05,chamarajanagar,22.0,550.0,350.0,700.0,2,Chamarajanagar,Tomato,Karnataka,True,True
2023-05-06,chamarajanagar,5.0,450.0,200.0,700.0,1,Chamarajanagar,Tomato,Karnataka,True,True
2023-05-07,chamarajanagar,9.0,600.0,600.0,700.0,1,Chamarajanagar,Tomato,Karnataka,True,True
2023-05-08,chamarajanagar,19.0,700.0,400.0,1000.0,1,Chamarajanagar,Tomato,Karnataka,True,True
2023-05-09,chamarajanagar,19.0,700.0,550.0,900.0,2,Chamarajanagar,Tomato,Karnataka,True,True
2023-05-10,chamarajanagar,19.0,700.0,550.0,900.0,0,Chamarajanagar,Tomato,Karnataka,False,False
2023-05-11,chamarajanagar,16.0,700.0,550.0,900.0,0,Chamarajanagar,Tomato,Karnataka,True,False
2023-05-12,chamarajanagar,10.0,950.0,750.0,1150.0,2,Chamarajanagar,Tomato,Karnataka,True,True
2023-05-13,chamarajanagar,5.0,800.0,400.0,1200.0,1,Chamarajanagar,Tomato,Karnataka,True,True
2023-05-14,chamarajanagar,5.0,1300.0,1100.0,1400.0,1,Chamarajanagar,Tomato,Karnataka,True,True
2023-05-15,chamarajanagar,17.0,700.0,300.0,1000.0,1,Chamarajanagar,Tomato,Karnataka,True,True
2023-05-16,chamarajanagar,15.0,872.5,650.0,1100.0,2,Chamarajanagar,Tomato,Karnataka,True,True
2023-05-17,chamarajanagar,10.0,850.0,700.0,1100.0,2,Chamarajanagar,Tomato,Karnataka,True,True
2023-05-18,chamarajanagar,13.0,700.0,500.0,950.0,2,Chamarajanagar,Tomato,Karnataka,True,True
2023-05-19,chamarajanagar,12.0,700.0,500.0,900.0,2,Chamarajanagar,Tomato,Karnataka,True,True
2023-05-20,chamarajanagar,6.0,700.0,300.0,1000.0,1,Chamarajanagar,Tomato,Karnataka,True,True
2023-05-21,chamarajanagar,8.0,900.0,840.0,1000.0,1,Chamarajanagar,Tomato,Karnataka,True,True
2023-05-22,chamarajanagar,19.0,717.5,540.0,900.0,2,Chamarajanagar,Tomato,Karnataka,True,True
2023-05-23,chamarajanagar,16.0,650.0,450.0,850.0,2,Chamarajanagar,Tomato,Karnataka,True,True
2023-05-24,chamarajanagar,16.0,800.0,700.0,900.0,2,Chamarajanagar,Tomato,Karnataka,True,True
2023-05-25,chamarajanagar,18.0,450.0,200.0,700.0,2,Chamarajanagar,Tomato,Karnataka,True,True
2023-05-26,chamarajanagar,19.0,800.0,600.0,950.0,2,Chamarajanagar,Tomato,Karnataka,True,True
2023-05-27,chamarajanagar,6.0,700.0,300.0,1000.0,1,Chamarajanagar,Tomato,Karnataka,True,True
2023-05-28,chamarajanagar,18.0,1000.0,1000.0,1000.0,1,Chamarajanagar,Tomato,Karnataka,True,True
2023-05-29,chamarajanagar,15.0,700.0,400.0,1000.0,1,Chamarajanagar,Tomato,Karnataka,True,True
2023-05-30,chamarajanagar,14.0,1075.0,850.0,1250.0,2,Chamarajanagar,Tomato,Karnataka,True,True
2023-05-31,chamarajanagar,15.0,1500.0,1200.0,1820.0,2,Chamarajanagar,Tomato,Karnataka,True,True
2023-06-01,chamarajanagar,13.0,1400.0,1200.0,1600.0,2,Chamarajanagar,Tomato,Karnataka,True,True
2023-06-02,chamarajanagar,12.0,1640.0,1290.0,2000.0,2,Chamarajanagar,Tomato,Karnataka,True,True
2023-06-03,chamarajanagar,5.0,1640.0,1290.0,2000.0,0,Chamarajanagar,Tomato,Karnataka,True,False
2023-06-04,chamarajanagar,8.0,1640.0,1290.0,2000.0,0,Chamarajanagar,Tomato,Karnataka,True,False
2023-06-05,chamarajanagar,20.0,1300.0,900.0,1650.0,2,Chamarajanagar,Tomato,Karnataka,True,True
2023-06-06,chamarajanagar,13.0,1300.0,1000.0,1700.0,2,Chamarajanagar,Tomato,Karnataka,True,True
2023-06-07,chamarajanagar,8.0,1490.0,1240.0,1850.0,2,Chamarajanagar,Tomato,Karnataka,True,True
2023-06-08,chamarajanagar,7.0,2468.0,2468.0,2500.0,1,Chamarajanagar,Tomato,Karnataka,True,True
2023-06-09,chamarajanagar,5.0,2468.0,2468.0,2500.0,0,Chamarajanagar,Tomato,Karnataka,True,False
2023-06-10,chamarajanagar,4.0,1000.0,400.0,1800.0,1,Chamarajanagar,Tomato,Karnataka,True,True
2023-06-11,chamarajanagar,10.0,2100.0,2000.0,2200.0,1,Chamarajanagar,Tomato,Karnataka,True,True
2023-06-12,chamarajanagar,8.0,2300.0,2300.0,2400.0,2,Chamarajanagar,Tomato,Karnataka,True,True
2023-06-13,chamarajanagar,13.0,1750.0,1300.0,2250.0,2,Chamarajanagar,Tomato,Karnataka,True,True
2023-06-14,chamarajanagar,5.0,1750.0,1300.0,2250.0,0,Chamarajanagar,Tomato,Karnataka,True,False
2023-06-15,chamarajanagar,8.0,1650.0,1200.0,2100.0,2,Chamarajanagar,Tomato,Karnataka,True,True
2023-06-16,chamarajanagar,7.0,2025.0,1500.0,2550.0,2,Chamarajanagar,Tomato,Karnataka,True,True
2023-06-17,chamarajanagar,5.0,2025.0,1500.0,2550.0,0,Chamarajanagar,Tomato,Karnataka,True,False
2023-06-18,chamarajanagar,3.0,3100.0,3100.0,3100.0,1,Chamarajanagar,Tomato,Karnataka,True,True
2023-06-19,chamarajanagar,9.0,2100.0,1550.0,2800.0,2,Chamarajanagar,Tomato,Karnataka,True,True
2023-06-20,chamarajanagar,9.0,900.0,800.0,1000.0,1,Chamarajanagar,Tomato,Karnataka,True,True
2023-06-21,chamarajanagar,4.0,900.0,800.0,1000.0,0,Chamarajanagar,Tomato,Karnataka,True,False
2023-06-22,chamarajanagar,6.0,1600.0,600.0,2700.0,1,Chamarajanagar,Tomato,Karnataka,True,True
2023-06-23,chamarajanagar,10.0,2900.0,2100.0,3100.0,1,Chamarajanagar,Tomato,Karnataka,True,True
2023-06-24,chamarajanagar,6.0,1800.0,800.0,2800.0,1,Chamarajanagar,Tomato,Karnataka,True,True
2023-06-25,chamarajanagar,3.0,5300.0,5100.0,5500.0,1,Chamarajanagar,Tomato,Karnataka,True,True
2023-06-26,chamarajanagar,10.0,5200.0,5000.0,6675.0,1,Chamarajanagar,Tomato,Karnataka,True,True
2023-06-27,chamarajanagar,6.0,3000.0,800.0,3800.0,2,Chamarajanagar,Tomato,Karnataka,True,True
2023-06-28,chamarajanagar,8.0,3855.0,3000.0,4405.0,2,Chamarajanagar,Tomato,Karnataka,True,True
2023-06-29,chamarajanagar,5.0,4060.0,3260.0,4560.0,2,Chamarajanagar,Tomato,Karnataka,True,True
2023-06-30,chamarajanagar,4.0,4735.0,3985.0,5242.5,2,Chamarajanagar,Tomato,Karnataka,True,True
2023-07-01,chamarajanagar,5.0,4735.0,3985.0,5242.5,0,Chamarajanagar,Tomato,Karnataka,True,False
2023-07-02,chamarajanagar,2.0,6310.0,6250.0,6430.0,1,Chamarajanagar,Tomato,Karnataka,True,True
2023-07-03,chamarajanagar,9.0,4000.0,1000.0,6000.0,1,Chamarajanagar,Tomato,Karnataka,True,True
2023-07-04,chamarajanagar,4.0,7405.0,7305.0,7405.0,2,Chamarajanagar,Tomato,Karnataka,True,True
2023-07-05,chamarajanagar,4.0,6500.0,4075.0,7505.0,2,Chamarajanagar,Tomato,Karnataka,True,True
2023-07-06,chamarajanagar,4.0,5000.0,1500.0,6000.0,2,Chamarajanagar,Tomato,Karnataka,True,True
2023-07-07,chamarajanagar,3.0,5000.0,2000.0,7000.0,1,Chamarajanagar,Tomato,Karnataka,True,True
2023-07-08,chamarajanagar,3.0,5500.0,2000.0,7500.0,1,Chamarajanagar,Tomato,Karnataka,True,True
2023-07-09,chamarajanagar,1.0,7120.0,7000.0,7510.0,1,Chamarajanagar,Tomato,Karnataka,True,True
2023-07-10,chamarajanagar,5.0,5000.0,2000.0,7000.0,1,Chamarajanagar,Tomato,Karnataka,True,True
2023-07-11,chamarajanagar,5.0,5000.0,2000.0,7000.0,1,Chamarajanagar,Tomato,Karnataka,True,True
2023-07-12,chamarajanagar,4.0,6000.0,4000.0,8000.0,2,Chamarajanagar,Tomato,Karnataka,True,True
2023-07-13,chamarajanagar,5.0,5000.0,2000.0,7000.0,1,Chamarajanagar,Tomato,Karnataka,True,True
2023-07-14,chamarajanagar,7.0,6412.5,5857.5,7007.5,2,Chamarajanagar,Tomato,Karnataka,True,True
2023-07-15,chamarajanagar,2.0,6412.5,5857.5,7007.5,0,Chamarajanagar,Tomato,Karnataka,True,False
2023-07-16,chamarajanagar,2.0,6412.5,5857.5,7007.5,0,Chamarajanagar,Tomato,Karnataka,False,False
2023-07-17,chamarajanagar,20.0,6650.0,4892.5,7700.0,2,Chamarajanagar,Tomato,Karnataka,True,True
2023-07-18,chamarajanagar,9.0,6750.0,5000.0,7800.0,2,Chamarajanagar,Tomato,Karnataka,True,True
2023-07-19,chamarajanagar,10.0,6000.0,2500.0,8000.0,1,Chamarajanagar,Tomato,Karnataka,True,True
2023-07-20,chamarajanagar,17.0,6955.0,5105.0,7755.0,2,Chamarajanagar,Tomato,Karnataka,True,True
2023-07-21,chamarajanagar,18.0,6405.0,4607.5,7005.0,2,Chamarajanagar,Tomato,Karnataka,True,True
2023-07-22,chamarajanagar,6.0,5500.0,2500.0,7000.0,1,Chamarajanagar,Tomato,Karnataka,True,True
2023-07-23,chamarajanagar,12.0,7200.0,7000.0,7510.0,1,Chamarajanagar,Tomato,Karnataka,True,True
2023-07-24,chamarajanagar,6.0,7200.0,7000.0,7510.0,0,Chamarajanagar,Tomato,Karnataka,True,False
2023-07-25,chamarajanagar,23.0,5500.0,2500.0,7000.0,1,Chamarajanagar,Tomato,Karnataka,True,True
2023-07-26,chamarajanagar,20.0,8000.0,7715.0,8015.0,1,Chamarajanagar,Tomato,Karnataka,True,True
2023-07-27,chamarajanagar,18.0,7175.0,4900.0,7755.0,2,Chamarajanagar,Tomato,Karnataka,True,True
2023-07-28,chamarajanagar,19.0,7750.0,5750.0,8260.0,2,Chamarajanagar,Tomato,Karnataka,True,True
2023-07-29,chamarajanagar,5.0,8000.0,3000.0,9000.0,1,Chamarajanagar,Tomato,Karnataka,True,True
2023-07-30,chamarajanagar,5.0,8000.0,3000.0,9000.0,0,Chamarajanagar,Tomato,Karnataka,False,False
2023-07-31,chamarajanagar,19.0,8991.0,5970.0,9500.0,2,Chamarajanagar,Tomato,Karnataka,True,True
2023-08-01,chamarajanagar,16.0,7750.0,5250.0,8250.0,2,Chamarajanagar,Tomato,Karnataka,True,True
2023-08-02,chamarajanagar,16.0,7000.0,2000.0,8000.0,1,Chamarajanagar,Tomato,Karnataka,True,True
2023-08-03,chamarajanagar,16.0,7965.0,5650.0,49000.0,2,Chamarajanagar,Tomato,Karnataka,True,True
2023-08-04,chamarajanagar,16.0,8500.0,8330.0,8620.0,1,Chamarajanagar,Tomato,Karnataka,True,True
2023-08-05,chamarajanagar,16.0,8500.0,8330.0,8620.0,0,Chamarajanagar,Tomato,Karnataka,False,False
2023-08-06,chamarajanagar,16.0,8500.0,8330.0,8620.0,0,Chamarajanagar,Tomato,Karnataka,False,False
2023-08-07,chamarajanagar,22.0,5475.0,3455.0,6005.0,2,Chamarajanagar,Tomato,Karnataka,True,True
2023-08-08,chamarajanagar,22.0,4700.0,3200.0,5000.0,2,Chamarajanagar,Tomato,Karnataka,True,True
2023-08-09,chamarajanagar,21.0,3500.0,1000.0,4500.0,1,Chamarajanagar,Tomato,Karnataka,True,True
2023-08-10,chamarajanagar,22.0,4000.0,1500.0,5000.0,1,Chamarajanagar,Tomato,Karnataka,True,True
2023-08-11,chamarajanagar,16.0,4000.0,1500.0,5000.0,0,Chamarajanagar,Tomato,Karnataka,True,False
2023-08-12,chamarajanagar,5.0,5500.0,5000.0,6000.0,1,Chamarajanagar,Tomato,Karnataka,True,True
2023-08-13,chamarajanagar,5.0,5500.0,5000.0,6000.0,0,Chamarajanagar,Tomato,Karnataka,False,False
2023-08-14,chamarajanagar,42.0,3400.0,2300.0,4000.0,2,Chamarajanagar,Tomato,Karnataka,True,True
2023-08-15,chamarajanagar,42.0,3400.0,2300.0,4000.0,0,Chamarajanagar,Tomato,Karnataka,False,False
2023-08-16,chamarajanagar,42.0,3400.0,2300.0,4000.0,0,Chamarajanagar,Tomato,Karnataka,False,False
2023-08-17,chamarajanagar,24.0,2500.0,1000.0,3000.0,1,Chamarajanagar,Tomato,Karnataka,True,True
2023-08-18,chamarajanagar,18.0,2500.0,1000.0,3000.0,1,Chamarajanagar,Tomato,Karnataka,True,True
2023-08-19,chamarajanagar,4.0,2500.0,1000.0,3000.0,0,Chamarajanagar,Tomato,Karnataka,True,False
2023-08-20,chamarajanagar,4.0,2500.0,1000.0,3000.0,0,Chamarajanagar,Tomato,Karnataka,False,False
2023-08-21,chamarajanagar,29.0,2500.0,1000.0,3000.0,0,Chamarajanagar,Tomato,Karnataka,True,False
2023-08-22,chamarajanagar,42.0,1600.0,1000.0,2000.0,1,Chamarajanagar,Tomato,Karnataka,True,True
2023-08-23,chamarajanagar,30.0,2100.0,1800.0,2400.0,2,Chamarajanagar,Tomato,Karnataka,True,True
2023-08-24,chamarajanagar,22.0,2100.0,1800.0,2400.0,0,Chamarajanagar,Tomato,Karnataka,True,False
2023-08-25,chamarajanagar,30.0,1650.0,1400.0,2000.0,2,Chamarajanagar,Tomato,Karnataka,True,True
2023-08-26,chamarajanagar,5.0,1600.0,1000.0,2200.0,1,Chamarajanagar,Tomato,Karnataka,True,True
2023-08-27,chamarajanagar,5.0,1600.0,1000.0,2200.0,0,Chamarajanagar,Tomato,Karnataka,False,False
2023-08-28,chamarajanagar,59.0,1400.0,950.0,1750.0,2,Chamarajanagar,Tomato,Karnataka,True,True
2023-08-29,chamarajanagar,5.0,1400.0,950.0,1750.0,0,Chamarajanagar,Tomato,Karnataka,True,False
2023-08-30,chamarajanagar,29.0,1400.0,1300.0,1500.0,2,Chamarajanagar,Tomato,Karnataka,True,True
2023-08-31,chamarajanagar,21.0,1145.0,945.0,1350.0,2,Chamarajanagar,Tomato,Karnataka,True,True
2023-09-01,chamarajanagar,56.0,700.0,300.0,1000.0,1,Chamarajanagar,Tomato,Karnataka,True,True
2023-09-02,chamarajanagar,68.0,575.0,400.0,800.0,2,Chamarajanagar,Tomato,Karnataka,True,True
2023-09-03,chamarajanagar,68.0,575.0,400.0,800.0,0,Chamarajanagar,Tomato,Karnataka,False,False
2023-09-04,chamarajanagar,61.0,1000.0,650.0,1200.0,2,Chamarajanagar,Tomato,Karnataka,True,True
2023-09-05,chamarajanagar,47.0,1100.0,1000.0,1200.0,2,Chamarajanagar,Tomato,Karnataka,True,True
2023-09-06,chamarajanagar,46.0,700.0,400.0,1000.0,2,Chamarajanagar,Tomato,Karnataka,True,True
2023-09-07,chamarajanagar,5.0,700.0,300.0,1000.0,1,Chamarajanagar,Tomato,Karnataka,True,True
2023-09-08,chamarajanagar,79.0,525.0,350.0,700.0,2,Chamarajanagar,Tomato,Karnataka,True,True
2023-09-09,chamarajanagar,5.0,500.0,200.0,800.0,1,Chamarajanagar,Tomato,Karnataka,True,True
2023-09-10,chamarajanagar,5.0,500.0,200.0,800.0,0,Chamarajanagar,Tomato,Karnataka,False,False
2023-09-11,chamarajanagar,91.0,550.0,300.0,750.0,2,Chamarajanagar,Tomato,Karnataka,True,True
2023-09-12,chamarajanagar,5.0,500.0,200.0,800.0,1,Chamarajanagar,Tomato,Karnataka,True,True
2023-09-13,chamarajanagar,28.0,500.0,200.0,800.0,0,Chamarajanagar,Tomato,Karnataka,True,False
2023-09-14,chamarajanagar,77.0,650.0,600.0,700.0,2,Chamarajanagar,Tomato,Karnataka,True,True
2023-09-15,chamarajanagar,41.0,400.0,200.0,600.0,2,Chamarajanagar,Tomato,Karnataka,True,True
2023-09-16,chamarajanagar,82.0,525.0,400.0,700.0,2,Chamarajanagar,Tomato,Karnataka,True,True
2023-09-17,chamarajanagar,82.0,525.0,400.0,700.0,0,Chamarajanagar,Tomato,Karnataka,False,False
2023-09-18,chamarajanagar,82.0,525.0,400.0,700.0,0,Chamarajanagar,Tomato,Karnataka,False,False
2023-09-19,chamarajanagar,108.0,475.0,350.0,600.0,2,Chamarajanagar,Tomato,Karnataka,True,True
2023-09-20,chamarajanagar,46.0,500.0,200.0,700.0,2,Chamarajanagar,Tomato,Karnataka,True,True
2023-09-21,chamarajanagar,26.0,650.0,500.0,800.0,2,Chamarajanagar,Tomato,Karnataka,True,True
2023-09-22,chamarajanagar,88.0,500.0,400.0,700.0,2,Chamarajanagar,Tomato,Karnataka,True,True
2023-09-23,chamarajanagar,5.0,500.0,200.0,800.0,1,Chamarajanagar,Tomato,Karnataka,True,True
2023-09-24,chamarajanagar,5.0,500.0,200.0,800.0,0,Chamarajanagar,Tomato,Karnataka,False,False
2023-09-25,chamarajanagar,99.0,490.0,390.0,600.0,2,Chamarajanagar,Tomato,Karnataka,True,True
2023-09-26,chamarajanagar,5.0,350.0,200.0,500.0,1,Chamarajanagar,Tomato,Karnataka,True,True
2023-09-27,chamarajanagar,52.0,500.0,350.0,650.0,2,Chamarajanagar,Tomato,Karnataka,True,True
2023-09-28,chamarajanagar,52.0,500.0,350.0,650.0,0,Chamarajanagar,Tomato,Karnataka,False,False
2023-09-29,chamarajanagar,52.0,500.0,350.0,650.0,0,Chamarajanagar,Tomato,Karnataka,False,False
2023-09-30,chamarajanagar,5.0,400.0,200.0,600.0,1,Chamarajanagar,Tomato,Karnataka,True,True
2023-10-01,chamarajanagar,5.0,400.0,200.0,600.0,0,Chamarajanagar,Tomato,Karnataka,False,False
2023-10-02,chamarajanagar,5.0,400.0,200.0,600.0,0,Chamarajanagar,Tomato,Karnataka,False,False
2023-10-03,chamarajanagar,150.0,350.0,200.0,500.0,1,Chamarajanagar,Tomato,Karnataka,True,True
2023-10-04,chamarajanagar,30.0,425.0,350.0,550.0,2,Chamarajanagar,Tomato,Karnataka,True,True
2023-10-05,chamarajanagar,87.0,375.0,300.0,450.0,2,Chamarajanagar,Tomato,Karnataka,True,True
2023-10-06,chamarajanagar,6.0,400.0,350.0,450.0,2,Chamarajanagar,Tomato,Karnataka,True,True
2023-10-07,chamarajanagar,7.0,1000.0,1000.0,1000.0,1,Chamarajanagar,Tomato,Karnataka,True,True
2023-10-08,chamarajanagar,7.0,1000.0,1000.0,1000.0,0,Chamarajanagar,Tomato,Karnataka,False,False
2023-10-09,chamarajanagar,5.0,550.0,200.0,700.0,1,Chamarajanagar,Tomato,Karnataka,True,True
2023-10-10,chamarajanagar,5.0,550.0,200.0,700.0,0,Chamarajanagar,Tomato,Karnataka,True,False
2023-10-11,chamarajanagar,5.0,450.0,200.0,700.0,1,Chamarajanagar,Tomato,Karnataka,True,True
2023-10-12,chamarajanagar,8.0,700.0,700.0,700.0,1,Chamarajanagar,Tomato,Karnataka,True,True
2023-10-13,chamarajanagar,5.0,450.0,200.0,700.0,1,Chamarajanagar,Tomato,Karnataka,True,True
2023-10-14,chamarajanagar,5.0,450.0,200.0,700.0,1,Chamarajanagar,Tomato,Karnataka,True,True
2023-10-15,chamarajanagar,5.0,450.0,200.0,700.0,0,Chamarajanagar,Tomato,Karnataka,False,False
2023-10-16,chamarajanagar,64.0,700.0,500.0,900.0,2,Chamarajanagar,Tomato,Karnataka,True,True
2023-10-17,chamarajanagar,19.0,400.0,200.0,600.0,1,Chamarajanagar,Tomato,Karnataka,True,True
2023-10-18,chamarajanagar,35.0,750.0,700.0,800.0,2,Chamarajanagar,Tomato,Karnataka,True,True
2023-10-19,chamarajanagar,20.0,850.0,800.0,900.0,3,Chamarajanagar,Tomato,Karnataka,True,True
2023-10-20,chamarajanagar,28.0,850.0,800.0,900.0,1,Chamarajanagar,Tomato,Karnataka,True,True
2023-10-21,chamarajanagar,5.0,550.0,400.0,700.0,1,Chamarajanagar,Tomato,Karnataka,True,True
2023-10-22,chamarajanagar,5.0,550.0,400.0,700.0,0,Chamarajanagar,Tomato,Karnataka,False,False
2023-10-23,chamarajanagar,5.0,550.0,400.0,700.0,0,Chamarajanagar,Tomato,Karnataka,False,False
2023-10-24,chamarajanagar,,550.0,400.0,700.0,0,Chamarajanagar,Tomato,Karnataka,False,False
2023-10-25,chamarajanagar,36.0,675.0,450.0,850.0,2,Chamarajanagar,Tomato,Karnataka,True,True
2023-10-26,chamarajanagar,34.0,700.0,550.0,850.0,2,Chamarajanagar,Tomato,Karnataka,True,True
2023-10-27,chamarajanagar,24.0,700.0,500.0,900.0,2,Chamarajanagar,Tomato,Karnataka,True,True
2023-10-28,chamarajanagar,24.0,700.0,500.0,900.0,0,Chamarajanagar,Tomato,Karnataka,False,False
2023-10-29,chamarajanagar,24.0,700.0,500.0,900.0,0,Chamarajanagar,Tomato,Karnataka,False,False
2023-10-30,chamarajanagar,23.0,1350.0,1350.0,1400.0,2,Chamarajanagar,Tomato,Karnataka,True,True
2023-10-31,chamarajanagar,6.0,1350.0,1350.0,1400.0,0,Chamarajanagar,Tomato,Karnataka,True,False
2023-11-01,chamarajanagar,5.0,1000.0,500.0,1500.0,1,Chamarajanagar,Tomato,Karnataka,True,True
2023-11-02,chamarajanagar,7.0,1100.0,1000.0,1200.0,2,Chamarajanagar,Tomato,Karnataka,True,True
2023-11-03,chamarajanagar,26.0,1100.0,1000.0,1200.0,0,Chamarajanagar,Tomato,Karnataka,True,False
2023-11-04,chamarajanagar,21.0,1700.0,1700.0,1800.0,1,Chamarajanagar,Tomato,Karnataka,True,True
2023-11-05,chamarajanagar,21.0,1700.0,1700.0,1800.0,0,Chamarajanagar,Tomato,Karnataka,False,False
2023-11-06,chamarajanagar,20.0,2050.0,2000.0,2100.0,2,Chamarajanagar,Tomato,Karnataka,True,True
2023-11-07,chamarajanagar,14.0,1950.0,1900.0,2000.0,3,Chamarajanagar,Tomato,Karnataka,True,True
2023-11-08,chamarajanagar,16.0,1400.0,500.0,2200.0,2,Chamarajanagar,Tomato,Karnataka,True,True
2023-11-09,chamarajanagar,13.0,2400.0,2300.0,2500.0,3,Chamarajanagar,Tomato,Karnataka,True,True
2023-11-10,chamarajanagar,21.0,2400.0,2300.0,2500.0,2,Chamarajanagar,Tomato,Karnataka,True,True
2023-11-11,chamarajanagar,5.0,1000.0,500.0,1500.0,1,Chamarajanagar,Tomato,Karnataka,True,True
2023-11-12,chamarajanagar,5.0,1000.0,500.0,1500.0,0,Chamarajanagar,Tomato,Karnataka,False,False
2023-11-13,chamarajanagar,35.0,2200.0,1850.0,2300.0,1,Chamarajanagar,Tomato,Karnataka,True,True
2023-11-14,chamarajanagar,35.0,2200.0,1850.0,2300.0,0,Chamarajanagar,Tomato,Karnataka,False,False
2023-11-15,chamarajanagar,22.0,1600.0,1085.0,2100.0,2,Chamarajanagar,Tomato,Karnataka,True,True
2023-11-16,chamarajanagar,15.0,1400.0,500.0,2000.0,2,Chamarajanagar,Tomato,Karnataka,True,True
2023-11-17,chamarajanagar,16.0,1700.0,1150.0,2100.0,2,Chamarajanagar,Tomato,Karnataka,True,True
2023-11-18,chamarajanagar,26.0,1400.0,500.0,2200.0,1,Chamarajanagar,Tomato,Karnataka,True,True
2023-11-19,chamarajanagar,26.0,1400.0,500.0,2200.0,0,Chamarajanagar,Tomato,Karnataka,False,False
2023-11-20,chamarajanagar,17.0,2050.0,1600.0,2400.0,2,Chamarajanagar,Tomato,Karnataka,True,True
2023-11-21,chamarajanagar,12.0,1500.0,500.0,2300.0,2,Chamarajanagar,Tomato,Karnataka,True,True
2023-11-22,chamarajanagar,13.0,2575.0,2200.0,3000.0,2,Chamarajanagar,Tomato,Karnataka,True,True
2023-11-23,chamarajanagar,9.0,1900.0,1400.0,2250.0,2,Chamarajanagar,Tomato,Karnataka,True,True
2023-11-24,chamarajanagar,23.0,1675.0,1200.0,2100.0,3,Chamarajanagar,Tomato,Karnataka,True,True
2023-11-25,chamarajanagar,5.0,1300.0,500.0,2000.0,1,Chamarajanagar,Tomato,Karnataka,True,True
2023-11-26,chamarajanagar,5.0,1300.0,500.0,2000.0,0,Chamarajanagar,Tomato,Karnataka,False,False
2023-11-27,chamarajanagar,29.0,2250.0,2200.0,2300.0,3,Chamarajanagar,Tomato,Karnataka,True,True
2023-11-28,chamarajanagar,10.0,2200.0,2100.0,2300.0,1,Chamarajanagar,Tomato,Karnataka,True,True
2023-11-29,chamarajanagar,10.0,2250.0,2100.0,2500.0,1,Chamarajanagar,Tomato,Karnataka,True,True
2023-11-30,chamarajanagar,10.0,2250.0,2100.0,2500.0,0,Chamarajanagar,Tomato,Karnataka,False,False
2023-12-01,chamarajanagar,18.0,1400.0,500.0,2200.0,1,Chamarajanagar,Tomato,Karnataka,True,True
2023-12-02,chamarajanagar,14.0,2000.0,1400.0,2400.0,2,Chamarajanagar,Tomato,Karnataka,True,True
2023-12-03,chamarajanagar,14.0,2000.0,1400.0,2400.0,0,Chamarajanagar,Tomato,Karnataka,False,False
2023-12-04,chamarajanagar,14.0,1950.0,1400.0,2400.0,2,Chamarajanagar,Tomato,Karnataka,True,True
2023-12-05,chamarajanagar,9.0,2500.0,2500.0,2500.0,1,Chamarajanagar,Tomato,Karnataka,True,True
2023-12-06,chamarajanagar,12.0,1950.0,1450.0,2500.0,2,Chamarajanagar,Tomato,Karnataka,True,True
2023-12-07,chamarajanagar,12.0,1725.0,1200.0,2200.0,2,Chamarajanagar,Tomato,Karnataka,True,True
2023-12-08,chamarajanagar,5.0,1725.0,1200.0,2200.0,0,Chamarajanagar,Tomato,Karnataka,True,False
2023-12-09,chamarajanagar,6.0,1500.0,500.0,2500.0,1,Chamarajanagar,Tomato,Karnataka,True,True
2023-12-10,chamarajanagar,6.0,1500.0,500.0,2500.0,0,Chamarajanagar,Tomato,Karnataka,False,False
2023-12-11,chamarajanagar,27.0,2500.0,2200.0,2700.0,1,Chamarajanagar,Tomato,Karnataka,True,True
2023-12-12,chamarajanagar,9.0,1800.0,1350.0,2300.0,2,Chamarajanagar,Tomato,Karnataka,True,True
2023-12-13,chamarajanagar,16.0,2000.0,1800.0,2300.0,2,Chamarajanagar,Tomato,Karnataka,True,True
2023-12-14,chamarajanagar,7.0,1750.0,1300.0,2150.0,2,Chamarajanagar,Tomato,Karnataka,True,True
2023-12-15,chamarajanagar,17.0,2000.0,1900.0,2500.0,1,Chamarajanagar,Tomato,Karnataka,True,True
2023-12-16,chamarajanagar,11.0,1475.0,1000.0,1850.0,2,Chamarajanagar,Tomato,Karnataka,True,True
2023-12-17,chamarajanagar,11.0,1475.0,1000.0,1850.0,0,Chamarajanagar,Tomato,Karnataka,False,False
2023-12-18,chamarajanagar,14.0,1800.0,1800.0,1800.0,1,Chamarajanagar,Tomato,Karnataka,True,True
2023-12-19,chamarajanagar,16.0,1750.0,1700.0,1800.0,2,Chamarajanagar,Tomato,Karnataka,True,True
2023-12-20,chamarajanagar,10.0,2200.0,2200.0,2300.0,1,Chamarajanagar,Tomato,Karnataka,True,True
2023-12-21,chamarajanagar,12.0,1600.0,1250.0,1950.0,2,Chamarajanagar,Tomato,Karnataka,True,True
2023-12-22,chamarajanagar,16.0,1575.0,1200.0,1950.0,2,Chamarajanagar,Tomato,Karnataka,True,True
2023-12-23,chamarajanagar,5.0,1400.0,500.0,1900.0,1,Chamarajanagar,Tomato,Karnataka,True,True
2023-12-24,chamarajanagar,5.0,1400.0,500.0,1900.0,0,Chamarajanagar,Tomato,Karnataka,False,False
2023-12-25,chamarajanagar,5.0,1400.0,500.0,1900.0,0,Chamarajanagar,Tomato,Karnataka,False,False
2023-12-26,chamarajanagar,17.0,1900.0,1800.0,2000.0,1,Chamarajanagar,Tomato,Karnataka,True,True
2023-12-27,chamarajanagar,14.0,2100.0,2100.0,2200.0,1,Chamarajanagar,Tomato,Karnataka,True,True
2023-12-28,chamarajanagar,8.0,1850.0,1250.0,2150.0,2,Chamarajanagar,Tomato,Karnataka,True,True
2023-12-29,chamarajanagar,13.0,1850.0,1400.0,2200.0,2,Chamarajanagar,Tomato,Karnataka,True,True
2023-12-30,chamarajanagar,12.0,1625.0,1250.0,2000.0,2,Chamarajanagar,Tomato,Karnataka,True,True
2023-12-31,chamarajanagar,12.0,1625.0,1250.0,2000.0,0,Chamarajanagar,Tomato,Karnataka,False,False
2024-01-01,chamarajanagar,9.0,2200.0,2100.0,2300.0,1,Chamarajanagar,Tomato,Karnataka,True,True
2024-01-02,chamarajanagar,12.0,1825.0,1400.0,2200.0,2,Chamarajanagar,Tomato,Karnataka,True,True
2024-01-03,chamarajanagar,11.0,1400.0,500.0,2000.0,1,Chamarajanagar,Tomato,Karnataka,True,True
2024-01-04,chamarajanagar,8.0,1850.0,1350.0,2200.0,2,Chamarajanagar,Tomato,Karnataka,True,True
2024-01-05,chamarajanagar,17.0,2000.0,1900.0,2100.0,1,Chamarajanagar,Tomato,Karnataka,True,True
2024-01-06,chamarajanagar,10.0,1700.0,1300.0,2150.0,2,Chamarajanagar,Tomato,Karnataka,True,True
2024-01-07,chamarajanagar,10.0,1700.0,1300.0,2150.0,0,Chamarajanagar,Tomato,Karnataka,False,False
2024-01-08,chamarajanagar,13.0,1550.0,1200.0,1900.0,2,Chamarajanagar,Tomato,Karnataka,True,True
2024-01-09,chamarajanagar,10.0,1500.0,1100.0,1850.0,2,Chamarajanagar,Tomato,Karnataka,True,True
2024-01-10,chamarajanagar,14.0,1500.0,1100.0,1850.0,0,Chamarajanagar,Tomato,Karnataka,True,False
2024-01-11,chamarajanagar,14.0,1600.0,1500.0,1700.0,1,Chamarajanagar,Tomato,Karnataka,True,True
2024-01-12,chamarajanagar,14.0,1375.0,1000.0,1650.0,2,Chamarajanagar,Tomato,Karnataka,True,True
2024-01-13,chamarajanagar,5.0,1000.0,400.0,1600.0,1,Chamarajanagar,Tomato,Karnataka,True,True
2024-01-14,chamarajanagar,5.0,1000.0,400.0,1600.0,0,Chamarajanagar,Tomato,Karnataka,False,False
2024-01-15,chamarajanagar,5.0,1000.0,400.0,1600.0,0,Chamarajanagar,Tomato,Karnataka,False,False
2024-01-16,chamarajanagar,30.0,1200.0,400.0,2000.0,2,Chamarajanagar,Tomato,Karnataka,True,True
2024-01-17,chamarajanagar,8.0,1550.0,1200.0,1900.0,2,Chamarajanagar,Tomato,Karnataka,True,True
2024-01-18,chamarajanagar,5.0,1200.0,400.0,1800.0,1,Chamarajanagar,Tomato,Karnataka,True,True
2024-01-19,chamarajanagar,5.0,1000.0,400.0,1500.0,1,Chamarajanagar,Tomato,Karnataka,True,True
2024-01-20,chamarajanagar,5.0,1000.0,400.0,1500.0,0,Chamarajanagar,Tomato,Karnataka,False,False
2024-01-21,chamarajanagar,5.0,1000.0,400.0,1500.0,0,Chamarajanagar,Tomato,Karnataka,False,False
2024-01-22,chamarajanagar,4.0,1000.0,400.0,1500.0,0,Chamarajanagar,Tomato,Karnataka,True,False
2024-01-23,chamarajanagar,10.0,1375.0,1050.0,1700.0,2,Chamarajanagar,Tomato,Karnataka,True,True
2024-01-24,chamarajanagar,15.0,1000.0,400.0,1600.0,1,Chamarajanagar,Tomato,Karnataka,True,True
2024-01-25,chamarajanagar,9.0,1250.0,1000.0,1500.0,2,Chamarajanagar,Tomato,Karnataka,True,True
2024-01-26,chamarajanagar,9.0,1250.0,1000.0,1500.0,0,Chamarajanagar,Tomato,Karnataka,False,False
2024-01-27,chamarajanagar,4.0,1250.0,1000.0,1500.0,0,Chamarajanagar,Tomato,Karnataka,True,False
2024-01-28,chamarajanagar,4.0,1250.0,1000.0,1500.0,0,Chamarajanagar,Tomato,Karnataka,False,False
2024-01-29,chamarajanagar,31.0,1350.0,1050.0,1700.0,2,Chamarajanagar,Tomato,Karnataka,True,True
2024-01-30,chamarajanagar,10.0,1325.0,1050.0,1600.0,2,Chamarajanagar,Tomato,Karnataka,True,True
2024-01-31,chamarajanagar,11.0,1325.0,1050.0,1600.0,0,Chamarajanagar,Tomato,Karnataka,True,False
2024-02-01,chamarajanagar,10.0,1000.0,500.0,1500.0,1,Chamarajanagar,Tomato,Karnataka,True,True
2024-02-02,chamarajanagar,10.0,1000.0,500.0,1500.0,0,Chamarajanagar,Tomato,Karnataka,True,False
2024-02-03,chamarajanagar,15.0,1700.0,1250.0,2150.0,2,Chamarajanagar,Tomato,Karnataka,True,True
2024-02-04,chamarajanagar,15.0,1700.0,1250.0,2150.0,0,Chamarajanagar,Tomato,Karnataka,False,False
2024-02-05,chamarajanagar,32.0,1700.0,1600.0,1800.0,2,Chamarajanagar,Tomato,Karnataka,True,True
2024-02-06,chamarajanagar,31.0,1600.0,1150.0,2050.0,2,Chamarajanagar,Tomato,Karnataka,True,True
2024-02-07,chamarajanagar,14.0,1950.0,1900.0,2000.0,1,Chamarajanagar,Tomato,Karnataka,True,True
2024-02-08,chamarajanagar,9.0,1550.0,1100.0,2000.0,2,Chamarajanagar,Tomato,Karnataka,True,True
2024-02-09,chamarajanagar,13.0,1600.0,1200.0,2000.0,2,Chamarajanagar,Tomato,Karnataka,True,True
2024-02-10,chamarajanagar,4.0,1300.0,500.0,2200.0,1,Chamarajanagar,Tomato,Karnataka,True,True
2024-02-11,chamarajanagar,4.0,1300.0,500.0,2200.0,0,Chamarajanagar,Tomato,Karnataka,False,False
2024-02-12,chamarajanagar,72.0,1450.0,1400.0,1500.0,1,Chamarajanagar,Tomato,Karnataka,True,True
2024-02-13,chamarajanagar,6.0,1500.0,1150.0,1900.0,2,Chamarajanagar,Tomato,Karnataka,True,True
2024-02-14,chamarajanagar,50.0,1300.0,500.0,2000.0,1,Chamarajanagar,Tomato,Karnataka,True,True
2024-02-15,chamarajanagar,21.0,1275.0,925.0,1600.0,2,Chamarajanagar,Tomato,Karnataka,True,True
2024-02-16,chamarajanagar,26.0,1200.0,850.0,1500.0,2,Chamarajanagar,Tomato,Karnataka,True,True
2024-02-17,chamarajanagar,39.0,925.0,700.0,1150.0,2,Chamarajanagar,Tomato,Karnataka,True,True
2024-02-18,chamarajanagar,39.0,925.0,700.0,1150.0,0,Chamarajanagar,Tomato,Karnataka,False,False
2024-02-19,chamarajanagar,27.0,1150.0,1100.0,1200.0,2,Chamarajanagar,Tomato,Karnataka,True,True
2024-02-20,chamarajanagar,46.0,975.0,850.0,1100.0,2,Chamarajanagar,Tomato,Karnataka,True,True
2024-02-21,chamarajanagar,29.0,1100.0,1000.0,1200.0,1,Chamarajanagar,Tomato,Karnataka,True,True
2024-02-22,chamarajanagar,51.0,1100.0,1000.0,1200.0,2,Chamarajanagar,Tomato,Karnataka,True,True
2024-02-23,chamarajanagar,44.0,700.0,500.0,950.0,2,Chamarajanagar,Tomato,Karnataka,True,True
2024-02-24,chamarajanagar,4.0,750.0,500.0,1000.0,1,Chamarajanagar,Tomato,Karnataka,True,True
2024-02-25,chamarajanagar,4.0,750.0,500.0,1000.0,0,Chamarajanagar,Tomato,Karnataka,False,False
2024-02-26,chamarajanagar,146.0,750.0,550.0,900.0,2,Chamarajanagar,Tomato,Karnataka,True,True
2024-02-27,chamarajanagar,96.0,600.0,400.0,800.0,2,Chamarajanagar,Tomato,Karnataka,True,True
2024-02-28,chamarajanagar,86.0,600.0,400.0,800.0,0,Chamarajanagar,Tomato,Karnataka,True,False
2024-02-29,chamarajanagar,62.0,450.0,200.0,700.0,1,Chamarajanagar,Tomato,Karnataka,True,True
2024-03-01,chamarajanagar,77.0,450.0,200.0,700.0,2,Chamarajanagar,Tomato,Karnataka,True,True
2024-03-02,chamarajanagar,54.0,450.0,200.0,700.0,0,Chamarajanagar,Tomato,Karnataka,True,False
2024-03-03,chamarajanagar,54.0,450.0,200.0,700.0,0,Chamarajanagar,Tomato,Karnataka,False,False
2024-03-04,chamarajanagar,54.0,750.0,550.0,950.0,2,Chamarajanagar,Tomato,Karnataka,True,True
2024-03-05,chamarajanagar,55.0,1100.0,1000.0,1200.0,1,Chamarajanagar,Tomato,Karnataka,True,True
2024-03-06,chamarajanagar,27.0,1075.0,850.0,1300.0,2,Chamarajanagar,Tomato,Karnataka,True,True
2024-03-07,chamarajanagar,14.0,875.0,700.0,1050.0,2,Chamarajanagar,Tomato,Karnataka,True,True
2024-03-08,chamarajanagar,14.0,875.0,700.0,1050.0,0,Chamarajanagar,Tomato,Karnataka,False,False
2024-03-09,chamarajanagar,5.0,600.0,200.0,1000.0,1,Chamarajanagar,Tomato,Karnataka,True,True
2024-03-10,chamarajanagar,5.0,600.0,200.0,1000.0,0,Chamarajanagar,Tomato,Karnataka,False,False
2024-03-11,chamarajanagar,156.0,600.0,200.0,1000.0,0,Chamarajanagar,Tomato,Karnataka,True,False
2024-03-12,chamarajanagar,40.0,900.0,600.0,1167.5,2,Chamarajanagar,Tomato,Karnataka,True,True
2024-03-13,chamarajanagar,26.0,600.0,200.0,1000.0,2,Chamarajanagar,Tomato,Karnataka,True,True
2024-03-14,chamarajanagar,52.0,875.0,650.0,1100.0,2,Chamarajanagar,Tomato,Karnataka,True,True
2024-03-15,chamarajanagar,30.0,850.0,600.0,1100.0,2,Chamarajanagar,Tomato,Karnataka,True,True
2024-03-16,chamarajanagar,3.0,700.0,200.0,1200.0,1,Chamarajanagar,Tomato,Karnataka,True,True
2024-03-17,chamarajanagar,3.0,700.0,200.0,1200.0,0,Chamarajanagar,Tomato,Karnataka,False,False
2024-03-18,chamarajanagar,94.0,757.5,500.0,1000.0,2,Chamarajanagar,Tomato,Karnataka,True,True
2024-03-19,chamarajanagar,31.0,775.0,550.0,1000.0,2,Chamarajanagar,Tomato,Karnataka,True,True
2024-03-20,chamarajanagar,15.0,600.0,200.0,1000.0,2,Chamarajanagar,Tomato,Karnataka,True,True
2024-03-21,chamarajanagar,13.0,850.0,600.0,1100.0,2,Chamarajanagar,Tomato,Karnataka,True,True
2024-03-22,chamarajanagar,21.0,900.0,750.0,1100.0,2,Chamarajanagar,Tomato,Karnataka,True,True
2024-03-23,chamarajanagar,3.0,600.0,300.0,1000.0,1,Chamarajanagar,Tomato,Karnataka,True,True
2024-03-24,chamarajanagar,3.0,600.0,300.0,1000.0,0,Chamarajanagar,Tomato,Karnataka,False,False
2024-03-25,chamarajanagar,124.0,900.0,650.0,1150.0,2,Chamarajanagar,Tomato,Karnataka,True,True
2024-03-26,chamarajanagar,25.0,900.0,700.0,1150.0,2,Chamarajanagar,Tomato,Karnataka,True,True
2024-03-27,chamarajanagar,56.0,925.0,650.0,1150.0,2,Chamarajanagar,Tomato,Karnataka,True,True
2024-03-28,chamarajanagar,46.0,925.0,650.0,1150.0,0,Chamarajanagar,Tomato,Karnataka,True,False
2024-03-29,chamarajanagar,46.0,925.0,650.0,1150.0,0,Chamarajanagar,Tomato,Karnataka,False,False
2024-03-30,chamarajanagar,5.0,900.0,400.0,1300.0,1,Chamarajanagar,Tomato,Karnataka,True,True
2024-03-31,chamarajanagar,5.0,900.0,400.0,1300.0,0,Chamarajanagar,Tomato,Karnataka,False,False
2024-04-01,chamarajanagar,43.0,1250.0,950.0,1550.0,2,Chamarajanagar,Tomato,Karnataka,True,True
2024-04-02,chamarajanagar,14.0,1600.0,1500.0,1700.0,1,Chamarajanagar,Tomato,Karnataka,True,True
2024-04-03,chamarajanagar,15.0,1450.0,1100.0,1750.0,2,Chamarajanagar,Tomato,Karnataka,True,True
2024-04-04,chamarajanagar,11.0,2200.0,2100.0,2300.0,1,Chamarajanagar,Tomato,Karnataka,True,True
2024-04-05,chamarajanagar,26.0,1900.0,1350.0,2450.0,2,Chamarajanagar,Tomato,Karnataka,True,True
2024-04-06,chamarajanagar,5.0,1200.0,500.0,1800.0,1,Chamarajanagar,Tomato,Karnataka,True,True
2024-04-07,chamarajanagar,5.0,1200.0,500.0,1800.0,0,Chamarajanagar,Tomato,Karnataka,False,False
2024-04-08,chamarajanagar,18.0,2100.0,2000.0,2200.0,2,Chamarajanagar,Tomato,Karnataka,True,True
2024-04-09,chamarajanagar,18.0,2100.0,2000.0,2200.0,0,Chamarajanagar,Tomato,Karnataka,False,False
2024-04-10,chamarajanagar,18.0,2100.0,2000.0,2200.0,0,Chamarajanagar,Tomato,Karnataka,False,False
2024-04-11,chamarajanagar,,2100.0,2000.0,2200.0,0,Chamarajanagar,Tomato,Karnataka,False,False
2024-04-12,chamarajanagar,,,,,0,Chamarajanagar,Tomato,Karnataka,False,False
2024-04-13,chamarajanagar,,,,,0,Chamarajanagar,Tomato,Karnataka,False,False
2024-04-14,chamarajanagar,,,,,0,Chamarajanagar,Tomato,Karnataka,False,False
2024-04-15,chamarajanagar,45.0,1300.0,1050.0,1500.0,2,Chamarajanagar,Tomato,Karnataka,True,True
2024-04-16,chamarajanagar,16.0,800.0,400.0,1200.0,2,Chamarajanagar,Tomato,Karnataka,True,True
2024-04-17,chamarajanagar,8.0,900.0,500.0,1200.0,2,Chamarajanagar,Tomato,Karnataka,True,True
2024-04-18,chamarajanagar,24.0,1325.0,1100.0,1500.0,2,Chamarajanagar,Tomato,Karnataka,True,True
2024-04-19,chamarajanagar,13.0,1450.0,1150.0,1750.0,2,Chamarajanagar,Tomato,Karnataka,True,True
2024-04-20,chamarajanagar,4.0,1200.0,500.0,1800.0,1,Chamarajanagar,Tomato,Karnataka,True,True
2024-04-21,chamarajanagar,4.0,1200.0,500.0,1800.0,0,Chamarajanagar,Tomato,Karnataka,False,False
2024-04-22,chamarajanagar,15.0,1000.0,500.0,1500.0,1,Chamarajanagar,Tomato,Karnataka,True,True
2024-04-23,chamarajanagar,17.0,1000.0,500.0,1500.0,0,Chamarajanagar,Tomato,Karnataka,True,False
2024-04-24,chamarajanagar,17.0,1450.0,1250.0,1800.0,2,Chamarajanagar,Tomato,Karnataka,True,True
2024-04-25,chamarajanagar,14.0,1700.0,1250.0,2100.0,2,Chamarajanagar,Tomato,Karnataka,True,True
2024-04-26,chamarajanagar,14.0,1700.0,1250.0,2100.0,0,Chamarajanagar,Tomato,Karnataka,False,False
2024-04-27,chamarajanagar,5.0,1400.0,800.0,2000.0,1,Chamarajanagar,Tomato,Karnataka,True,True
2024-04-28,chamarajanagar,5.0,1400.0,800.0,2000.0,0,Chamarajanagar,Tomato,Karnataka,False,False
2024-04-29,chamarajanagar,18.0,2300.0,2100.0,2600.0,1,Chamarajanagar,Tomato,Karnataka,True,True
2024-04-30,chamarajanagar,18.0,2300.0,2100.0,2600.0,0,Chamarajanagar,Tomato,Karnataka,False,False
2024-05-01,chamarajanagar,18.0,2300.0,2100.0,2600.0,0,Chamarajanagar,Tomato,Karnataka,False,False
2024-05-02,chamarajanagar,24.0,2200.0,1700.0,2600.0,2,Chamarajanagar,Tomato,Karnataka,True,True
2024-05-03,chamarajanagar,13.0,1550.0,1150.0,1900.0,2,Chamarajanagar,Tomato,Karnataka,True,True
2024-05-04,chamarajanagar,10.0,1350.0,1250.0,1500.0,2,Chamarajanagar,Tomato,Karnataka,True,True
2024-05-05,chamarajanagar,10.0,1350.0,1250.0,1500.0,0,Chamarajanagar,Tomato,Karnataka,False,False
2024-05-06,chamarajanagar,10.0,1000.0,500.0,1400.0,1,Chamarajanagar,Tomato,Karnataka,True,True
2024-05-07,chamarajanagar,13.0,1000.0,500.0,1400.0,0,Chamarajanagar,Tomato,Karnataka,True,False
2024-05-08,chamarajanagar,9.0,1425.0,1200.0,1700.0,2,Chamarajanagar,Tomato,Karnataka,True,True
2024-05-09,chamarajanagar,3.0,1000.0,600.0,1500.0,1,Chamarajanagar,Tomato,Karnataka,True,True
2024-05-10,chamarajanagar,3.0,1000.0,600.0,1500.0,0,Chamarajanagar,Tomato,Karnataka,False,False
2024-05-11,chamarajanagar,3.0,1100.0,500.0,1600.0,1,Chamarajanagar,Tomato,Karnataka,True,True
2024-05-12,chamarajanagar,3.0,1100.0,500.0,1600.0,0,Chamarajanagar,Tomato,Karnataka,False,False
2024-05-13,chamarajanagar,29.0,1650.0,1200.0,1950.0,2,Chamarajanagar,Tomato,Karnataka,True,True
2024-05-14,chamarajanagar,13.0,1900.0,1800.0,2000.0,2,Chamarajanagar,Tomato,Karnataka,True,True
2024-05-15,chamarajanagar,16.0,1550.0,1150.0,1975.0,2,Chamarajanagar,Tomato,Karnataka,True,True
2024-05-16,chamarajanagar,15.0,1550.0,1200.0,1900.0,2,Chamarajanagar,Tomato,Karnataka,True,True
2024-05-17,chamarajanagar,8.0,2100.0,2000.0,2200.0,1,Chamarajanagar,Tomato,Karnataka,True,True
2024-05-18,chamarajanagar,4.0,1300.0,600.0,2000.0,1,Chamarajanagar,Tomato,Karnataka,True,True
2024-05-19,chamarajanagar,4.0,1300.0,600.0,2000.0,0,Chamarajanagar,Tomato,Karnataka,False,False
2024-05-20,chamarajanagar,12.0,2000.0,1000.0,2800.0,2,Chamarajanagar,Tomato,Karnataka,True,True
2024-05-21,chamarajanagar,12.0,1500.0,500.0,2500.0,1,Chamarajanagar,Tomato,Karnataka,True,True
2024-05-22,chamarajanagar,10.0,1400.0,500.0,2400.0,2,Chamarajanagar,Tomato,Karnataka,True,True
2024-05-23,chamarajanagar,7.0,2450.0,1900.0,3100.0,2,Chamarajanagar,Tomato,Karnataka,True,True
2024-05-24,chamarajanagar,9.0,2750.0,2050.0,3300.0,2,Chamarajanagar,Tomato,Karnataka,True,True
2024-05-25,chamarajanagar,4.0,1800.0,600.0,3000.0,1,Chamarajanagar,Tomato,Karnataka,True,True
2024-05-26,chamarajanagar,4.0,1800.0,600.0,3000.0,0,Chamarajanagar,Tomato,Karnataka,False,False
2024-05-27,chamarajanagar,12.0,2750.0,2250.0,3300.0,2,Chamarajanagar,Tomato,Karnataka,True,True
2024-05-28,chamarajanagar,7.0,2750.0,2250.0,3300.0,0,Chamarajanagar,Tomato,Karnataka,True,False
2024-05-29,chamarajanagar,10.0,3400.0,3200.0,3600.0,1,Chamarajanagar,Tomato,Karnataka,True,True
2024-05-30,chamarajanagar,7.0,3400.0,3200.0,3600.0,0,Chamarajanagar,Tomato,Karnataka,True,False
2024-05-31,chamarajanagar,9.0,1850.0,1400.0,2250.0,2,Chamarajanagar,Tomato,Karnataka,True,True
2024-06-01,chamarajanagar,4.0,1850.0,1400.0,2250.0,0,Chamarajanagar,Tomato,Karnataka,True,False
2024-06-02,chamarajanagar,4.0,1850.0,1400.0,2250.0,0,Chamarajanagar,Tomato,Karnataka,False,False
2024-06-03,chamarajanagar,12.0,1300.0,500.0,2000.0,2,Chamarajanagar,Tomato,Karnataka,True,True
2024-06-04,chamarajanagar,7.0,2025.0,1750.0,2500.0,2,Chamarajanagar,Tomato,Karnataka,True,True
2024-06-05,chamarajanagar,7.0,2700.0,2000.0,3000.0,2,Chamarajanagar,Tomato,Karnataka,True,True
2024-06-06,chamarajanagar,7.0,1500.0,500.0,2500.0,1,Chamarajanagar,Tomato,Karnataka,True,True
2024-06-07,chamarajanagar,9.0,2800.0,2100.0,3050.0,2,Chamarajanagar,Tomato,Karnataka,True,True
2024-06-08,chamarajanagar,4.0,1800.0,1000.0,2600.0,1,Chamarajanagar,Tomato,Karnataka,True,True
2024-06-09,chamarajanagar,4.0,1800.0,1000.0,2600.0,0,Chamarajanagar,Tomato,Karnataka,False,False
2024-06-10,chamarajanagar,11.0,2000.0,1000.0,2800.0,1,Chamarajanagar,Tomato,Karnataka,True,True
2024-06-11,chamarajanagar,8.0,2602.5,2000.0,3062.5,2,Chamarajanagar,Tomato,Karnataka,True,True
2024-06-12,chamarajanagar,6.0,3500.0,3400.0,3600.0,1,Chamarajanagar,Tomato,Karnataka,True,True
2024-06-13,chamarajanagar,7.0,2500.0,1000.0,4000.0,1,Chamarajanagar,Tomato,Karnataka,True,True
2024-06-14,chamarajanagar,7.0,3150.0,2200.0,4000.0,2,Chamarajanagar,Tomato,Karnataka,True,True
2024-06-15,chamarajanagar,4.0,3150.0,2200.0,4000.0,0,Chamarajanagar,Tomato,Karnataka,True,False
2024-06-16,chamarajanagar,4.0,3150.0,2200.0,4000.0,0,Chamarajanagar,Tomato,Karnataka,False,False
2024-06-17,chamarajanagar,4.0,3150.0,2200.0,4000.0,0,Chamarajanagar,Tomato,Karnataka,False,False
2024-06-18,chamarajanagar,6.0,2500.0,1000.0,4000.0,1,Chamarajanagar,Tomato,Karnataka,True,True
2024-06-19,chamarajanagar,7.0,3900.0,3000.0,5005.0,2,Chamarajanagar,Tomato,Karnataka,True,True
2024-06-20,chamarajanagar,7.0,4450.0,3400.0,5250.0,2,Chamarajanagar,Tomato,Karnataka,True,True
2024-06-21,chamarajanagar,6.0,6000.0,6000.0,6070.0,2,Chamarajanagar,Tomato,Karnataka,True,True
2024-06-22,chamarajanagar,4.0,2500.0,1000.0,5000.0,1,Chamarajanagar,Tomato,Karnataka,True,True
2024-06-23,chamarajanagar,4.0,2500.0,1000.0,5000.0,0,Chamarajanagar,Tomato,Karnataka,False,False
2024-06-24,chamarajanagar,9.0,4250.0,3400.0,5100.0,2,Chamarajanagar,Tomato,Karnataka,True,True
2024-06-25,chamarajanagar,6.0,3950.0,3255.0,4410.0,2,Chamarajanagar,Tomato,Karnataka,True,True
2024-06-26,chamarajanagar,8.0,3702.5,2900.0,4500.0,2,Chamarajanagar,Tomato,Karnataka,True,True
2024-06-27,chamarajanagar,8.0,3000.0,2355.0,3580.0,2,Chamarajanagar,Tomato,Karnataka,True,True
2024-06-28,chamarajanagar,9.0,3200.0,2650.0,3750.0,2,Chamarajanagar,Tomato,Karnataka,True,True
2024-06-29,chamarajanagar,10.0,3600.0,3050.0,4000.0,2,Chamarajanagar,Tomato,Karnataka,True,True
2024-06-30,chamarajanagar,10.0,3600.0,3050.0,4000.0,0,Chamarajanagar,Tomato,Karnataka,False,False
2024-07-01,chamarajanagar,9.0,3075.0,2250.0,3600.0,2,Chamarajanagar,Tomato,Karnataka,True,True
2024-07-02,chamarajanagar,11.0,2975.0,2550.0,3350.0,2,Chamarajanagar,Tomato,Karnataka,True,True
2024-07-03,chamarajanagar,11.0,1800.0,1000.0,2500.0,2,Chamarajanagar,Tomato,Karnataka,True,True
2024-07-04,chamarajanagar,10.0,2450.0,2000.0,2850.0,2,Chamarajanagar,Tomato,Karnataka,True,True
2024-07-05,chamarajanagar,14.0,2500.0,2100.0,2950.0,2,Chamarajanagar,Tomato,Karnataka,True,True
2024-07-06,chamarajanagar,4.0,2000.0,1000.0,2800.0,1,Chamarajanagar,Tomato,Karnataka,True,True
2024-07-07,chamarajanagar,4.0,2000.0,1000.0,2800.0,0,Chamarajanagar,Tomato,Karnataka,False,False
2024-07-08,chamarajanagar,12.0,2000.0,1000.0,2800.0,2,Chamarajanagar,Tomato,Karnataka,True,True
2024-07-09,chamarajanagar,16.0,2375.0,1950.0,2750.0,2,Chamarajanagar,Tomato,Karnataka,True,True
2024-07-10,chamarajanagar,20.0,2500.0,2000.0,3000.0,1,Chamarajanagar,Tomato,Karnataka,True,True
2024-07-11,chamarajanagar,8.0,2550.0,2150.0,2900.0,2,Chamarajanagar,Tomato,Karnataka,True,True
2024-07-12,chamarajanagar,11.0,2375.0,1950.0,2800.0,2,Chamarajanagar,Tomato,Karnataka,True,True
2024-07-13,chamarajanagar,5.0,2500.0,1500.0,3500.0,1,Chamarajanagar,Tomato,Karnataka,True,True
2024-07-14,chamarajanagar,5.0,2500.0,1500.0,3500.0,0,Chamarajanagar,Tomato,Karnataka,False,False
2024-07-15,chamarajanagar,25.0,2300.0,1500.0,3000.0,1,Chamarajanagar,Tomato,Karnataka,True,True
2024-07-16,chamarajanagar,15.0,3100.0,2500.0,3800.0,1,Chamarajanagar,Tomato,Karnataka,True,True
2024-07-17,chamarajanagar,15.0,3100.0,2500.0,3800.0,0,Chamarajanagar,Tomato,Karnataka,False,False
2024-07-18,chamarajanagar,15.0,4300.0,4200.0,4500.0,1,Chamarajanagar,Tomato,Karnataka,True,True
2024-07-19,chamarajanagar,12.0,3875.0,3350.0,4400.0,2,Chamarajanagar,Tomato,Karnataka,True,True
2024-07-20,chamarajanagar,15.0,4000.0,3500.0,4500.0,2,Chamarajanagar,Tomato,Karnataka,True,True
2024-07-21,chamarajanagar,15.0,4000.0,3500.0,4500.0,0,Chamarajanagar,Tomato,Karnataka,False,False
2024-07-22,chamarajanagar,19.0,3700.0,3150.0,4150.0,2,Chamarajanagar,Tomato,Karnataka,True,True
2024-07-23,chamarajanagar,19.0,3400.0,3335.0,3500.0,1,Chamarajanagar,Tomato,Karnataka,True,True
2024-07-24,chamarajanagar,21.0,2500.0,1500.0,3500.0,1,Chamarajanagar,Tomato,Karnataka,True,True
2024-07-25,chamarajanagar,10.0,2750.0,2200.0,3420.0,2,Chamarajanagar,Tomato,Karnataka,True,True
2024-07-26,chamarajanagar,27.0,2900.0,2800.0,3000.0,2,Chamarajanagar,Tomato,Karnataka,True,True
2024-07-27,chamarajanagar,4.0,1500.0,1000.0,2000.0,1,Chamarajanagar,Tomato,Karnataka,True,True
2024-07-28,chamarajanagar,4.0,1500.0,1000.0,2000.0,0,Chamarajanagar,Tomato,Karnataka,False,False
2024-07-29,chamarajanagar,41.0,1900.0,1800.0,2000.0,2,Chamarajanagar,Tomato,Karnataka,True,True
2024-07-30,chamarajanagar,45.0,1350.0,1000.0,1650.0,2,Chamarajanagar,Tomato,Karnataka,True,True
2024-07-31,chamarajanagar,27.0,1325.0,1000.0,1600.0,2,Chamarajanagar,Tomato,Karnataka,True,True
2024-08-01,chamarajanagar,49.0,1450.0,1400.0,1500.0,1,Chamarajanagar,Tomato,Karnataka,True,True
2024-08-02,chamarajanagar,24.0,1000.0,500.0,1500.0,1,Chamarajanagar,Tomato,Karnataka,True,True
2024-08-03,chamarajanagar,69.0,1300.0,1200.0,1400.0,1,Chamarajanagar,Tomato,Karnataka,True,True
2024-08-04,chamarajanagar,69.0,1300.0,1200.0,1400.0,0,Chamarajanagar,Tomato,Karnataka,False,False
2024-08-05,chamarajanagar,74.0,1300.0,1200.0,1400.0,0,Chamarajanagar,Tomato,Karnataka,True,False
2024-08-06,chamarajanagar,52.0,1350.0,950.0,1700.0,2,Chamarajanagar,Tomato,Karnataka,True,True
2024-08-07,chamarajanagar,56.0,1100.0,850.0,1350.0,2,Chamarajanagar,Tomato,Karnataka,True,True
2024-08-08,chamarajanagar,114.0,700.0,500.0,900.0,1,Chamarajanagar,Tomato,Karnataka,True,True
2024-08-09,chamarajanagar,128.0,725.0,550.0,900.0,2,Chamarajanagar,Tomato,Karnataka,True,True
2024-08-10,chamarajanagar,4.0,600.0,300.0,900.0,1,Chamarajanagar,Tomato,Karnataka,True,True
2024-08-11,chamarajanagar,4.0,600.0,300.0,900.0,0,Chamarajanagar,Tomato,Karnataka,False,False
2024-08-12,chamarajanagar,232.0,875.0,550.0,1050.0,2,Chamarajanagar,Tomato,Karnataka,True,True
2024-08-13,chamarajanagar,55.0,875.0,550.0,1050.0,0,Chamarajanagar,Tomato,Karnataka,True,False
2024-08-14,chamarajanagar,45.0,1150.0,850.0,1595.0,2,Chamarajanagar,Tomato,Karnataka,True,True
2024-08-15,chamarajanagar,45.0,1150.0,850.0,1595.0,0,Chamarajanagar,Tomato,Karnataka,False,False
2024-08-16,chamarajanagar,200.0,700.0,500.0,900.0,2,Chamarajanagar,Tomato,Karnataka,True,True
2024-08-17,chamarajanagar,4.0,700.0,400.0,1000.0,1,Chamarajanagar,Tomato,Karnataka,True,True
2024-08-18,chamarajanagar,4.0,700.0,400.0,1000.0,0,Chamarajanagar,Tomato,Karnataka,False,False
2024-08-19,chamarajanagar,126.0,850.0,700.0,1000.0,2,Chamarajanagar,Tomato,Karnataka,True,True
2024-08-20,chamarajanagar,101.0,600.0,200.0,900.0,2,Chamarajanagar,Tomato,Karnataka,True,True
2024-08-21,chamarajanagar,43.0,900.0,800.0,1000.0,1,Chamarajanagar,Tomato,Karnataka,True,True
2024-08-22,chamarajanagar,110.0,675.0,450.0,900.0,2,Chamarajanagar,Tomato,Karnataka,True,True
2024-08-23,chamarajanagar,64.0,800.0,550.0,1000.0,2,Chamarajanagar,Tomato,Karnataka,True,True
2024-08-24,chamarajanagar,5.0,900.0,500.0,1200.0,1,Chamarajanagar,Tomato,Karnataka,True,True
2024-08-25,chamarajanagar,5.0,900.0,500.0,1200.0,0,Chamarajanagar,Tomato,Karnataka,False,False
2024-08-26,chamarajanagar,104.0,1075.0,750.0,1350.0,2,Chamarajanagar,Tomato,Karnataka,True,True
2024-08-27,chamarajanagar,52.0,800.0,800.0,900.0,1,Chamarajanagar,Tomato,Karnataka,True,True
2024-08-28,chamarajanagar,46.0,900.0,650.0,1100.0,2,Chamarajanagar,Tomato,Karnataka,True,True
2024-08-29,chamarajanagar,43.0,700.0,400.0,1000.0,1,Chamarajanagar,Tomato,Karnataka,True,True
2024-08-30,chamarajanagar,4.0,700.0,400.0,1000.0,1,Chamarajanagar,Tomato,Karnataka,True,True
2024-08-31,chamarajanagar,5.0,700.0,400.0,1000.0,1,Chamarajanagar,Tomato,Karnataka,True,True
2024-09-01,chamarajanagar,5.0,700.0,400.0,1000.0,0,Chamarajanagar,Tomato,Karnataka,False,False
2024-09-02,chamarajanagar,55.0,950.0,750.0,1150.0,2,Chamarajanagar,Tomato,Karnataka,True,True
2024-09-03,chamarajanagar,54.0,900.0,700.0,1100.0,2,Chamarajanagar,Tomato,Karnataka,True,True
2024-09-04,chamarajanagar,49.0,1100.0,1000.0,1200.0,1,Chamarajanagar,Tomato,Karnataka,True,True
2024-09-05,chamarajanagar,42.0,1150.0,800.0,1450.0,2,Chamarajanagar,Tomato,Karnataka,True,True
2024-09-06,chamarajanagar,47.0,1400.0,1300.0,1500.0,1,Chamarajanagar,Tomato,Karnataka,True,True
2024-09-07,chamarajanagar,4.0,1000.0,500.0,1400.0,1,Chamarajanagar,Tomato,Karnataka,True,True
2024-09-08,chamarajanagar,4.0,1000.0,500.0,1400.0,0,Chamarajanagar,Tomato,Karnataka,False,False
2024-09-09,chamarajanagar,72.0,1500.0,1400.0,1600.0,1,Chamarajanagar,Tomato,Karnataka,True,True
2024-09-10,chamarajanagar,29.0,1500.0,1200.0,1750.0,2,Chamarajanagar,Tomato,Karnataka,True,True
2024-09-11,chamarajanagar,31.0,1075.0,900.0,1250.0,2,Chamarajanagar,Tomato,Karnataka,True,True
2024-09-12,chamarajanagar,71.0,1100.0,900.0,1300.0,2,Chamarajanagar,Tomato,Karnataka,True,True
2024-09-13,chamarajanagar,40.0,1150.0,800.0,1350.0,2,Chamarajanagar,Tomato,Karnataka,True,True
2024-09-14,chamarajanagar,5.0,900.0,400.0,1200.0,1,Chamarajanagar,Tomato,Karnataka,True,True
2024-09-15,chamarajanagar,5.0,900.0,400.0,1200.0,0,Chamarajanagar,Tomato,Karnataka,False,False
2024-09-16,chamarajanagar,5.0,900.0,400.0,1200.0,0,Chamarajanagar,Tomato,Karnataka,False,False
2024-09-17,chamarajanagar,57.0,800.0,400.0,1200.0,1,Chamarajanagar,Tomato,Karnataka,True,True
2024-09-18,chamarajanagar,28.0,1900.0,1800.0,2000.0,1,Chamarajanagar,Tomato,Karnataka,True,True
2024-09-19,chamarajanagar,29.0,1600.0,1300.0,1900.0,2,Chamarajanagar,Tomato,Karnataka,True,True
2024-09-20,chamarajanagar,24.0,1750.0,1500.0,2000.0,2,Chamarajanagar,Tomato,Karnataka,True,True
2024-09-21,chamarajanagar,5.0,1750.0,1500.0,2000.0,0,Chamarajanagar,Tomato,Karnataka,True,False
2024-09-22,chamarajanagar,5.0,1750.0,1500.0,2000.0,0,Chamarajanagar,Tomato,Karnataka,False,False
2024-09-23,chamarajanagar,21.0,2700.0,2600.0,2800.0,1,Chamarajanagar,Tomato,Karnataka,True,True
2024-09-24,chamarajanagar,22.0,2700.0,2600.0,2800.0,0,Chamarajanagar,Tomato,Karnataka,True,False
2024-09-25,chamarajanagar,27.0,1000.0,500.0,1500.0,1,Chamarajanagar,Tomato,Karnataka,True,True
2024-09-26,chamarajanagar,22.0,2150.0,1750.0,2500.0,2,Chamarajanagar,Tomato,Karnataka,True,True
2024-09-27,chamarajanagar,13.0,1200.0,500.0,1800.0,1,Chamarajanagar,Tomato,Karnataka,True,True
2024-09-28,chamarajanagar,5.0,1200.0,500.0,1800.0,1,Chamarajanagar,Tomato,Karnataka,True,True
2024-09-29,chamarajanagar,5.0,1200.0,500.0,1800.0,0,Chamarajanagar,Tomato,Karnataka,False,False
2024-09-30,chamarajanagar,54.0,2075.0,1700.0,2400.0,2,Chamarajanagar,Tomato,Karnataka,True,True
2024-10-01,chamarajanagar,13.0,2000.0,1000.0,3000.0,1,Chamarajanagar,Tomato,Karnataka,True,True
2024-10-02,chamarajanagar,13.0,2000.0,1000.0,3000.0,0,Chamarajanagar,Tomato,Karnataka,False,False
2024-10-03,chamarajanagar,38.0,2000.0,1000.0,3000.0,0,Chamarajanagar,Tomato,Karnataka,True,False
2024-10-04,chamarajanagar,15.0,3500.0,2300.0,4150.0,2,Chamarajanagar,Tomato,Karnataka,True,True
2024-10-05,chamarajanagar,5.0,2500.0,1500.0,4000.0,1,Chamarajanagar,Tomato,Karnataka,True,True
2024-10-06,chamarajanagar,5.0,2500.0,1500.0,4000.0,0,Chamarajanagar,Tomato,Karnataka,False,False
2024-10-07,chamarajanagar,16.0,3850.0,2850.0,4650.0,2,Chamarajanagar,Tomato,Karnataka,True,True
2024-10-08,chamarajanagar,19.0,3500.0,2750.0,4250.0,2,Chamarajanagar,Tomato,Karnataka,True,True
2024-10-09,chamarajanagar,20.0,3200.0,2350.0,4000.0,2,Chamarajanagar,Tomato,Karnataka,True,True
2024-10-10,chamarajanagar,22.0,2450.0,2000.0,2800.0,2,Chamarajanagar,Tomato,Karnataka,True,True
2024-10-11,chamarajanagar,22.0,2450.0,2000.0,2800.0,0,Chamarajanagar,Tomato,Karnataka,False,False
2024-10-12,chamarajanagar,22.0,2450.0,2000.0,2800.0,0,Chamarajanagar,Tomato,Karnataka,False,False
2024-10-13,chamarajanagar,,2450.0,2000.0,2800.0,0,Chamarajanagar,Tomato,Karnataka,False,False
2024-10-14,chamarajanagar,37.0,3350.0,3300.0,3400.0,2,Chamarajanagar,Tomato,Karnataka,True,True
2024-10-15,chamarajanagar,15.0,3150.0,2400.0,3650.0,2,Chamarajanagar,Tomato,Karnataka,True,True
2024-10-16,chamarajanagar,14.0,3700.0,3600.0,3800.0,1,Chamarajanagar,Tomato,Karnataka,True,True
2024-10-17,chamarajanagar,14.0,3700.0,3600.0,3800.0,0,Chamarajanagar,Tomato,Karnataka,False,False
2024-10-18,chamarajanagar,25.0,3200.0,2650.0,3750.0,2,Chamarajanagar,Tomato,Karnataka,True,True
2024-10-19,chamarajanagar,5.0,2500.0,1500.0,3500.0,1,Chamarajanagar,Tomato,Karnataka,True,True
2024-10-20,chamarajanagar,5.0,2500.0,1500.0,3500.0,0,Chamarajanagar,Tomato,Karnataka,False,False
2024-10-21,chamarajanagar,19.0,3500.0,2500.0,4250.0,2,Chamarajanagar,Tomato,Karnataka,True,True
2024-10-22,chamarajanagar,16.0,3050.0,2500.0,3602.5,2,Chamarajanagar,Tomato,Karnataka,True,True
2024-10-23,chamarajanagar,5.0,2500.0,1000.0,3500.0,1,Chamarajanagar,Tomato,Karnataka,True,True
2024-10-24,chamarajanagar,20.0,2640.0,2240.0,3000.0,2,Chamarajanagar,Tomato,Karnataka,True,True
2024-10-25,chamarajanagar,20.0,2600.0,2082.5,3000.0,2,Chamarajanagar,Tomato,Karnataka,True,True
2024-10-26,chamarajanagar,5.0,2000.0,1000.0,3000.0,1,Chamarajanagar,Tomato,Karnataka,True,True
2024-10-27,chamarajanagar,5.0,2000.0,1000.0,3000.0,0,Chamarajanagar,Tomato,Karnataka,False,False
2024-10-28,chamarajanagar,36.0,3500.0,3400.0,3500.0,1,Chamarajanagar,Tomato,Karnataka,True,True
2024-10-29,chamarajanagar,24.0,2300.0,1750.0,2850.0,2,Chamarajanagar,Tomato,Karnataka,True,True
2024-10-30,chamarajanagar,25.0,2225.0,1700.0,2750.0,2,Chamarajanagar,Tomato,Karnataka,True,True
2024-10-31,chamarajanagar,25.0,2225.0,1700.0,2750.0,0,Chamarajanagar,Tomato,Karnataka,False,False
2024-11-01,chamarajanagar,25.0,2225.0,1700.0,2750.0,0,Chamarajanagar,Tomato,Karnataka,False,False
2024-11-02,chamarajanagar,,2225.0,1700.0,2750.0,0,Chamarajanagar,Tomato,Karnataka,False,False
2024-11-03,chamarajanagar,,,,,0,Chamarajanagar,Tomato,Karnataka,False,False
2024-11-04,chamarajanagar,98.0,2000.0,1900.0,2100.0,1,Chamarajanagar,Tomato,Karnataka,True,True
2024-11-05,chamarajanagar,27.0,1650.0,1150.0,2050.0,2,Chamarajanagar,Tomato,Karnataka,True,True
2024-11-06,chamarajanagar,25.0,1725.0,1300.0,2100.0,2,Chamarajanagar,Tomato,Karnataka,True,True
2024-11-07,chamarajanagar,18.0,1700.0,1250.0,2100.0,2,Chamarajanagar,Tomato,Karnataka,True,True
2024-11-08,chamarajanagar,27.0,1650.0,1250.0,2050.0,2,Chamarajanagar,Tomato,Karnataka,True,True
2024-11-09,chamarajanagar,5.0,1300.0,500.0,2000.0,1,Chamarajanagar,Tomato,Karnataka,True,True
2024-11-10,chamarajanagar,5.0,1300.0,500.0,2000.0,0,Chamarajanagar,Tomato,Karnataka,False,False
2024-11-11,chamarajanagar,39.0,2000.0,1500.0,2750.0,2,Chamarajanagar,Tomato,Karnataka,True,True
2024-11-12,chamarajanagar,42.0,1100.0,1000.0,1200.0,2,Chamarajanagar,Tomato,Karnataka,True,True
2024-11-13,chamarajanagar,38.0,1200.0,1100.0,1300.0,2,Chamarajanagar,Tomato,Karnataka,True,True
2024-11-14,chamarajanagar,28.0,1300.0,500.0,2000.0,1,Chamarajanagar,Tomato,Karnataka,True,True
2024-11-15,chamarajanagar,37.0,1350.0,900.0,1750.0,2,Chamarajanagar,Tomato,Karnataka,True,True
2024-11-16,chamarajanagar,5.0,1300.0,500.0,2000.0,1,Chamarajanagar,Tomato,Karnataka,True,True
2024-11-17,chamarajanagar,5.0,1300.0,500.0,2000.0,0,Chamarajanagar,Tomato,Karnataka,False,False
2024-11-18,chamarajanagar,5.0,1300.0,500.0,2000.0,0,Chamarajanagar,Tomato,Karnataka,False,False
2024-11-19,chamarajanagar,57.0,1400.0,850.0,1950.0,2,Chamarajanagar,Tomato,Karnataka,True,True
2024-11-20,chamarajanagar,31.0,1750.0,1250.0,2250.0,2,Chamarajanagar,Tomato,Karnataka,True,True
2024-11-21,chamarajanagar,5.0,1300.0,500.0,2000.0,1,Chamarajanagar,Tomato,Karnataka,True,True
2024-11-22,chamarajanagar,5.0,1300.0,500.0,2000.0,0,Chamarajanagar,Tomato,Karnataka,False,False
2024-11-23,chamarajanagar,5.0,1300.0,500.0,2000.0,0,Chamarajanagar,Tomato,Karnataka,False,False
2024-11-24,chamarajanagar,,1300.0,500.0,2000.0,0,Chamarajanagar,Tomato,Karnataka,False,False
2024-11-25,chamarajanagar,,,,,0,Chamarajanagar,Tomato,Karnataka,False,False
2024-11-26,chamarajanagar,29.0,1800.0,1000.0,2500.0,2,Chamarajanagar,Tomato,Karnataka,True,True
2024-11-27,chamarajanagar,17.0,2200.0,1700.0,2700.0,2,Chamarajanagar,Tomato,Karnataka,True,True
2024-11-28,chamarajanagar,24.0,2400.0,1900.0,2900.0,2,Chamarajanagar,Tomato,Karnataka,True,True
2024-11-29,chamarajanagar,24.0,2400.0,1900.0,2900.0,0,Chamarajanagar,Tomato,Karnataka,False,False
2024-11-30,chamarajanagar,24.0,2400.0,1900.0,2900.0,0,Chamarajanagar,Tomato,Karnataka,False,False
2024-12-01,chamarajanagar,,2400.0,1900.0,2900.0,0,Chamarajanagar,Tomato,Karnataka,False,False
2024-12-02,chamarajanagar,15.0,2900.0,2800.0,3000.0,2,Chamarajanagar,Tomato,Karnataka,True,True
2024-12-03,chamarajanagar,16.0,2800.0,2300.0,3350.0,2,Chamarajanagar,Tomato,Karnataka,True,True
2024-12-04,chamarajanagar,11.0,2500.0,1500.0,3500.0,2,Chamarajanagar,Tomato,Karnataka,True,True
2024-12-05,chamarajanagar,13.0,3050.0,2250.0,3600.0,2,Chamarajanagar,Tomato,Karnataka,True,True
2024-12-06,chamarajanagar,14.0,3100.0,2250.0,3900.0,2,Chamarajanagar,Tomato,Karnataka,True,True
2024-12-07,chamarajanagar,5.0,2500.0,1000.0,4000.0,1,Chamarajanagar,Tomato,Karnataka,True,True
2024-12-08,chamarajanagar,5.0,2500.0,1000.0,4000.0,0,Chamarajanagar,Tomato,Karnataka,False,False
2024-12-09,chamarajanagar,10.0,2475.0,1950.0,3000.0,2,Chamarajanagar,Tomato,Karnataka,True,True
2024-12-10,chamarajanagar,18.0,2550.0,2500.0,2600.0,1,Chamarajanagar,Tomato,Karnataka,True,True
2024-12-11,chamarajanagar,18.0,2550.0,2500.0,2600.0,0,Chamarajanagar,Tomato,Karnataka,False,False
2024-12-12,chamarajanagar,42.0,1250.0,1000.0,1450.0,2,Chamarajanagar,Tomato,Karnataka,True,True
2024-12-13,chamarajanagar,39.0,1075.0,750.0,1350.0,2,Chamarajanagar,Tomato,Karnataka,True,True
2024-12-14,chamarajanagar,5.0,1000.0,500.0,1500.0,1,Chamarajanagar,Tomato,Karnataka,True,True
2024-12-15,chamarajanagar,5.0,1000.0,500.0,1500.0,0,Chamarajanagar,Tomato,Karnataka,False,False
2024-12-16,chamarajanagar,58.0,1400.0,1300.0,1500.0,2,Chamarajanagar,Tomato,Karnataka,True,True
2024-12-17,chamarajanagar,30.0,1100.0,800.0,1400.0,2,Chamarajanagar,Tomato,Karnataka,True,True
2024-12-18,chamarajanagar,25.0,1402.5,1002.5,1800.0,2,Chamarajanagar,Tomato,Karnataka,True,True
2024-12-19,chamarajanagar,22.0,1200.0,900.0,1550.0,2,Chamarajanagar,Tomato,Karnataka,True,True
2024-12-20,chamarajanagar,24.0,1125.0,950.0,1300.0,2,Chamarajanagar,Tomato,Karnataka,True,True
2024-12-21,chamarajanagar,5.0,1000.0,500.0,1500.0,1,Chamarajanagar,Tomato,Karnataka,True,True
2024-12-22,chamarajanagar,5.0,1000.0,500.0,1500.0,0,Chamarajanagar,Tomato,Karnataka,False,False
2024-12-23,chamarajanagar,26.0,1300.0,1000.0,1600.0,2,Chamarajanagar,Tomato,Karnataka,True,True
2024-12-24,chamarajanagar,27.0,1325.0,1050.0,1600.0,2,Chamarajanagar,Tomato,Karnataka,True,True
2024-12-25,chamarajanagar,27.0,1325.0,1050.0,1600.0,0,Chamarajanagar,Tomato,Karnataka,False,False
2024-12-26,chamarajanagar,61.0,1250.0,950.0,1550.0,2,Chamarajanagar,Tomato,Karnataka,True,True
2024-12-27,chamarajanagar,61.0,1250.0,950.0,1550.0,0,Chamarajanagar,Tomato,Karnataka,False,False
2024-12-28,chamarajanagar,5.0,1000.0,500.0,1500.0,1,Chamarajanagar,Tomato,Karnataka,True,True
2024-12-29,chamarajanagar,5.0,1000.0,500.0,1500.0,0,Chamarajanagar,Tomato,Karnataka,False,False
2024-12-30,chamarajanagar,41.0,1200.0,900.0,1500.0,2,Chamarajanagar,Tomato,Karnataka,True,True
2024-12-31,chamarajanagar,32.0,1250.0,985.0,1500.0,2,Chamarajanagar,Tomato,Karnataka,True,True
2025-01-01,chamarajanagar,26.0,1100.0,800.0,1400.0,2,Chamarajanagar,Tomato,Karnataka,True,True
2025-01-02,chamarajanagar,22.0,1075.0,800.0,1350.0,2,Chamarajanagar,Tomato,Karnataka,True,True
2025-01-03,chamarajanagar,37.0,1100.0,800.0,1400.0,2,Chamarajanagar,Tomato,Karnataka,True,True
2025-01-04,chamarajanagar,5.0,1000.0,500.0,1500.0,1,Chamarajanagar,Tomato,Karnataka,True,True
2025-01-05,chamarajanagar,5.0,1000.0,500.0,1500.0,0,Chamarajanagar,Tomato,Karnataka,False,False
2025-01-06,chamarajanagar,50.0,1000.0,800.0,1150.0,2,Chamarajanagar,Tomato,Karnataka,True,True
2025-01-07,chamarajanagar,37.0,900.0,500.0,1200.0,1,Chamarajanagar,Tomato,Karnataka,True,True
2025-01-08,chamarajanagar,45.0,1050.0,800.0,1250.0,2,Chamarajanagar,Tomato,Karnataka,True,True
2025-01-09,chamarajanagar,26.0,900.0,700.0,1100.0,2,Chamarajanagar,Tomato,Karnataka,True,True
2025-01-10,chamarajanagar,40.0,1400.0,1300.0,1400.0,1,Chamarajanagar,Tomato,Karnataka,True,True
2025-01-11,chamarajanagar,5.0,800.0,400.0,1200.0,1,Chamarajanagar,Tomato,Karnataka,True,True
2025-01-12,chamarajanagar,5.0,800.0,400.0,1200.0,0,Chamarajanagar,Tomato,Karnataka,False,False
2025-01-13,chamarajanagar,84.0,1300.0,1200.0,1400.0,1,Chamarajanagar,Tomato,Karnataka,True,True
2025-01-14,chamarajanagar,84.0,1300.0,1200.0,1400.0,0,Chamarajanagar,Tomato,Karnataka,False,False
2025-01-15,chamarajanagar,55.0,1000.0,800.0,1200.0,2,Chamarajanagar,Tomato,Karnataka,True,True
2025-01-16,chamarajanagar,19.0,1100.0,1000.0,1200.0,1,Chamarajanagar,Tomato,Karnataka,True,True
2025-01-17,chamarajanagar,36.0,950.0,750.0,1200.0,2,Chamarajanagar,Tomato,Karnataka,True,True
2025-01-18,chamarajanagar,5.0,900.0,500.0,1200.0,1,Chamarajanagar,Tomato,Karnataka,True,True
2025-01-19,chamarajanagar,5.0,900.0,500.0,1200.0,0,Chamarajanagar,Tomato,Karnataka,False,False
2025-01-20,chamarajanagar,50.0,925.0,750.0,1100.0,2,Chamarajanagar,Tomato,Karnataka,True,True
2025-01-21,chamarajanagar,40.0,750.0,500.0,1000.0,1,Chamarajanagar,Tomato,Karnataka,True,True
2025-01-22,chamarajanagar,77.0,700.0,400.0,1000.0,1,Chamarajanagar,Tomato,Karnataka,True,True
2025-01-23,chamarajanagar,33.0,800.0,600.0,1000.0,2,Chamarajanagar,Tomato,Karnataka,True,True
2025-01-24,chamarajanagar,37.0,1075.0,900.0,1200.0,2,Chamarajanagar,Tomato,Karnataka,True,True
2025-01-25,chamarajanagar,5.0,750.0,500.0,1000.0,1,Chamarajanagar,Tomato,Karnataka,True,True
2025-01-26,chamarajanagar,5.0,750.0,500.0,1000.0,0,Chamarajanagar,Tomato,Karnataka,False,False
2025-01-27,chamarajanagar,94.0,1025.0,850.0,1200.0,2,Chamarajanagar,Tomato,Karnataka,True,True
2025-01-28,chamarajanagar,46.0,1150.0,950.0,1350.0,2,Chamarajanagar,Tomato,Karnataka,True,True
2025-01-29,chamarajanagar,58.0,1000.0,800.0,1200.0,2,Chamarajanagar,Tomato,Karnataka,True,True
2025-01-30,chamarajanagar,43.0,1100.0,900.0,1300.0,2,Chamarajanagar,Tomato,Karnataka,True,True
2025-01-31,chamarajanagar,34.0,1200.0,1000.0,1400.0,2,Chamarajanagar,Tomato,Karnataka,True,True
2025-02-01,chamarajanagar,5.0,900.0,600.0,1200.0,1,Chamarajanagar,Tomato,Karnataka,True,True
2025-02-02,chamarajanagar,5.0,900.0,600.0,1200.0,0,Chamarajanagar,Tomato,Karnataka,False,False
2025-02-03,chamarajanagar,37.0,900.0,600.0,1200.0,0,Chamarajanagar,Tomato,Karnataka,True,False
2025-02-04,chamarajanagar,40.0,1200.0,1000.0,1400.0,2,Chamarajanagar,Tomato,Karnataka,True,True
2025-02-05,chamarajanagar,52.0,1150.0,950.0,1350.0,2,Chamarajanagar,Tomato,Karnataka,True,True
2025-02-06,chamarajanagar,31.0,1500.0,1400.0,1500.0,1,Chamarajanagar,Tomato,Karnataka,True,True
2025-02-07,chamarajanagar,53.0,1075.0,900.0,1250.0,2,Chamarajanagar,Tomato,Karnataka,True,True
2025-02-08,chamarajanagar,5.0,1100.0,600.0,1500.0,1,Chamarajanagar,Tomato,Karnataka,True,True
2025-02-09,chamarajanagar,5.0,1100.0,600.0,1500.0,0,Chamarajanagar,Tomato,Karnataka,False,False
2025-02-10,chamarajanagar,5.0,1000.0,500.0,1500.0,1,Chamarajanagar,Tomato,Karnataka,True,True
2025-02-11,chamarajanagar,43.0,1350.0,1050.0,1600.0,2,Chamarajanagar,Tomato,Karnataka,True,True
2025-02-12,chamarajanagar,24.0,1175.0,1000.0,1350.0,2,Chamarajanagar,Tomato,Karnataka,True,True
2025-02-13,chamarajanagar,22.0,1075.0,900.0,1250.0,2,Chamarajanagar,Tomato,Karnataka,True,True
2025-02-14,chamarajanagar,35.0,1075.0,900.0,1250.0,0,Chamarajanagar,Tomato,Karnataka,True,False
2025-02-15,chamarajanagar,5.0,950.0,500.0,1300.0,1,Chamarajanagar,Tomato,Karnataka,True,True
2025-02-16,chamarajanagar,5.0,950.0,500.0,1300.0,0,Chamarajanagar,Tomato,Karnataka,False,False
2025-02-17,chamarajanagar,95.0,1100.0,800.0,1400.0,2,Chamarajanagar,Tomato,Karnataka,True,True
2025-02-18,chamarajanagar,42.0,1200.0,1100.0,1300.0,2,Chamarajanagar,Tomato,Karnataka,True,True
2025-02-19,chamarajanagar,4.0,1000.0,500.0,1500.0,1,Chamarajanagar,Tomato,Karnataka,True,True
2025-02-20,chamarajanagar,30.0,1000.0,775.0,1250.0,2,Chamarajanagar,Tomato,Karnataka,True,True
2025-02-21,chamarajanagar,67.0,1000.0,1000.0,1000.0,2,Chamarajanagar,Tomato,Karnataka,True,True
2025-02-22,chamarajanagar,5.0,900.0,500.0,1300.0,1,Chamarajanagar,Tomato,Karnataka,True,True
2025-02-23,chamarajanagar,5.0,900.0,500.0,1300.0,0,Chamarajanagar,Tomato,Karnataka,False,False
2025-02-24,chamarajanagar,198.0,900.0,600.0,1150.0,2,Chamarajanagar,Tomato,Karnataka,True,True
2025-02-25,chamarajanagar,90.0,700.0,400.0,1000.0,2,Chamarajanagar,Tomato,Karnataka,True,True
2025-02-26,chamarajanagar,90.0,700.0,400.0,1000.0,0,Chamarajanagar,Tomato,Karnataka,False,False
2025-02-27,chamarajanagar,99.0,800.0,550.0,1050.0,2,Chamarajanagar,Tomato,Karnataka,True,True
2025-02-28,chamarajanagar,34.0,1100.0,650.0,1500.0,2,Chamarajanagar,Tomato,Karnataka,True,True
2025-03-01,chamarajanagar,83.0,1000.0,750.0,1250.0,2,Chamarajanagar,Tomato,Karnataka,True,True
2025-03-02,chamarajanagar,83.0,1000.0,750.0,1250.0,0,Chamarajanagar,Tomato,Karnataka,False,False
2025-03-03,chamarajanagar,25.0,800.0,700.0,950.0,2,Chamarajanagar,Tomato,Karnataka,True,True
2025-03-04,chamarajanagar,78.0,725.0,600.0,850.0,2,Chamarajanagar,Tomato,Karnataka,True,True
2025-03-05,chamarajanagar,47.0,850.0,550.0,1150.0,2,Chamarajanagar,Tomato,Karnataka,True,True
2025-03-06,chamarajanagar,47.0,850.0,550.0,1150.0,0,Chamarajanagar,Tomato,Karnataka,False,False
2025-03-07,chamarajanagar,47.0,850.0,550.0,1150.0,0,Chamarajanagar,Tomato,Karnataka,False,False
2025-03-08,chamarajanagar,,850.0,550.0,1150.0,0,Chamarajanagar,Tomato,Karnataka,False,False
2025-03-09,chamarajanagar,,,,,0,Chamarajanagar,Tomato,Karnataka,False,False
2025-03-10,chamarajanagar,,,,,0,Chamarajanagar,Tomato,Karnataka,False,False
2025-03-11,chamarajanagar,,,,,0,Chamarajanagar,Tomato,Karnataka,False,False
2025-03-12,chamarajanagar,53.0,675.0,550.0,800.0,2,Chamarajanagar,Tomato,Karnataka,True,True
2025-03-13,chamarajanagar,34.0,500.0,400.0,600.0,1,Chamarajanagar,Tomato,Karnataka,True,True
2025-03-14,chamarajanagar,66.0,625.0,500.0,700.0,2,Chamarajanagar,Tomato,Karnataka,True,True
2025-03-15,chamarajanagar,5.0,600.0,400.0,800.0,1,Chamarajanagar,Tomato,Karnataka,True,True
2025-03-16,chamarajanagar,5.0,600.0,400.0,800.0,0,Chamarajanagar,Tomato,Karnataka,False,False
2025-03-17,chamarajanagar,124.0,750.0,500.0,1000.0,2,Chamarajanagar,Tomato,Karnataka,True,True
2025-03-18,chamarajanagar,75.0,625.0,500.0,800.0,2,Chamarajanagar,Tomato,Karnataka,True,True
2025-03-19,chamarajanagar,62.0,600.0,450.0,750.0,2,Chamarajanagar,Tomato,Karnataka,True,True
2025-03-20,chamarajanagar,34.0,725.0,550.0,900.0,2,Chamarajanagar,Tomato,Karnataka,True,True
2025-03-21,chamarajanagar,49.0,725.0,550.0,875.0,2,Chamarajanagar,Tomato,Karnataka,True,True
2025-03-22,chamarajanagar,4.0,750.0,500.0,1000.0,1,Chamarajanagar,Tomato,Karnataka,True,True
2025-03-23,chamarajanagar,4.0,750.0,500.0,1000.0,0,Chamarajanagar,Tomato,Karnataka,False,False
2025-03-24,chamarajanagar,146.0,750.0,500.0,1000.0,1,Chamarajanagar,Tomato,Karnataka,True,True
2025-03-25,chamarajanagar,55.0,675.0,500.0,850.0,2,Chamarajanagar,Tomato,Karnataka,True,True
2025-03-26,chamarajanagar,85.0,625.0,500.0,800.0,2,Chamarajanagar,Tomato,Karnataka,True,True
2025-03-27,chamarajanagar,37.0,625.0,450.0,800.0,2,Chamarajanagar,Tomato,Karnataka,True,True
2025-03-28,chamarajanagar,37.0,775.0,600.0,950.0,2,Chamarajanagar,Tomato,Karnataka,True,True
2025-03-29,chamarajanagar,4.0,750.0,500.0,1000.0,1,Chamarajanagar,Tomato,Karnataka,True,True
2025-03-30,chamarajanagar,4.0,750.0,500.0,1000.0,0,Chamarajanagar,Tomato,Karnataka,False,False
2025-03-31,chamarajanagar,4.0,750.0,500.0,1000.0,0,Chamarajanagar,Tomato,Karnataka,False,False
2025-04-01,chamarajanagar,,750.0,500.0,1000.0,0,Chamarajanagar,Tomato,Karnataka,False,False
2025-04-02,chamarajanagar,4.0,650.0,500.0,800.0,1,Chamarajanagar,Tomato,Karnataka,True,True
2025-04-03,chamarajanagar,31.0,500.0,400.0,600.0,2,Chamarajanagar,Tomato,Karnataka,True,True
2025-04-04,chamarajanagar,38.0,600.0,600.0,600.0,1,Chamarajanagar,Tomato,Karnataka,True,True
2025-04-05,chamarajanagar,3.0,700.0,600.0,800.0,1,Chamarajanagar,Tomato,Karnataka,True,True
2025-04-06,chamarajanagar,3.0,700.0,600.0,800.0,0,Chamarajanagar,Tomato,Karnataka,False,False
2025-04-07,chamarajanagar,45.0,700.0,600.0,800.0,2,Chamarajanagar,Tomato,Karnataka,True,True
2025-04-08,chamarajanagar,32.0,900.0,800.0,900.0,2,Chamarajanagar,Tomato,Karnataka,True,True
2025-04-09,chamarajanagar,23.0,875.0,750.0,1000.0,2,Chamarajanagar,Tomato,Karnataka,True,True
2025-04-10,chamarajanagar,23.0,875.0,750.0,1000.0,0,Chamarajanagar,Tomato,Karnataka,False,False
2025-04-11,chamarajanagar,49.0,875.0,750.0,1000.0,2,Chamarajanagar,Tomato,Karnataka,True,True
2025-04-12,chamarajanagar,5.0,600.0,400.0,800.0,1,Chamarajanagar,Tomato,Karnataka,True,True
2025-04-13,chamarajanagar,5.0,600.0,400.0,800.0,0,Chamarajanagar,Tomato,Karnataka,False,False
2025-04-14,chamarajanagar,5.0,600.0,400.0,800.0,0,Chamarajanagar,Tomato,Karnataka,False,False
2025-04-15,chamarajanagar,50.0,900.0,850.0,1000.0,2,Chamarajanagar,Tomato,Karnataka,True,True
2025-04-16,chamarajanagar,32.0,750.0,700.0,850.0,2,Chamarajanagar,Tomato,Karnataka,True,True
2025-04-17,chamarajanagar,12.0,725.0,650.0,850.0,2,Chamarajanagar,Tomato,Karnataka,True,True
2025-04-18,chamarajanagar,12.0,725.0,650.0,850.0,0,Chamarajanagar,Tomato,Karnataka,False,False
2025-04-19,chamarajanagar,5.0,800.0,600.0,1000.0,1,Chamarajanagar,Tomato,Karnataka,True,True
2025-04-20,chamarajanagar,5.0,800.0,600.0,1000.0,0,Chamarajanagar,Tomato,Karnataka,False,False
2025-04-21,chamarajanagar,15.0,600.0,500.0,700.0,2,Chamarajanagar,Tomato,Karnataka,True,True
2025-04-22,chamarajanagar,16.0,900.0,800.0,1000.0,1,Chamarajanagar,Tomato,Karnataka,True,True
2025-04-23,chamarajanagar,3.0,800.0,600.0,1000.0,1,Chamarajanagar,Tomato,Karnataka,True,True
2025-04-24,chamarajanagar,9.0,800.0,750.0,900.0,2,Chamarajanagar,Tomato,Karnataka,True,True
2025-04-25,chamarajanagar,15.0,825.0,700.0,950.0,2,Chamarajanagar,Tomato,Karnataka,True,True
2025-04-26,chamarajanagar,15.0,825.0,700.0,950.0,0,Chamarajanagar,Tomato,Karnataka,False,False
2025-04-27,chamarajanagar,15.0,825.0,700.0,950.0,0,Chamarajanagar,Tomato,Karnataka,False,False
2025-04-28,chamarajanagar,32.0,950.0,900.0,1150.0,2,Chamarajanagar,Tomato,Karnataka,True,True
2025-04-29,chamarajanagar,17.0,1000.0,900.0,1100.0,2,Chamarajanagar,Tomato,Karnataka,True,True
2025-04-30,chamarajanagar,17.0,1000.0,900.0,1100.0,0,Chamarajanagar,Tomato,Karnataka,False,False
2025-05-01,chamarajanagar,17.0,1000.0,900.0,1100.0,0,Chamarajanagar,Tomato,Karnataka,False,False
2025-05-02,chamarajanagar,16.0,1000.0,1000.0,1110.0,1,Chamarajanagar,Tomato,Karnataka,True,True
2025-05-03,chamarajanagar,4.0,1150.0,900.0,1400.0,1,Chamarajanagar,Tomato,Karnataka,True,True
2025-05-04,chamarajanagar,4.0,1150.0,900.0,1400.0,0,Chamarajanagar,Tomato,Karnataka,False,False
2025-05-05,chamarajanagar,5.0,1100.0,1000.0,1200.0,1,Chamarajanagar,Tomato,Karnataka,True,True
2025-05-06,chamarajanagar,4.0,1100.0,1000.0,1200.0,1,Chamarajanagar,Tomato,Karnataka,True,True
2025-05-07,chamarajanagar,5.0,1250.0,1000.0,1500.0,1,Chamarajanagar,Tomato,Karnataka,True,True
2025-05-08,chamarajanagar,5.0,1300.0,1000.0,1500.0,1,Chamarajanagar,Tomato,Karnataka,True,True
2025-05-09,chamarajanagar,4.0,1300.0,1000.0,1500.0,1,Chamarajanagar,Tomato,Karnataka,True,True
2025-05-10,chamarajanagar,3.0,1300.0,1000.0,1500.0,1,Chamarajanagar,Tomato,Karnataka,True,True
2025-05-11,chamarajanagar,3.0,1300.0,1000.0,1500.0,0,Chamarajanagar,Tomato,Karnataka,False,False
2025-05-12,chamarajanagar,4.0,1750.0,1500.0,2000.0,1,Chamarajanagar,Tomato,Karnataka,True,True
2025-05-13,chamarajanagar,12.0,1475.0,1350.0,1600.0,2,Chamarajanagar,Tomato,Karnataka,True,True
2025-05-14,chamarajanagar,11.0,1350.0,1200.0,1550.0,2,Chamarajanagar,Tomato,Karnataka,True,True
2025-05-15,chamarajanagar,5.0,1350.0,1200.0,1500.0,1,Chamarajanagar,Tomato,Karnataka,True,True
2025-05-16,chamarajanagar,5.0,1100.0,1000.0,1200.0,1,Chamarajanagar,Tomato,Karnataka,True,True
2025-05-17,chamarajanagar,5.0,1300.0,1000.0,1500.0,1,Chamarajanagar,Tomato,Karnataka,True,True
2025-05-18,chamarajanagar,5.0,1300.0,1000.0,1500.0,0,Chamarajanagar,Tomato,Karnataka,False,False
2025-05-19,chamarajanagar,11.0,1150.0,1000.0,1300.0,2,Chamarajanagar,Tomato,Karnataka,True,True
2025-05-20,chamarajanagar,5.0,1000.0,800.0,1200.0,1,Chamarajanagar,Tomato,Karnataka,True,True
2025-05-21,chamarajanagar,5.0,1000.0,800.0,1200.0,1,Chamarajanagar,Tomato,Karnataka,True,True
2025-05-22,chamarajanagar,15.0,1050.0,1000.0,1150.0,2,Chamarajanagar,Tomato,Karnataka,True,True
2025-05-23,chamarajanagar,14.0,1050.0,1000.0,1150.0,2,Chamarajanagar,Tomato,Karnataka,True,True
2025-05-24,chamarajanagar,4.0,1100.0,1000.0,1200.0,1,Chamarajanagar,Tomato,Karnataka,True,True
2025-05-25,chamarajanagar,4.0,1100.0,1000.0,1200.0,0,Chamarajanagar,Tomato,Karnataka,False,False
2025-05-26,chamarajanagar,10.0,1750.0,1500.0,2000.0,1,Chamarajanagar,Tomato,Karnataka,True,True
2025-05-27,chamarajanagar,10.0,1375.0,1250.0,1500.0,2,Chamarajanagar,Tomato,Karnataka,True,True
2025-05-28,chamarajanagar,4.0,2300.0,2000.0,2500.0,1,Chamarajanagar,Tomato,Karnataka,True,True
2025-05-29,chamarajanagar,4.0,2300.0,2000.0,2500.0,1,Chamarajanagar,Tomato,Karnataka,True,True
2025-05-30,chamarajanagar,5.0,2300.0,2000.0,2500.0,0,Chamarajanagar,Tomato,Karnataka,True,False
2025-05-31,chamarajanagar,4.0,1750.0,1500.0,2000.0,1,Chamarajanagar,Tomato,Karnataka,True,True
2025-06-01,chamarajanagar,4.0,1750.0,1500.0,2000.0,0,Chamarajanagar,Tomato,Karnataka,False,False
2025-06-02,chamarajanagar,17.0,825.0,650.0,1000.0,2,Chamarajanagar,Tomato,Karnataka,True,True
2025-06-03,chamarajanagar,5.0,1000.0,1000.0,1000.0,1,Chamarajanagar,Tomato,Karnataka,True,True
2025-06-04,chamarajanagar,5.0,1000.0,800.0,1200.0,1,Chamarajanagar,Tomato,Karnataka,True,True
2025-06-05,chamarajanagar,1.0,1100.0,1000.0,1200.0,1,Chamarajanagar,Tomato,Karnataka,True,True
2025-06-06,chamarajanagar,7.0,1050.0,800.0,1300.0,2,Chamarajanagar,Tomato,Karnataka,True,True
2025-06-07,chamarajanagar,5.0,1200.0,800.0,1500.0,1,Chamarajanagar,Tomato,Karnataka,True,True
2025-06-08,chamarajanagar,5.0,1200.0,800.0,1500.0,0,Chamarajanagar,Tomato,Karnataka,False,False
2025-06-09,chamarajanagar,24.0,1150.0,1000.0,1350.0,2,Chamarajanagar,Tomato,Karnataka,True,True
2025-06-10,chamarajanagar,5.0,1000.0,700.0,1200.0,1,Chamarajanagar,Tomato,Karnataka,True,True
2025-06-11,chamarajanagar,6.0,950.0,700.0,1200.0,1,Chamarajanagar,Tomato,Karnataka,True,True
2025-06-12,chamarajanagar,5.0,1200.0,700.0,1800.0,1,Chamarajanagar,Tomato,Karnataka,True,True
2025-06-13,chamarajanagar,11.0,1400.0,1250.0,1600.0,2,Chamarajanagar,Tomato,Karnataka,True,True
2025-06-14,chamarajanagar,5.0,1400.0,1000.0,1800.0,1,Chamarajanagar,Tomato,Karnataka,True,True
2025-06-15,chamarajanagar,5.0,1400.0,1000.0,1800.0,0,Chamarajanagar,Tomato,Karnataka,False,False
2025-06-16,chamarajanagar,17.0,1100.0,950.0,1300.0,2,Chamarajanagar,Tomato,Karnataka,True,True
2025-06-17,chamarajanagar,6.0,800.0,500.0,1100.0,1,Chamarajanagar,Tomato,Karnataka,True,True
2025-06-18,chamarajanagar,4.0,1000.0,800.0,1200.0,1,Chamarajanagar,Tomato,Karnataka,True,True
2025-06-19,chamarajanagar,5.0,900.0,600.0,1100.0,1,Chamarajanagar,Tomato,Karnataka,True,True
2025-06-20,chamarajanagar,15.0,800.0,400.0,1200.0,1,Chamarajanagar,Tomato,Karnataka,True,True
2025-06-21,chamarajanagar,19.0,1350.0,1050.0,1550.0,2,Chamarajanagar,Tomato,Karnataka,True,True
2025-06-22,chamarajanagar,19.0,1350.0,1050.0,1550.0,0,Chamarajanagar,Tomato,Karnataka,False,False
2025-06-23,chamarajanagar,13.0,1200.0,1000.0,1550.0,2,Chamarajanagar,Tomato,Karnataka,True,True
2025-06-24,chamarajanagar,5.0,950.0,600.0,1300.0,1,Chamarajanagar,Tomato,Karnataka,True,True
2025-06-25,chamarajanagar,5.0,1000.0,600.0,1400.0,1,Chamarajanagar,Tomato,Karnataka,True,True
2025-06-26,chamarajanagar,5.0,1100.0,600.0,1600.0,1,Chamarajanagar,Tomato,Karnataka,True,True
2025-06-27,chamarajanagar,5.0,1000.0,600.0,1400.0,1,Chamarajanagar,Tomato,Karnataka,True,True
2025-06-28,chamarajanagar,6.0,900.0,500.0,1200.0,1,Chamarajanagar,Tomato,Karnataka,True,True
2025-06-29,chamarajanagar,6.0,900.0,500.0,1200.0,0,Chamarajanagar,Tomato,Karnataka,False,False
2025-06-30,chamarajanagar,38.0,1000.0,600.0,1400.0,1,Chamarajanagar,Tomato,Karnataka,True,True
2025-07-01,chamarajanagar,4.0,1000.0,600.0,1400.0,1,Chamarajanagar,Tomato,Karnataka,True,True
2025-07-02,chamarajanagar,4.0,900.0,500.0,1200.0,1,Chamarajanagar,Tomato,Karnataka,False,True
2025-07-03,chamarajanagar,5.0,1000.0,500.0,1500.0,1,Chamarajanagar,Tomato,Karnataka,True,True
2025-07-04,chamarajanagar,4.0,1200.0,600.0,1800.0,1,Chamarajanagar,Tomato,Karnataka,True,True
2025-07-05,chamarajanagar,5.0,1100.0,600.0,1500.0,1,Chamarajanagar,Tomato,Karnataka,True,True
2025-07-06,chamarajanagar,5.0,1100.0,600.0,1500.0,0,Chamarajanagar,Tomato,Karnataka,False,False
2025-07-07,chamarajanagar,5.0,900.0,500.0,1200.0,1,Chamarajanagar,Tomato,Karnataka,True,True
2025-07-08,chamarajanagar,5.0,750.0,500.0,1000.0,1,Chamarajanagar,Tomato,Karnataka,True,True
2025-07-09,chamarajanagar,5.0,750.0,500.0,1000.0,1,Chamarajanagar,Tomato,Karnataka,True,True
2025-07-10,chamarajanagar,21.0,1300.0,1000.0,1500.0,1,Chamarajanagar,Tomato,Karnataka,True,True
2025-07-11,chamarajanagar,28.0,1300.0,1000.0,1500.0,2,Chamarajanagar,Tomato,Karnataka,True,True
2025-07-12,chamarajanagar,5.0,1300.0,1000.0,1500.0,1,Chamarajanagar,Tomato,Karnataka,True,True
2025-07-13,chamarajanagar,5.0,1300.0,1000.0,1500.0,0,Chamarajanagar,Tomato,Karnataka,False,False
2025-07-14,chamarajanagar,4.0,1750.0,1500.0,2000.0,1,Chamarajanagar,Tomato,Karnataka,True,True
2025-07-15,chamarajanagar,4.0,1300.0,1000.0,1500.0,1,Chamarajanagar,Tomato,Karnataka,True,True
2025-07-16,chamarajanagar,5.0,2000.0,1500.0,2500.0,1,Chamarajanagar,Tomato,Karnataka,True,True
2025-07-17,chamarajanagar,4.0,2000.0,1500.0,2500.0,0,Chamarajanagar,Tomato,Karnataka,True,False
2025-07-18,chamarajanagar,36.0,14000.0,14000.0,14000.0,2,Chamarajanagar,Tomato,Karnataka,True,True
2025-07-19,chamarajanagar,47.0,1750.0,1550.0,1950.0,2,Chamarajanagar,Tomato,Karnataka,True,True
2025-07-20,chamarajanagar,47.0,1750.0,1550.0,1950.0,0,Chamarajanagar,Tomato,Karnataka,False,False
2025-07-21,chamarajanagar,4.0,2300.0,2000.0,2500.0,1,Chamarajanagar,Tomato,Karnataka,True,True
2025-07-22,chamarajanagar,5.0,2300.0,2000.0,2500.0,1,Chamarajanagar,Tomato,Karnataka,True,True
2025-07-23,chamarajanagar,5.0,2300.0,2000.0,2500.0,1,Chamarajanagar,Tomato,Karnataka,True,True
2025-07-24,chamarajanagar,5.0,2300.0,2000.0,2500.0,1,Chamarajanagar,Tomato,Karnataka,True,True
2025-07-25,chamarajanagar,5.0,2300.0,2000.0,2500.0,1,Chamarajanagar,Tomato,Karnataka,True,True
2025-07-26,chamarajanagar,5.0,2300.0,2000.0,2500.0,0,Chamarajanagar,Tomato,Karnataka,False,False
2025-07-27,chamarajanagar,5.0,2300.0,2000.0,2500.0,0,Chamarajanagar,Tomato,Karnataka,False,False
2025-07-28,chamarajanagar,5.0,2750.0,2500.0,3000.0,1,Chamarajanagar,Tomato,Karnataka,True,True
2025-07-29,chamarajanagar,5.0,2750.0,2500.0,3000.0,1,Chamarajanagar,Tomato,Karnataka,True,True
2025-07-30,chamarajanagar,5.0,2750.0,2500.0,3000.0,1,Chamarajanagar,Tomato,Karnataka,True,True
2025-07-31,chamarajanagar,5.0,2500.0,2000.0,3000.0,1,Chamarajanagar,Tomato,Karnataka,True,True
2025-08-01,chamarajanagar,5.0,2750.0,2500.0,3000.0,1,Chamarajanagar,Tomato,Karnataka,True,True
2025-08-02,chamarajanagar,5.0,2000.0,1500.0,2500.0,1,Chamarajanagar,Tomato,Karnataka,True,True
2025-08-03,chamarajanagar,5.0,2000.0,1500.0,2500.0,0,Chamarajanagar,Tomato,Karnataka,False,False
2025-08-04,chamarajanagar,24.0,2150.0,1850.0,2350.0,2,Chamarajanagar,Tomato,Karnataka,True,True
2025-08-05,chamarajanagar,25.0,2195.0,1850.0,2350.0,2,Chamarajanagar,Tomato,Karnataka,True,True
2025-08-06,chamarajanagar,17.0,2300.0,1950.0,2600.0,2,Chamarajanagar,Tomato,Karnataka,True,True
2025-08-07,chamarajanagar,5.0,2300.0,1950.0,2600.0,0,Chamarajanagar,Tomato,Karnataka,True,False
2025-08-08,chamarajanagar,5.0,1800.0,1200.0,2400.0,1,Chamarajanagar,Tomato,Karnataka,True,True
2025-08-09,chamarajanagar,5.0,1800.0,1200.0,2400.0,0,Chamarajanagar,Tomato,Karnataka,False,False
2025-08-10,chamarajanagar,5.0,1800.0,1200.0,2400.0,0,Chamarajanagar,Tomato,Karnataka,False,False
2025-08-11,chamarajanagar,5.0,1900.0,1200.0,2400.0,1,Chamarajanagar,Tomato,Karnataka,True,True
2025-08-12,chamarajanagar,5.0,1300.0,1000.0,1600.0,1,Chamarajanagar,Tomato,Karnataka,True,True
2025-08-13,chamarajanagar,4.0,1300.0,1000.0,1600.0,1,Chamarajanagar,Tomato,Karnataka,True,True
2025-08-14,chamarajanagar,5.0,1400.0,1000.0,1800.0,1,Chamarajanagar,Tomato,Karnataka,True,True
2025-08-15,chamarajanagar,5.0,1400.0,1000.0,1800.0,0,Chamarajanagar,Tomato,Karnataka,False,False
2025-08-16,chamarajanagar,41.0,1800.0,1555.0,2050.0,2,Chamarajanagar,Tomato,Karnataka,True,True
2025-08-17,chamarajanagar,41.0,1800.0,1555.0,2050.0,0,Chamarajanagar,Tomato,Karnataka,False,False
2025-08-18,chamarajanagar,30.0,2100.0,1750.0,2500.0,2,Chamarajanagar,Tomato,Karnataka,True,True
2025-08-19,chamarajanagar,13.0,2250.0,1850.0,2650.0,2,Chamarajanagar,Tomato,Karnataka,True,True
2025-08-20,chamarajanagar,5.0,2000.0,1200.0,2800.0,1,Chamarajanagar,Tomato,Karnataka,True,True
2025-08-21,chamarajanagar,14.0,2575.0,2092.5,3100.0,2,Chamarajanagar,Tomato,Karnataka,True,True
2025-08-22,chamarajanagar,5.0,2400.0,1500.0,3200.0,1,Chamarajanagar,Tomato,Karnataka,True,True
2025-08-23,chamarajanagar,6.0,2200.0,1500.0,3000.0,1,Chamarajanagar,Tomato,Karnataka,True,True
2025-08-24,chamarajanagar,6.0,2200.0,1500.0,3000.0,0,Chamarajanagar,Tomato,Karnataka,False,False
2025-08-25,chamarajanagar,6.0,2800.0,1500.0,3900.0,1,Chamarajanagar,Tomato,Karnataka,True,True
2025-08-26,chamarajanagar,6.0,2500.0,1500.0,3400.0,1,Chamarajanagar,Tomato,Karnataka,True,True
2025-08-27,chamarajanagar,6.0,2500.0,1500.0,3400.0,0,Chamarajanagar,Tomato,Karnataka,False,False
2025-08-28,chamarajanagar,5.0,2200.0,1200.0,3000.0,1,Chamarajanagar,Tomato,Karnataka,True,True
2025-08-29,chamarajanagar,11.0,2000.0,1200.0,2800.0,1,Chamarajanagar,Tomato,Karnataka,True,True
2025-08-30,chamarajanagar,10.0,2150.0,1750.0,2550.0,2,Chamarajanagar,Tomato,Karnataka,True,True
2025-08-31,chamarajanagar,10.0,2150.0,1750.0,2550.0,0,Chamarajanagar,Tomato,Karnataka,False,False
2025-09-01,chamarajanagar,20.0,1200.0,1000.0,1350.0,2,Chamarajanagar,Tomato,Karnataka,True,True
2025-09-02,chamarajanagar,18.0,1700.0,1700.0,1700.0,1,Chamarajanagar,Tomato,Karnataka,True,True
2025-09-03,chamarajanagar,17.0,2500.0,2500.0,2500.0,1,Chamarajanagar,Tomato,Karnataka,True,True
2025-09-04,chamarajanagar,9.0,1650.0,1500.0,1750.0,2,Chamarajanagar,Tomato,Karnataka,True,True
2025-09-05,chamarajanagar,9.0,1650.0,1500.0,1750.0,0,Chamarajanagar,Tomato,Karnataka,False,False
2025-09-06,chamarajanagar,10.0,1601.0,1400.0,1750.0,2,Chamarajanagar,Tomato,Karnataka,True,True
2025-09-07,chamarajanagar,10.0,1601.0,1400.0,1750.0,0,Chamarajanagar,Tomato,Karnataka,False,False
2025-09-08,chamarajanagar,24.0,1300.0,1000.0,1500.0,1,Chamarajanagar,Tomato,Karnataka,True,True
2025-09-09,chamarajanagar,16.0,1250.0,1100.0,1350.0,2,Chamarajanagar,Tomato,Karnataka,True,True
2025-09-10,chamarajanagar,18.0,1525.0,1400.0,1650.0,2,Chamarajanagar,Tomato,Karnataka,True,True
2025-09-11,chamarajanagar,12.0,1700.0,1400.0,2000.0,1,Chamarajanagar,Tomato,Karnataka,True,True
2025-09-12,chamarajanagar,18.0,1250.0,1100.0,1500.0,2,Chamarajanagar,Tomato,Karnataka,True,True
2025-09-13,chamarajanagar,5.0,1300.0,1000.0,1500.0,1,Chamarajanagar,Tomato,Karnataka,True,True
2025-09-14,chamarajanagar,5.0,1300.0,1000.0,1500.0,0,Chamarajanagar,Tomato,Karnataka,False,False
2025-09-15,chamarajanagar,54.0,1300.0,1300.0,1300.0,2,Chamarajanagar,Tomato,Karnataka,True,True
2025-09-16,chamarajanagar,19.0,1100.0,1000.0,1200.0,1,Chamarajanagar,Tomato,Karnataka,True,True
2025-09-17,chamarajanagar,30.0,1050.0,950.0,1150.0,2,Chamarajanagar,Tomato,Karnataka,True,True
2025-09-18,chamarajanagar,1.5,1200.0,1200.0,1200.0,1,Chamarajanagar,Tomato,Karnataka,True,True
2025-09-19,chamarajanagar,3.55,975.0,850.0,1100.0,2,Chamarajanagar,Tomato,Karnataka,True,True
2025-09-20,chamarajanagar,3.55,1300.0,1000.0,1500.0,1,Chamarajanagar,Tomato,Karnataka,False,True
2025-09-21,chamarajanagar,3.55,1300.0,1000.0,1500.0,0,Chamarajanagar,Tomato,Karnataka,False,False
2025-09-22,chamarajanagar,1.41,1750.0,1500.0,2000.0,2,Chamarajanagar,Tomato,Karnataka,True,True
2025-09-23,chamarajanagar,1.41,1750.0,1500.0,2000.0,0,Chamarajanagar,Tomato,Karnataka,False,False
2025-09-24,chamarajanagar,1.09,2200.0,2100.0,2200.0,2,Chamarajanagar,Tomato,Karnataka,True,True
2025-09-25,chamarajanagar,1.59,1825.0,1700.0,1950.0,2,Chamarajanagar,Tomato,Karnataka,True,True
2025-09-26,chamarajanagar,1.57,1800.0,1600.0,1950.0,2,Chamarajanagar,Tomato,Karnataka,True,True
2025-09-27,chamarajanagar,1.57,1300.0,1200.0,1500.0,1,Chamarajanagar,Tomato,Karnataka,False,True
2025-09-28,chamarajanagar,1.57,1300.0,1200.0,1500.0,0,Chamarajanagar,Tomato,Karnataka,False,False
2025-09-29,chamarajanagar,,1100.0,1000.0,1200.0,1,Chamarajanagar,Tomato,Karnataka,False,True
2025-09-30,chamarajanagar,,1300.0,1000.0,1500.0,1,Chamarajanagar,Tomato,Karnataka,False,True
2025-10-01,chamarajanagar,,1300.0,1000.0,1500.0,0,Chamarajanagar,Tomato,Karnataka,False,False
2025-10-02,chamarajanagar,,1300.0,1000.0,1500.0,0,Chamarajanagar,Tomato,Karnataka,False,False
2025-10-03,chamarajanagar,,1300.0,1000.0,1500.0,1,Chamarajanagar,Tomato,Karnataka,False,True
2025-10-04,chamarajanagar,2.46,1250.0,1100.0,1350.0,2,Chamarajanagar,Tomato,Karnataka,True,True
2025-10-05,chamarajanagar,2.46,1250.0,1100.0,1350.0,0,Chamarajanagar,Tomato,Karnataka,False,False
2025-10-06,chamarajanagar,2.46,1050.0,800.0,1300.0,1,Chamarajanagar,Tomato,Karnataka,False,True
2025-10-07,chamarajanagar,,1050.0,800.0,1300.0,0,Chamarajanagar,Tomato,Karnataka,False,False
2025-10-08,chamarajanagar,1.7,1050.0,600.0,1500.0,1,Chamarajanagar,Tomato,Karnataka,True,True
2025-10-09,chamarajanagar,1.39,1425.0,1250.0,1600.0,2,Chamarajanagar,Tomato,Karnataka,True,True
2025-10-10,chamarajanagar,2.11,1400.0,1250.0,1550.0,2,Chamarajanagar,Tomato,Karnataka,True,True
2025-10-11,chamarajanagar,2.11,1400.0,1250.0,1550.0,0,Chamarajanagar,Tomato,Karnataka,False,False
2025-10-12,chamarajanagar,2.11,1400.0,1250.0,1550.0,0,Chamarajanagar,Tomato,Karnataka,False,False
2025-10-13,chamarajanagar,1.77,1350.0,1150.0,1550.0,2,Chamarajanagar,Tomato,Karnataka,True,True
2025-10-14,chamarajanagar,1.77,900.0,400.0,1200.0,2,Chamarajanagar,Tomato,Karnataka,False,True
2025-10-15,chamarajanagar,1.84,900.0,600.0,1200.0,1,Chamarajanagar,Tomato,Karnataka,True,True
2025-10-16,chamarajanagar,1.64,1050.0,800.0,1200.0,2,Chamarajanagar,Tomato,Karnataka,True,True
2025-10-17,chamarajanagar,1.64,900.0,500.0,1200.0,1,Chamarajanagar,Tomato,Karnataka,False,True
2025-10-18,chamarajanagar,1.64,1000.0,500.0,1400.0,1,Chamarajanagar,Tomato,Karnataka,False,True
2025-10-19,chamarajanagar,,1000.0,500.0,1400.0,0,Chamarajanagar,Tomato,Karnataka,False,False
2025-10-20,chamarajanagar,,1000.0,500.0,1400.0,0,Chamarajanagar,Tomato,Karnataka,False,False
2025-10-21,chamarajanagar,3.1,1200.0,1000.0,1350.0,2,Chamarajanagar,Tomato,Karnataka,True,True
2025-10-22,chamarajanagar,3.1,1200.0,1000.0,1350.0,0,Chamarajanagar,Tomato,Karnataka,False,False
2025-10-23,chamarajanagar,1.28,1250.0,1000.0,1500.0,2,Chamarajanagar,Tomato,Karnataka,True,True
2025-10-24,chamarajanagar,1.28,1250.0,1000.0,1500.0,0,Chamarajanagar,Tomato,Karnataka,False,False
2025-10-25,chamarajanagar,1.28,1250.0,1000.0,1500.0,0,Chamarajanagar,Tomato,Karnataka,False,False
2025-10-26,chamarajanagar,,1250.0,1000.0,1500.0,0,Chamarajanagar,Tomato,Karnataka,False,False
2025-10-27,chamarajanagar,,1200.0,600.0,1600.0,1,Chamarajanagar,Tomato,Karnataka,False,True
2025-10-28,chamarajanagar,1.64,1000.0,600.0,1400.0,2,Chamarajanagar,Tomato,Karnataka,True,True
2025-10-29,chamarajanagar,1.23,1000.0,600.0,1400.0,1,Chamarajanagar,Tomato,Karnataka,True,True
2025-10-30,chamarajanagar,13.45,1400.0,1100.0,1600.0,2,Chamarajanagar,Tomato,Karnataka,True,True
2025-10-31,chamarajanagar,1.25,1000.0,600.0,1400.0,2,Chamarajanagar,Tomato,Karnataka,True,True
2025-11-01,chamarajanagar,1.25,1000.0,600.0,1400.0,0,Chamarajanagar,Tomato,Karnataka,False,False
2025-11-02,chamarajanagar,1.25,1000.0,600.0,1400.0,0,Chamarajanagar,Tomato,Karnataka,False,False
2025-11-03,chamarajanagar,3.49,1500.0,1300.0,1600.0,3,Chamarajanagar,Tomato,Karnataka,True,True
2025-11-04,chamarajanagar,1.66,1750.0,1500.0,2000.0,1,Chamarajanagar,Tomato,Karnataka,True,True
2025-11-05,chamarajanagar,1.58,2050.0,1900.0,2150.0,2,Chamarajanagar,Tomato,Karnataka,True,True
2025-11-06,chamarajanagar,12.4,2150.0,2000.0,2250.0,2,Chamarajanagar,Tomato,Karnataka,True,True
2025-11-07,chamarajanagar,14.9,1775.0,1650.0,1900.0,2,Chamarajanagar,Tomato,Karnataka,True,True
2025-11-08,chamarajanagar,14.9,1775.0,1650.0,1900.0,0,Chamarajanagar,Tomato,Karnataka,False,False
2025-11-09,chamarajanagar,14.9,1775.0,1650.0,1900.0,0,Chamarajanagar,Tomato,Karnataka,False,False
2025-11-10,chamarajanagar,44.4,1400.0,1400.0,1400.0,2,Chamarajanagar,Tomato,Karnataka,True,True
2025-11-11,chamarajanagar,31.9,1350.0,1200.0,1450.0,2,Chamarajanagar,Tomato,Karnataka,True,True
2025-11-12,chamarajanagar,19.5,1500.0,1360.5,1600.0,2,Chamarajanagar,Tomato,Karnataka,True,True
2025-11-13,chamarajanagar,30.4,1800.0,1800.0,1800.0,1,Chamarajanagar,Tomato,Karnataka,True,True
2025-11-14,chamarajanagar,30.4,1800.0,1800.0,1800.0,0,Chamarajanagar,Tomato,Karnataka,False,False
2025-11-15,chamarajanagar,54.0,2900.0,2800.0,3000.0,2,Chamarajanagar,Tomato,Karnataka,True,True
2025-11-16,chamarajanagar,54.0,2900.0,2800.0,3000.0,0,Chamarajanagar,Tomato,Karnataka,False,False
2025-11-17,chamarajanagar,9.0,3000.0,3000.0,3000.0,1,Chamarajanagar,Tomato,Karnataka,True,True
2025-11-18,chamarajanagar,12.8,3150.0,2950.0,3250.0,2,Chamarajanagar,Tomato,Karnataka,True,True
2025-11-19,chamarajanagar,13.3,2750.0,2600.0,2850.0,2,Chamarajanagar,Tomato,Karnataka,True,True
2025-11-20,chamarajanagar,37.4,2950.5,2750.5,3200.0,2,Chamarajanagar,Tomato,Karnataka,True,True
2025-11-21,chamarajanagar,13.1,3025.0,2850.0,3150.0,2,Chamarajanagar,Tomato,Karnataka,True,True
2025-11-22,chamarajanagar,5.0,3750.0,3500.0,4000.0,1,Chamarajanagar,Tomato,Karnataka,True,True
2025-11-23,chamarajanagar,5.0,3750.0,3500.0,4000.0,0,Chamarajanagar,Tomato,Karnataka,False,False
2025-11-24,chamarajanagar,52.5,4300.0,4102.0,4550.0,2,Chamarajanagar,Tomato,Karnataka,True,True
2025-11-25,chamarajanagar,7.0,4500.0,4000.0,5000.0,2,Chamarajanagar,Tomato,Karnataka,True,True
2025-11-26,chamarajanagar,4.0,4000.0,3500.0,4500.0,1,Chamarajanagar,Tomato,Karnataka,True,True
2025-11-27,chamarajanagar,9.5,3650.0,3500.0,3750.0,2,Chamarajanagar,Tomato,Karnataka,True,True
2025-11-28,chamarajanagar,13.3,3750.0,3500.0,4000.0,1,Chamarajanagar,Tomato,Karnataka,True,True
2025-11-29,chamarajanagar,11.3,3825.0,3700.0,4000.0,2,Chamarajanagar,Tomato,Karnataka,True,True
2025-11-30,chamarajanagar,3.4,3825.0,3700.0,4000.0,0,Chamarajanagar,Tomato,Karnataka,True,False
2025-12-01,chamarajanagar,19.0,3400.0,3250.0,3500.0,2,Chamarajanagar,Tomato,Karnataka,True,True
2025-12-02,chamarajanagar,1.8,3500.0,3500.0,3500.0,1,Chamarajanagar,Tomato,Karnataka,True,True
2025-12-03,chamarajanagar,5.1,3500.0,3500.0,3500.0,1,Chamarajanagar,Tomato,Karnataka,True,True
2025-12-04,chamarajanagar,7.6,2950.0,2800.0,3050.0,2,Chamarajanagar,Tomato,Karnataka,True,True
2025-12-05,chamarajanagar,10.7,3125.0,3000.0,3250.0,2,Chamarajanagar,Tomato,Karnataka,True,True
2025-12-06,chamarajanagar,12.6,3625.0,3500.0,3750.0,2,Chamarajanagar,Tomato,Karnataka,True,True
2025-12-07,chamarajanagar,12.6,3625.0,3500.0,3750.0,0,Chamarajanagar,Tomato,Karnataka,False,False
2025-12-08,chamarajanagar,5.5,3300.0,3000.0,3500.0,1,Chamarajanagar,Tomato,Karnataka,True,True
2025-12-09,chamarajanagar,4.5,2750.0,2500.0,3000.0,1,Chamarajanagar,Tomato,Karnataka,True,True
2025-12-10,chamarajanagar,5.5,3750.0,3500.0,4000.0,1,Chamarajanagar,Tomato,Karnataka,True,True
2025-12-11,chamarajanagar,12.8,3400.0,3250.0,3500.0,2,Chamarajanagar,Tomato,Karnataka,True,True
2025-12-12,chamarajanagar,15.7,2975.0,2850.0,3100.0,2,Chamarajanagar,Tomato,Karnataka,True,True
2025-12-13,chamarajanagar,5.5,2300.0,2000.0,2500.0,1,Chamarajanagar,Tomato,Karnataka,True,True
2025-12-14,chamarajanagar,5.5,2300.0,2000.0,2500.0,0,Chamarajanagar,Tomato,Karnataka,False,False
2025-12-15,chamarajanagar,19.7,3400.0,3250.0,3500.0,2,Chamarajanagar,Tomato,Karnataka,True,True
2025-12-16,chamarajanagar,8.6,4000.0,4000.0,4000.0,2,Chamarajanagar,Tomato,Karnataka,True,True
2025-12-17,chamarajanagar,10.3,4300.0,4000.0,4500.0,1,Chamarajanagar,Tomato,Karnataka,True,True
2025-12-18,chamarajanagar,10.1,3875.0,3750.0,4000.0,2,Chamarajanagar,Tomato,Karnataka,True,True
2025-12-19,chamarajanagar,10.6,4150.0,4000.0,4250.0,2,Chamarajanagar,Tomato,Karnataka,True,True
2025-12-20,chamarajanagar,10.7,4300.0,4000.0,4500.0,1,Chamarajanagar,Tomato,Karnataka,True,True
2025-12-21,chamarajanagar,10.7,4300.0,4000.0,4500.0,0,Chamarajanagar,Tomato,Karnataka,False,False
2025-12-22,chamarajanagar,9.2,4400.0,4250.0,4500.0,2,Chamarajanagar,Tomato,Karnataka,True,True
2025-12-23,chamarajanagar,5.0,4400.0,4250.0,4500.0,0,Chamarajanagar,Tomato,Karnataka,True,False
2025-12-24,chamarajanagar,8.0,3900.0,3750.0,4000.0,2,Chamarajanagar,Tomato,Karnataka,True,True
2025-12-25,chamarajanagar,5.0,3300.0,3000.0,3500.0,1,Chamarajanagar,Tomato,Karnataka,True,True
2025-12-26,chamarajanagar,9.3,4400.0,4250.0,4850.0,2,Chamarajanagar,Tomato,Karnataka,True,True
2025-12-27,chamarajanagar,5.0,4650.0,4500.0,4800.0,1,Chamarajanagar,Tomato,Karnataka,True,True
2025-12-28,chamarajanagar,5.0,4650.0,4500.0,4800.0,0,Chamarajanagar,Tomato,Karnataka,False,False
2025-12-29,chamarajanagar,12.5,4750.0,4600.0,4850.0,2,Chamarajanagar,Tomato,Karnataka,True,True
2025-12-30,chamarajanagar,7.5,4800.0,4200.0,4800.0,1,Chamarajanagar,Tomato,Karnataka,True,True
2025-12-31,chamarajanagar,11.1,4800.0,4800.0,4800.0,1,Chamarajanagar,Tomato,Karnataka,True,True
2026-01-01,chamarajanagar,7.7,3975.0,3850.0,4100.0,2,Chamarajanagar,Tomato,Karnataka,True,True
2026-01-02,chamarajanagar,8.7,3650.0,3000.0,3750.0,2,Chamarajanagar,Tomato,Karnataka,True,True
2026-01-03,chamarajanagar,9.4,3375.0,3250.0,3500.0,2,Chamarajanagar,Tomato,Karnataka,True,True
2026-01-04,chamarajanagar,9.4,3375.0,3250.0,3500.0,0,Chamarajanagar,Tomato,Karnataka,False,False
2026-01-05,chamarajanagar,8.6,3600.0,3500.0,4000.0,2,Chamarajanagar,Tomato,Karnataka,True,True
2026-01-06,chamarajanagar,12.3,3075.0,2950.0,3200.0,2,Chamarajanagar,Tomato,Karnataka,True,True
2026-01-07,chamarajanagar,12.9,3400.0,3400.0,3400.0,1,Chamarajanagar,Tomato,Karnataka,True,True
2026-01-08,chamarajanagar,10.2,3275.0,3100.0,3350.0,2,Chamarajanagar,Tomato,Karnataka,True,True
2026-01-09,chamarajanagar,13.5,3500.0,3000.0,4000.0,3,Chamarajanagar,Tomato,Karnataka,True,True
2026-01-10,chamarajanagar,4.5,3700.0,3000.0,4300.0,1,Chamarajanagar,Tomato,Karnataka,True,True
2026-01-11,chamarajanagar,4.5,3700.0,3000.0,4300.0,0,Chamarajanagar,Tomato,Karnataka,False,False
2026-01-12,chamarajanagar,31.6,2200.0,2200.0,2500.0,1,Chamarajanagar,Tomato,Karnataka,True,True
2026-01-13,chamarajanagar,14.7,3200.0,3000.0,3400.0,1,Chamarajanagar,Tomato,Karnataka,True,True
2026-01-14,chamarajanagar,14.4,2975.0,2850.0,3100.0,2,Chamarajanagar,Tomato,Karnataka,True,True
2026-01-15,chamarajanagar,14.4,2975.0,2850.0,3100.0,0,Chamarajanagar,Tomato,Karnataka,False,False
2026-01-16,chamarajanagar,30.1,2750.0,2600.0,2850.0,2,Chamarajanagar,Tomato,Karnataka,True,True
2026-01-17,chamarajanagar,12.5,2150.0,2050.0,2350.0,2,Chamarajanagar,Tomato,Karnataka,True,True
2026-01-18,chamarajanagar,12.5,2150.0,2050.0,2350.0,0,Chamarajanagar,Tomato,Karnataka,False,False
2026-01-19,chamarajanagar,17.7,2750.0,2500.0,3000.0,1,Chamarajanagar,Tomato,Karnataka,True,True
2026-01-20,chamarajanagar,10.6,2150.0,2000.0,2300.0,2,Chamarajanagar,Tomato,Karnataka,True,True
2026-01-21,chamarajanagar,14.8,1600.0,1600.0,1600.0,1,Chamarajanagar,Tomato,Karnataka,True,True
2026-01-22,chamarajanagar,10.6,2050.0,1900.0,2300.0,2,Chamarajanagar,Tomato,Karnataka,True,True
2026-01-23,chamarajanagar,11.7,2225.0,2100.0,2400.0,2,Chamarajanagar,Tomato,Karnataka,True,True
2026-01-24,chamarajanagar,4.5,2700.0,2300.0,3000.0,1,Chamarajanagar,Tomato,Karnataka,True,True
2026-01-25,chamarajanagar,4.5,2700.0,2300.0,3000.0,0,Chamarajanagar,Tomato,Karnataka,False,False
2026-01-26,chamarajanagar,4.0,2700.0,2400.0,3000.0,1,Chamarajanagar,Tomato,Karnataka,True,True
2026-01-27,chamarajanagar,4.0,2300.0,2000.0,2500.0,1,Chamarajanagar,Tomato,Karnataka,True,True
2026-01-28,chamarajanagar,14.1,2400.0,2000.0,2800.0,2,Chamarajanagar,Tomato,Karnataka,True,True
2026-01-29,chamarajanagar,12.9,1900.0,1750.0,2000.0,2,Chamarajanagar,Tomato,Karnataka,True,True
2026-01-30,chamarajanagar,11.3,1725.0,1550.0,1950.0,2,Chamarajanagar,Tomato,Karnataka,True,True
2026-01-31,chamarajanagar,10.7,1300.0,1300.0,1400.0,2,Chamarajanagar,Tomato,Karnataka,True,True
2026-02-01,chamarajanagar,10.7,1300.0,1300.0,1400.0,0,Chamarajanagar,Tomato,Karnataka,False,False
2026-02-02,chamarajanagar,9.9,1450.0,1400.0,1500.0,2,Chamarajanagar,Tomato,Karnataka,True,True
2026-02-03,chamarajanagar,13.1,1350.0,1300.0,1400.0,1,Chamarajanagar,Tomato,Karnataka,True,True
2026-02-04,chamarajanagar,22.6,1250.0,1200.0,1300.0,2,Chamarajanagar,Tomato,Karnataka,True,True
2026-02-05,chamarajanagar,11.9,1225.0,1150.0,1300.0,2,Chamarajanagar,Tomato,Karnataka,True,True
2026-02-06,chamarajanagar,17.8,1400.0,1400.0,1400.0,1,Chamarajanagar,Tomato,Karnataka,True,True
2026-02-07,chamarajanagar,19.8,1250.0,1200.0,1300.0,2,Chamarajanagar,Tomato,Karnataka,True,True
2026-02-08,chamarajanagar,19.8,1250.0,1200.0,1300.0,0,Chamarajanagar,Tomato,Karnataka,False,False
2026-02-09,chamarajanagar,18.3,1425.0,1400.0,1450.0,2,Chamarajanagar,Tomato,Karnataka,True,True
2026-02-10,chamarajanagar,13.7,1375.0,1350.0,1400.0,2,Chamarajanagar,Tomato,Karnataka,True,True
2026-02-11,chamarajanagar,14.5,1300.0,1250.0,1350.0,2,Chamarajanagar,Tomato,Karnataka,True,True
2026-02-12,chamarajanagar,8.3,1000.0,800.0,1200.0,1,Chamarajanagar,Tomato,Karnataka,True,True
2026-02-13,chamarajanagar,21.3,1400.0,1400.0,1400.0,1,Chamarajanagar,Tomato,Karnataka,True,True
2026-02-14,chamarajanagar,7.0,900.0,800.0,1000.0,1,Chamarajanagar,Tomato,Karnataka,True,True
2026-02-15,chamarajanagar,7.0,900.0,800.0,1000.0,0,Chamarajanagar,Tomato,Karnataka,False,False
2026-02-16,chamarajanagar,24.2,1200.0,1100.0,1250.0,2,Chamarajanagar,Tomato,Karnataka,True,True
2026-02-17,chamarajanagar,6.5,1400.0,1400.0,1500.0,1,Chamarajanagar,Tomato,Karnataka,True,True
2026-02-18,chamarajanagar,11.7,1350.0,1250.0,1450.0,2,Chamarajanagar,Tomato,Karnataka,True,True
2026-02-19,chamarajanagar,12.6,1300.0,1200.0,1400.0,2,Chamarajanagar,Tomato,Karnataka,True,True
2026-02-20,chamarajanagar,14.9,1225.0,1100.0,1350.0,2,Chamarajanagar,Tomato,Karnataka,True,True
2026-02-21,chamarajanagar,14.1,900.0,650.0,1100.0,2,Chamarajanagar,Tomato,Karnataka,True,True
2026-02-22,chamarajanagar,14.1,900.0,650.0,1100.0,0,Chamarajanagar,Tomato,Karnataka,False,False
2026-02-23,chamarajanagar,18.1,775.0,650.0,900.0,2,Chamarajanagar,Tomato,Karnataka,True,True
2026-02-24,chamarajanagar,23.1,1000.0,1000.0,1000.0,1,Chamarajanagar,Tomato,Karnataka,True,True
2026-02-25,chamarajanagar,21.6,650.0,500.0,800.0,1,Chamarajanagar,Tomato,Karnataka,True,True
2026-02-26,chamarajanagar,20.3,725.0,650.0,800.0,2,Chamarajanagar,Tomato,Karnataka,True,True
2026-02-27,chamarajanagar,24.6,550.0,500.0,600.0,1,Chamarajanagar,Tomato,Karnataka,True,True
2026-02-28,chamarajanagar,6.0,550.0,500.0,600.0,1,Chamarajanagar,Tomato,Karnataka,True,True
2026-03-01,chamarajanagar,6.0,550.0,500.0,600.0,0,Chamarajanagar,Tomato,Karnataka,False,False
2026-03-02,chamarajanagar,69.3,650.0,600.0,800.0,2,Chamarajanagar,Tomato,Karnataka,True,True
2026-03-03,chamarajanagar,15.4,800.0,700.0,900.0,2,Chamarajanagar,Tomato,Karnataka,True,True
2026-03-04,chamarajanagar,34.7,750.0,650.0,800.0,2,Chamarajanagar,Tomato,Karnataka,True,True
2026-03-05,chamarajanagar,20.0,900.0,800.0,1000.0,2,Chamarajanagar,Tomato,Karnataka,True,True
2026-03-06,chamarajanagar,22.2,850.0,800.0,900.0,2,Chamarajanagar,Tomato,Karnataka,True,True
2026-03-07,chamarajanagar,21.1,1000.0,1000.0,1000.0,1,Chamarajanagar,Tomato,Karnataka,True,True
2026-03-08,chamarajanagar,21.1,1000.0,1000.0,1000.0,0,Chamarajanagar,Tomato,Karnataka,False,False
2026-03-09,chamarajanagar,17.5,850.0,750.0,1000.0,2,Chamarajanagar,Tomato,Karnataka,True,True
2026-03-10,chamarajanagar,20.4,800.0,700.0,900.0,2,Chamarajanagar,Tomato,Karnataka,True,True
2026-03-11,chamarajanagar,21.0,800.0,700.0,900.0,2,Chamarajanagar,Tomato,Karnataka,True,True
2026-03-12,chamarajanagar,20.8,800.0,600.0,1000.0,1,Chamarajanagar,Tomato,Karnataka,True,True
2026-03-13,chamarajanagar,19.9,1050.0,900.0,1200.0,2,Chamarajanagar,Tomato,Karnataka,True,True
2026-03-14,chamarajanagar,5.5,900.0,800.0,1000.0,1,Chamarajanagar,Tomato,Karnataka,True,True
2026-03-15,chamarajanagar,5.5,900.0,800.0,1000.0,0,Chamarajanagar,Tomato,Karnataka,False,False
2026-03-16,chamarajanagar,40.3,750.0,500.0,1000.0,1,Chamarajanagar,Tomato,Karnataka,True,True
2026-03-17,chamarajanagar,23.5,750.0,500.0,1000.0,1,Chamarajanagar,Tomato,Karnataka,True,True
2026-03-18,chamarajanagar,16.0,1075.0,900.0,1200.0,2,Chamarajanagar,Tomato,Karnataka,True,True
2026-03-19,chamarajanagar,16.0,1075.0,900.0,1200.0,0,Chamarajanagar,Tomato,Karnataka,False,False
2026-03-20,chamarajanagar,16.2,1300.0,1000.0,1500.0,1,Chamarajanagar,Tomato,Karnataka,True,True
2026-03-21,chamarajanagar,16.2,1300.0,1000.0,1500.0,0,Chamarajanagar,Tomato,Karnataka,False,False
2026-03-22,chamarajanagar,16.2,1300.0,1000.0,1500.0,0,Chamarajanagar,Tomato,Karnataka,False,False
2026-03-23,chamarajanagar,30.2,1400.0,1400.0,1500.0,2,Chamarajanagar,Tomato,Karnataka,True,True
2026-03-24,chamarajanagar,20.5,800.0,600.0,1000.0,1,Chamarajanagar,Tomato,Karnataka,True,True
2026-03-25,chamarajanagar,26.2,800.0,600.0,1000.0,0,Chamarajanagar,Tomato,Karnataka,True,False
2026-03-26,chamarajanagar,23.0,1050.0,900.0,1200.0,2,Chamarajanagar,Tomato,Karnataka,True,True
2026-03-27,chamarajanagar,11.8,950.0,850.0,1100.0,2,Chamarajanagar,Tomato,Karnataka,True,True
2026-03-28,chamarajanagar,5.0,950.0,850.0,1100.0,0,Chamarajanagar,Tomato,Karnataka,True,False
2026-03-29,chamarajanagar,5.0,950.0,850.0,1100.0,0,Chamarajanagar,Tomato,Karnataka,False,False
2026-03-30,chamarajanagar,7.0,800.0,600.0,1000.0,1,Chamarajanagar,Tomato,Karnataka,True,True
2026-03-31,chamarajanagar,48.6,800.0,600.0,1000.0,1,Chamarajanagar,Tomato,Karnataka,True,True
2026-04-01,chamarajanagar,12.8,1050.0,900.0,1200.0,3,Chamarajanagar,Tomato,Karnataka,True,True
2026-04-02,chamarajanagar,23.5,750.0,500.0,1000.0,3,Chamarajanagar,Tomato,Karnataka,True,True
2026-04-03,chamarajanagar,5.0,800.0,600.0,1000.0,2,Chamarajanagar,Tomato,Karnataka,True,True
2026-04-04,chamarajanagar,27.1,950.0,700.0,1200.0,3,Chamarajanagar,Tomato,Karnataka,True,True
2026-04-05,chamarajanagar,27.1,950.0,700.0,1200.0,0,Chamarajanagar,Tomato,Karnataka,False,False
2026-04-06,chamarajanagar,13.4,950.0,700.0,1200.0,0,Chamarajanagar,Tomato,Karnataka,True,False
2026-04-07,chamarajanagar,12.3,950.0,700.0,1200.0,0,Chamarajanagar,Tomato,Karnataka,True,False
2026-04-08,chamarajanagar,17.7,,,,0,Chamarajanagar,Tomato,Karnataka,True,False
2026-04-09,chamarajanagar,11.4,,,,0,Chamarajanagar,Tomato,Karnataka,True,False
2026-04-10,chamarajanagar,12.3,,,,0,Chamarajanagar,Tomato,Karnataka,True,False
2026-04-11,chamarajanagar,4.5,,,,0,Chamarajanagar,Tomato,Karnataka,True,False
2026-04-12,chamarajanagar,4.5,,,,0,Chamarajanagar,Tomato,Karnataka,False,False
2026-04-13,chamarajanagar,12.0,,,,0,Chamarajanagar,Tomato,Karnataka,True,False
2026-04-14,chamarajanagar,4.5,,,,0,Chamarajanagar,Tomato,Karnataka,True,False
2026-04-15,chamarajanagar,9.5,,,,0,Chamarajanagar,Tomato,Karnataka,True,False
2026-04-16,chamarajanagar,11.0,,,,0,Chamarajanagar,Tomato,Karnataka,True,False
2026-04-17,chamarajanagar,13.0,,,,0,Chamarajanagar,Tomato,Karnataka,True,False
2026-04-18,chamarajanagar,18.1,,,,0,Chamarajanagar,Tomato,Karnataka,True,False
2026-04-19,chamarajanagar,18.1,,,,0,Chamarajanagar,Tomato,Karnataka,False,False
2026-04-20,chamarajanagar,5.5,,,,0,Chamarajanagar,Tomato,Karnataka,True,False
2026-04-21,chamarajanagar,20.4,,,,0,Chamarajanagar,Tomato,Karnataka,True,False
2026-04-22,chamarajanagar,20.4,,,,0,Chamarajanagar,Tomato,Karnataka,False,False
2026-04-23,chamarajanagar,20.4,,,,0,Chamarajanagar,Tomato,Karnataka,False,False
2026-04-24,chamarajanagar,,,,,0,Chamarajanagar,Tomato,Karnataka,False,False
2026-04-25,chamarajanagar,,,,,0,Chamarajanagar,Tomato,Karnataka,False,False
2026-04-26,chamarajanagar,,,,,0,Chamarajanagar,Tomato,Karnataka,False,False
2026-04-27,chamarajanagar,,,,,0,Chamarajanagar,Tomato,Karnataka,False,False
2026-04-28,chamarajanagar,,,,,0,Chamarajanagar,Tomato,Karnataka,False,False
2026-04-29,chamarajanagar,,,,,0,Chamarajanagar,Tomato,Karnataka,False,False
2026-04-30,chamarajanagar,,,,,0,Chamarajanagar,Tomato,Karnataka,False,False
2026-05-01,chamarajanagar,,,,,0,Chamarajanagar,Tomato,Karnataka,False,False
2026-05-02,chamarajanagar,,,,,0,Chamarajanagar,Tomato,Karnataka,False,False
2026-05-03,chamarajanagar,,,,,0,Chamarajanagar,Tomato,Karnataka,False,False
2026-05-04,chamarajanagar,,,,,0,Chamarajanagar,Tomato,Karnataka,False,False
2026-05-05,chamarajanagar,,,,,0,Chamarajanagar,Tomato,Karnataka,False,False
2026-05-06,chamarajanagar,,,,,0,Chamarajanagar,Tomato,Karnataka,False,False
2026-05-07,chamarajanagar,,,,,0,Chamarajanagar,Tomato,Karnataka,False,False
2026-05-08,chamarajanagar,,,,,0,Chamarajanagar,Tomato,Karnataka,False,False
2026-05-09,chamarajanagar,,,,,0,Chamarajanagar,Tomato,Karnataka,False,False
2026-05-10,chamarajanagar,,,,,0,Chamarajanagar,Tomato,Karnataka,False,False
2026-05-11,chamarajanagar,,,,,0,Chamarajanagar,Tomato,Karnataka,False,False
2026-05-12,chamarajanagar,,,,,0,Chamarajanagar,Tomato,Karnataka,False,False
2026-05-13,chamarajanagar,,,,,0,Chamarajanagar,Tomato,Karnataka,False,False
2026-05-14,chamarajanagar,,,,,0,Chamarajanagar,Tomato,Karnataka,False,False
2026-05-15,chamarajanagar,,,,,0,Chamarajanagar,Tomato,Karnataka,False,False
2026-05-16,chamarajanagar,,,,,0,Chamarajanagar,Tomato,Karnataka,False,False
2026-05-17,chamarajanagar,,,,,0,Chamarajanagar,Tomato,Karnataka,False,False
2026-05-18,chamarajanagar,,,,,0,Chamarajanagar,Tomato,Karnataka,False,False
2026-05-19,chamarajanagar,,,,,0,Chamarajanagar,Tomato,Karnataka,False,False
2026-05-20,chamarajanagar,,,,,0,Chamarajanagar,Tomato,Karnataka,False,False
2026-05-21,chamarajanagar,,,,,0,Chamarajanagar,Tomato,Karnataka,False,False
2026-05-22,chamarajanagar,,,,,0,Chamarajanagar,Tomato,Karnataka,False,False
2026-05-23,chamarajanagar,,,,,0,Chamarajanagar,Tomato,Karnataka,False,False
2026-05-24,chamarajanagar,,,,,0,Chamarajanagar,Tomato,Karnataka,False,False
2026-05-25,chamarajanagar,,,,,0,Chamarajanagar,Tomato,Karnataka,False,False
2026-05-26,chamarajanagar,,,,,0,Chamarajanagar,Tomato,Karnataka,False,False
2026-05-27,chamarajanagar,,,,,0,Chamarajanagar,Tomato,Karnataka,False,False
2026-05-28,chamarajanagar,,,,,0,Chamarajanagar,Tomato,Karnataka,False,False
2026-05-29,chamarajanagar,,,,,0,Chamarajanagar,Tomato,Karnataka,False,False
2026-05-30,chamarajanagar,,,,,0,Chamarajanagar,Tomato,Karnataka,False,False
2026-05-31,chamarajanagar,,,,,0,Chamarajanagar,Tomato,Karnataka,False,False
2026-06-01,chamarajanagar,,,,,0,Chamarajanagar,Tomato,Karnataka,False,False
2026-06-02,chamarajanagar,,,,,0,Chamarajanagar,Tomato,Karnataka,False,False
2026-06-03,chamarajanagar,,,,,0,Chamarajanagar,Tomato,Karnataka,False,False
2026-06-04,chamarajanagar,,,,,0,Chamarajanagar,Tomato,Karnataka,False,False
2026-06-05,chamarajanagar,,,,,0,Chamarajanagar,Tomato,Karnataka,False,False
2026-06-06,chamarajanagar,,,,,0,Chamarajanagar,Tomato,Karnataka,False,False
2026-06-07,chamarajanagar,,,,,0,Chamarajanagar,Tomato,Karnataka,False,False
2026-06-08,chamarajanagar,,,,,0,Chamarajanagar,Tomato,Karnataka,False,False
2026-06-09,chamarajanagar,,,,,0,Chamarajanagar,Tomato,Karnataka,False,False
2026-06-10,chamarajanagar,,,,,0,Chamarajanagar,Tomato,Karnataka,False,False
2026-06-11,chamarajanagar,,,,,0,Chamarajanagar,Tomato,Karnataka,False,False
2026-06-12,chamarajanagar,,,,,0,Chamarajanagar,Tomato,Karnataka,False,False
2026-06-13,chamarajanagar,,,,,0,Chamarajanagar,Tomato,Karnataka,False,False
2026-06-14,chamarajanagar,,,,,0,Chamarajanagar,Tomato,Karnataka,False,False
2026-06-15,chamarajanagar,,,,,0,Chamarajanagar,Tomato,Karnataka,False,False
2026-06-16,chamarajanagar,,,,,0,Chamarajanagar,Tomato,Karnataka,False,False
2026-06-17,chamarajanagar,,,,,0,Chamarajanagar,Tomato,Karnataka,False,False
2026-06-18,chamarajanagar,,,,,0,Chamarajanagar,Tomato,Karnataka,False,False
2026-06-19,chamarajanagar,,,,,0,Chamarajanagar,Tomato,Karnataka,False,False
2026-06-20,chamarajanagar,,,,,0,Chamarajanagar,Tomato,Karnataka,False,False
2026-06-21,chamarajanagar,,,,,0,Chamarajanagar,Tomato,Karnataka,False,False
2026-06-22,chamarajanagar,,,,,0,Chamarajanagar,Tomato,Karnataka,False,False
2026-06-23,chamarajanagar,,,,,0,Chamarajanagar,Tomato,Karnataka,False,False
2026-06-24,chamarajanagar,,,,,0,Chamarajanagar,Tomato,Karnataka,False,False
2026-06-25,chamarajanagar,,,,,0,Chamarajanagar,Tomato,Karnataka,False,False
2026-06-26,chamarajanagar,,,,,0,Chamarajanagar,Tomato,Karnataka,False,False
2026-06-27,chamarajanagar,,,,,0,Chamarajanagar,Tomato,Karnataka,False,False
2026-06-28,chamarajanagar,,,,,0,Chamarajanagar,Tomato,Karnataka,False,False
2026-06-29,chamarajanagar,,,,,0,Chamarajanagar,Tomato,Karnataka,False,False
2026-06-30,chamarajanagar,,,,,0,Chamarajanagar,Tomato,Karnataka,False,False
2026-07-01,chamarajanagar,,,,,0,Chamarajanagar,Tomato,Karnataka,False,False
2026-07-02,chamarajanagar,,,,,0,Chamarajanagar,Tomato,Karnataka,False,False
2026-07-03,chamarajanagar,,,,,0,Chamarajanagar,Tomato,Karnataka,False,False
2026-07-04,chamarajanagar,,,,,0,Chamarajanagar,Tomato,Karnataka,False,False
2026-07-05,chamarajanagar,,,,,0,Chamarajanagar,Tomato,Karnataka,False,False
2026-07-06,chamarajanagar,,,,,0,Chamarajanagar,Tomato,Karnataka,False,False
2026-07-07,chamarajanagar,,,,,0,Chamarajanagar,Tomato,Karnataka,False,False
2026-07-08,chamarajanagar,,,,,0,Chamarajanagar,Tomato,Karnataka,False,False
2026-07-09,chamarajanagar,,,,,0,Chamarajanagar,Tomato,Karnataka,False,False
2026-07-10,chamarajanagar,,,,,0,Chamarajanagar,Tomato,Karnataka,False,False
2026-07-11,chamarajanagar,,,,,0,Chamarajanagar,Tomato,Karnataka,False,False
2026-07-12,chamarajanagar,,,,,0,Chamarajanagar,Tomato,Karnataka,False,False
2026-07-13,chamarajanagar,,,,,0,Chamarajanagar,Tomato,Karnataka,False,False
2026-07-14,chamarajanagar,,,,,0,Chamarajanagar,Tomato,Karnataka,False,False
2026-07-15,chamarajanagar,,,,,0,Chamarajanagar,Tomato,Karnataka,False,False
2026-07-16,chamarajanagar,,,,,0,Chamarajanagar,Tomato,Karnataka,False,False
2026-07-17,chamarajanagar,,,,,0,Chamarajanagar,Tomato,Karnataka,False,False
2026-07-18,chamarajanagar,,,,,0,Chamarajanagar,Tomato,Karnataka,False,False
2026-07-19,chamarajanagar,,,,,0,Chamarajanagar,Tomato,Karnataka,False,False
2026-07-20,chamarajanagar,,,,,0,Chamarajanagar,Tomato,Karnataka,False,False
2026-07-21,chamarajanagar,,,,,0,Chamarajanagar,Tomato,Karnataka,False,False
2026-07-22,chamarajanagar,,,,,0,Chamarajanagar,Tomato,Karnataka,False,False
2026-07-23,chamarajanagar,,,,,0,Chamarajanagar,Tomato,Karnataka,False,False
2026-07-24,chamarajanagar,,,,,0,Chamarajanagar,Tomato,Karnataka,False,False
2026-07-25,chamarajanagar,,,,,0,Chamarajanagar,Tomato,Karnataka,False,False
2026-07-26,chamarajanagar,,,,,0,Chamarajanagar,Tomato,Karnataka,False,False
2026-07-27,chamarajanagar,,,,,0,Chamarajanagar,Tomato,Karnataka,False,False
2026-07-28,chamarajanagar,,,,,0,Chamarajanagar,Tomato,Karnataka,False,False
2026-07-29,chamarajanagar,,,,,0,Chamarajanagar,Tomato,Karnataka,False,False
2026-07-30,chamarajanagar,,,,,0,Chamarajanagar,Tomato,Karnataka,False,False
2026-07-31,chamarajanagar,,,,,0,Chamarajanagar,Tomato,Karnataka,False,False
2026-08-01,chamarajanagar,,,,,0,Chamarajanagar,Tomato,Karnataka,False,False
2026-08-02,chamarajanagar,,,,,0,Chamarajanagar,Tomato,Karnataka,False,False
2026-08-03,chamarajanagar,,,,,0,Chamarajanagar,Tomato,Karnataka,False,False
2026-08-04,chamarajanagar,,,,,0,Chamarajanagar,Tomato,Karnataka,False,False
2026-08-05,chamarajanagar,,,,,0,Chamarajanagar,Tomato,Karnataka,False,False
2026-08-06,chamarajanagar,,,,,0,Chamarajanagar,Tomato,Karnataka,False,False
2026-08-07,chamarajanagar,,,,,0,Chamarajanagar,Tomato,Karnataka,False,False
2026-08-08,chamarajanagar,,,,,0,Chamarajanagar,Tomato,Karnataka,False,False
2026-08-09,chamarajanagar,,,,,0,Chamarajanagar,Tomato,Karnataka,False,False
2026-08-10,chamarajanagar,,,,,0,Chamarajanagar,Tomato,Karnataka,False,False
2026-08-11,chamarajanagar,,,,,0,Chamarajanagar,Tomato,Karnataka,False,False
2026-08-12,chamarajanagar,,,,,0,Chamarajanagar,Tomato,Karnataka,False,False
2026-08-13,chamarajanagar,,,,,0,Chamarajanagar,Tomato,Karnataka,False,False
2026-08-14,chamarajanagar,,,,,0,Chamarajanagar,Tomato,Karnataka,False,False
2026-08-15,chamarajanagar,,,,,0,Chamarajanagar,Tomato,Karnataka,False,False
2026-08-16,chamarajanagar,,,,,0,Chamarajanagar,Tomato,Karnataka,False,False
2026-08-17,chamarajanagar,,,,,0,Chamarajanagar,Tomato,Karnataka,False,False
2026-08-18,chamarajanagar,,,,,0,Chamarajanagar,Tomato,Karnataka,False,False
2026-08-19,chamarajanagar,,,,,0,Chamarajanagar,Tomato,Karnataka,False,False
2026-08-20,chamarajanagar,,,,,0,Chamarajanagar,Tomato,Karnataka,False,False
2026-08-21,chamarajanagar,,,,,0,Chamarajanagar,Tomato,Karnataka,False,False
2026-08-22,chamarajanagar,,,,,0,Chamarajanagar,Tomato,Karnataka,False,False
2026-08-23,chamarajanagar,,,,,0,Chamarajanagar,Tomato,Karnataka,False,False
2026-08-24,chamarajanagar,,,,,0,Chamarajanagar,Tomato,Karnataka,False,False
2026-08-25,chamarajanagar,,,,,0,Chamarajanagar,Tomato,Karnataka,False,False
2026-08-26,chamarajanagar,,,,,0,Chamarajanagar,Tomato,Karnataka,False,False
2026-08-27,chamarajanagar,,,,,0,Chamarajanagar,Tomato,Karnataka,False,False
2026-08-28,chamarajanagar,,,,,0,Chamarajanagar,Tomato,Karnataka,False,False
2026-08-29,chamarajanagar,,,,,0,Chamarajanagar,Tomato,Karnataka,False,False
2026-08-30,chamarajanagar,,,,,0,Chamarajanagar,Tomato,Karnataka,False,False
2026-08-31,chamarajanagar,,,,,0,Chamarajanagar,Tomato,Karnataka,False,False
2026-09-01,chamarajanagar,,,,,0,Chamarajanagar,Tomato,Karnataka,False,False
2026-09-02,chamarajanagar,,,,,0,Chamarajanagar,Tomato,Karnataka,False,False
2026-09-03,chamarajanagar,,,,,0,Chamarajanagar,Tomato,Karnataka,False,False
2026-09-04,chamarajanagar,,,,,0,Chamarajanagar,Tomato,Karnataka,False,False
2026-09-05,chamarajanagar,,,,,0,Chamarajanagar,Tomato,Karnataka,False,False
2026-09-06,chamarajanagar,,,,,0,Chamarajanagar,Tomato,Karnataka,False,False
2026-09-07,chamarajanagar,,,,,0,Chamarajanagar,Tomato,Karnataka,False,False
2026-09-08,chamarajanagar,,,,,0,Chamarajanagar,Tomato,Karnataka,False,False
2026-09-09,chamarajanagar,,,,,0,Chamarajanagar,Tomato,Karnataka,False,False
2026-09-10,chamarajanagar,,,,,0,Chamarajanagar,Tomato,Karnataka,False,False
2026-09-11,chamarajanagar,,,,,0,Chamarajanagar,Tomato,Karnataka,False,False
2026-09-12,chamarajanagar,,,,,0,Chamarajanagar,Tomato,Karnataka,False,False
2026-09-13,chamarajanagar,,,,,0,Chamarajanagar,Tomato,Karnataka,False,False
2026-09-14,chamarajanagar,,,,,0,Chamarajanagar,Tomato,Karnataka,False,False
2026-09-15,chamarajanagar,,,,,0,Chamarajanagar,Tomato,Karnataka,False,False
2026-09-16,chamarajanagar,,,,,0,Chamarajanagar,Tomato,Karnataka,False,False
2022-01-01,chikkamagaluru,36.0,2150.0,1850.0,3200.0,3,Chikkamagaluru,Tomato,Karnataka,True,True
2022-01-02,chikkamagaluru,36.0,2150.0,1850.0,3200.0,0,Chikkamagaluru,Tomato,Karnataka,False,False
2022-01-03,chikkamagaluru,40.0,2379.0,2081.0,2777.0,3,Chikkamagaluru,Tomato,Karnataka,True,True
2022-01-04,chikkamagaluru,8.0,3273.0,3073.5,3522.0,2,Chikkamagaluru,Tomato,Karnataka,True,True
2022-01-05,chikkamagaluru,11.0,2500.0,2350.0,3154.5,2,Chikkamagaluru,Tomato,Karnataka,True,True
2022-01-06,chikkamagaluru,6.0,2548.5,2309.5,3005.0,2,Chikkamagaluru,Tomato,Karnataka,True,True
2022-01-07,chikkamagaluru,12.0,2671.0,2363.5,2920.0,2,Chikkamagaluru,Tomato,Karnataka,True,True
2022-01-08,chikkamagaluru,12.0,2671.0,2363.5,2920.0,0,Chikkamagaluru,Tomato,Karnataka,False,False
2022-01-09,chikkamagaluru,12.0,2671.0,2363.5,2920.0,0,Chikkamagaluru,Tomato,Karnataka,False,False
2022-01-10,chikkamagaluru,22.0,2592.0,1834.5,2989.0,2,Chikkamagaluru,Tomato,Karnataka,True,True
2022-01-11,chikkamagaluru,39.0,2083.0,1666.0,2775.0,3,Chikkamagaluru,Tomato,Karnataka,True,True
2022-01-12,chikkamagaluru,41.0,3005.0,2805.0,3205.0,2,Chikkamagaluru,Tomato,Karnataka,True,True
2022-01-13,chikkamagaluru,37.0,2083.0,1666.0,2379.0,3,Chikkamagaluru,Tomato,Karnataka,True,True
2022-01-14,chikkamagaluru,41.0,1666.0,1666.0,2081.0,3,Chikkamagaluru,Tomato,Karnataka,True,True
2022-01-15,chikkamagaluru,41.0,1666.0,1666.0,2081.0,0,Chikkamagaluru,Tomato,Karnataka,False,False
2022-01-16,chikkamagaluru,41.0,1666.0,1666.0,2081.0,0,Chikkamagaluru,Tomato,Karnataka,False,False
2022-01-17,chikkamagaluru,82.0,2000.0,1388.0,3015.0,3,Chikkamagaluru,Tomato,Karnataka,True,True
2022-01-18,chikkamagaluru,59.0,2081.0,1666.0,2379.0,3,Chikkamagaluru,Tomato,Karnataka,True,True
2022-01-19,chikkamagaluru,66.0,1743.5,1553.5,1958.5,2,Chikkamagaluru,Tomato,Karnataka,True,True
2022-01-20,chikkamagaluru,64.0,1127.5,899.0,1614.5,2,Chikkamagaluru,Tomato,Karnataka,True,True
2022-01-21,chikkamagaluru,80.0,1683.0,1583.0,1783.0,3,Chikkamagaluru,Tomato,Karnataka,True,True
2022-01-22,chikkamagaluru,80.0,1683.0,1583.0,1783.0,0,Chikkamagaluru,Tomato,Karnataka,False,False
2022-01-23,chikkamagaluru,80.0,1683.0,1583.0,1783.0,0,Chikkamagaluru,Tomato,Karnataka,False,False
2022-01-24,chikkamagaluru,88.0,1666.0,1250.0,2379.0,1,Chikkamagaluru,Tomato,Karnataka,True,True
2022-01-25,chikkamagaluru,70.0,1666.0,1666.0,2081.0,3,Chikkamagaluru,Tomato,Karnataka,True,True
2022-01-26,chikkamagaluru,70.0,1666.0,1666.0,2081.0,0,Chikkamagaluru,Tomato,Karnataka,False,False
2022-01-27,chikkamagaluru,86.0,950.0,713.0,1763.5,2,Chikkamagaluru,Tomato,Karnataka,True,True
2022-01-28,chikkamagaluru,77.0,1665.0,1388.0,2968.0,3,Chikkamagaluru,Tomato,Karnataka,True,True
2022-01-29,chikkamagaluru,61.0,1665.0,1388.0,1666.0,3,Chikkamagaluru,Tomato,Karnataka,True,True
2022-01-30,chikkamagaluru,61.0,1665.0,1388.0,1666.0,0,Chikkamagaluru,Tomato,Karnataka,False,False
2022-01-31,chikkamagaluru,82.0,1072.5,852.5,1416.0,3,Chikkamagaluru,Tomato,Karnataka,True,True
2022-02-01,chikkamagaluru,79.0,1666.0,1514.0,1850.0,3,Chikkamagaluru,Tomato,Karnataka,True,True
2022-02-02,chikkamagaluru,92.0,2020.0,1920.0,2120.0,2,Chikkamagaluru,Tomato,Karnataka,True,True
2022-02-03,chikkamagaluru,68.0,1316.0,1041.0,1388.0,3,Chikkamagaluru,Tomato,Karnataka,True,True
2022-02-04,chikkamagaluru,115.0,1112.0,1000.0,1190.0,2,Chikkamagaluru,Tomato,Karnataka,True,True
2022-02-05,chikkamagaluru,114.0,1666.0,893.0,2083.0,3,Chikkamagaluru,Tomato,Karnataka,True,True
2022-02-06,chikkamagaluru,114.0,1666.0,893.0,2083.0,0,Chikkamagaluru,Tomato,Karnataka,False,False
2022-02-07,chikkamagaluru,130.0,1112.0,909.0,1666.0,1,Chikkamagaluru,Tomato,Karnataka,True,True
2022-02-08,chikkamagaluru,96.0,416.0,325.0,510.0,2,Chikkamagaluru,Tomato,Karnataka,True,True
2022-02-09,chikkamagaluru,119.0,1112.0,909.0,1388.0,3,Chikkamagaluru,Tomato,Karnataka,True,True
2022-02-10,chikkamagaluru,98.0,1388.0,833.0,1666.0,3,Chikkamagaluru,Tomato,Karnataka,True,True
2022-02-11,chikkamagaluru,120.0,886.0,576.5,1068.0,3,Chikkamagaluru,Tomato,Karnataka,True,True
2022-02-12,chikkamagaluru,120.0,886.0,576.5,1068.0,0,Chikkamagaluru,Tomato,Karnataka,False,False
2022-02-13,chikkamagaluru,120.0,886.0,576.5,1068.0,0,Chikkamagaluru,Tomato,Karnataka,False,False
2022-02-14,chikkamagaluru,273.0,1388.0,740.0,1666.0,3,Chikkamagaluru,Tomato,Karnataka,True,True
2022-02-15,chikkamagaluru,118.0,1388.0,793.0,1666.0,3,Chikkamagaluru,Tomato,Karnataka,True,True
2022-02-16,chikkamagaluru,143.0,1190.0,757.0,1388.0,3,Chikkamagaluru,Tomato,Karnataka,True,True
2022-02-17,chikkamagaluru,117.0,1041.0,833.0,1388.0,3,Chikkamagaluru,Tomato,Karnataka,True,True
2022-02-18,chikkamagaluru,157.0,1579.5,518.5,1912.5,2,Chikkamagaluru,Tomato,Karnataka,True,True
2022-02-19,chikkamagaluru,180.0,1047.0,757.0,1247.0,3,Chikkamagaluru,Tomato,Karnataka,True,True
2022-02-20,chikkamagaluru,180.0,1047.0,757.0,1247.0,0,Chikkamagaluru,Tomato,Karnataka,False,False
2022-02-21,chikkamagaluru,198.0,697.5,554.0,852.5,3,Chikkamagaluru,Tomato,Karnataka,True,True
2022-02-22,chikkamagaluru,133.0,748.0,635.5,845.5,2,Chikkamagaluru,Tomato,Karnataka,True,True
2022-02-23,chikkamagaluru,184.0,1000.0,714.0,1287.0,3,Chikkamagaluru,Tomato,Karnataka,True,True
2022-02-24,chikkamagaluru,126.0,934.5,775.0,1155.0,3,Chikkamagaluru,Tomato,Karnataka,True,True
2022-02-25,chikkamagaluru,146.0,833.0,714.0,1234.0,3,Chikkamagaluru,Tomato,Karnataka,True,True
2022-02-26,chikkamagaluru,146.0,833.0,714.0,1234.0,0,Chikkamagaluru,Tomato,Karnataka,False,False
2022-02-27,chikkamagaluru,146.0,833.0,714.0,1234.0,0,Chikkamagaluru,Tomato,Karnataka,False,False
2022-02-28,chikkamagaluru,334.0,833.0,625.0,1666.0,1,Chikkamagaluru,Tomato,Karnataka,True,True
2022-03-01,chikkamagaluru,334.0,833.0,625.0,1666.0,0,Chikkamagaluru,Tomato,Karnataka,False,False
2022-03-02,chikkamagaluru,299.0,769.0,588.0,833.0,3,Chikkamagaluru,Tomato,Karnataka,True,True
2022-03-03,chikkamagaluru,165.0,641.0,595.0,666.0,3,Chikkamagaluru,Tomato,Karnataka,True,True
2022-03-04,chikkamagaluru,163.0,685.5,587.5,804.5,2,Chikkamagaluru,Tomato,Karnataka,True,True
2022-03-05,chikkamagaluru,186.0,641.0,588.0,925.0,1,Chikkamagaluru,Tomato,Karnataka,True,True
2022-03-06,chikkamagaluru,186.0,641.0,588.0,925.0,0,Chikkamagaluru,Tomato,Karnataka,False,False
2022-03-07,chikkamagaluru,284.0,625.0,588.0,947.0,3,Chikkamagaluru,Tomato,Karnataka,True,True
2022-03-08,chikkamagaluru,154.0,887.0,687.0,1087.0,1,Chikkamagaluru,Tomato,Karnataka,True,True
2022-03-09,chikkamagaluru,144.0,792.0,526.0,892.0,3,Chikkamagaluru,Tomato,Karnataka,True,True
2022-03-10,chikkamagaluru,103.0,667.0,588.0,1041.0,3,Chikkamagaluru,Tomato,Karnataka,True,True
2022-03-11,chikkamagaluru,122.0,555.0,526.0,694.0,3,Chikkamagaluru,Tomato,Karnataka,True,True
2022-03-12,chikkamagaluru,122.0,555.0,526.0,694.0,0,Chikkamagaluru,Tomato,Karnataka,False,False
2022-03-13,chikkamagaluru,122.0,555.0,526.0,694.0,0,Chikkamagaluru,Tomato,Karnataka,False,False
2022-03-14,chikkamagaluru,237.0,769.0,526.0,909.0,3,Chikkamagaluru,Tomato,Karnataka,True,True
2022-03-15,chikkamagaluru,100.0,667.0,617.0,833.0,3,Chikkamagaluru,Tomato,Karnataka,True,True
2022-03-16,chikkamagaluru,134.0,508.0,363.0,697.5,3,Chikkamagaluru,Tomato,Karnataka,True,True
2022-03-17,chikkamagaluru,99.0,757.0,677.0,925.0,3,Chikkamagaluru,Tomato,Karnataka,True,True
2022-03-18,chikkamagaluru,101.0,769.0,588.0,1041.0,1,Chikkamagaluru,Tomato,Karnataka,True,True
2022-03-19,chikkamagaluru,114.0,667.0,568.0,948.0,3,Chikkamagaluru,Tomato,Karnataka,True,True
2022-03-20,chikkamagaluru,114.0,667.0,568.0,948.0,0,Chikkamagaluru,Tomato,Karnataka,False,False
2022-03-21,chikkamagaluru,131.0,1041.0,568.0,1666.0,2,Chikkamagaluru,Tomato,Karnataka,True,True
2022-03-22,chikkamagaluru,61.0,862.0,714.0,1041.0,3,Chikkamagaluru,Tomato,Karnataka,True,True
2022-03-23,chikkamagaluru,78.0,795.5,761.0,883.0,2,Chikkamagaluru,Tomato,Karnataka,True,True
2022-03-24,chikkamagaluru,48.0,265.0,180.0,320.0,1,Chikkamagaluru,Tomato,Karnataka,True,True
2022-03-25,chikkamagaluru,93.0,891.0,834.0,926.0,1,Chikkamagaluru,Tomato,Karnataka,True,True
2022-03-26,chikkamagaluru,93.0,891.0,834.0,926.0,0,Chikkamagaluru,Tomato,Karnataka,False,False
2022-03-27,chikkamagaluru,93.0,891.0,834.0,926.0,0,Chikkamagaluru,Tomato,Karnataka,False,False
2022-03-28,chikkamagaluru,122.0,484.0,410.5,638.0,3,Chikkamagaluru,Tomato,Karnataka,True,True
2022-03-29,chikkamagaluru,61.0,714.0,625.0,1041.0,2,Chikkamagaluru,Tomato,Karnataka,True,True
2022-03-30,chikkamagaluru,75.0,775.0,750.0,975.0,3,Chikkamagaluru,Tomato,Karnataka,True,True
2022-03-31,chikkamagaluru,59.0,805.0,605.0,1005.0,2,Chikkamagaluru,Tomato,Karnataka,True,True
2022-04-01,chikkamagaluru,85.0,769.0,625.0,833.0,2,Chikkamagaluru,Tomato,Karnataka,True,True
2022-04-02,chikkamagaluru,85.0,769.0,625.0,833.0,0,Chikkamagaluru,Tomato,Karnataka,False,False
2022-04-03,chikkamagaluru,85.0,769.0,625.0,833.0,0,Chikkamagaluru,Tomato,Karnataka,False,False
2022-04-04,chikkamagaluru,126.0,833.0,526.0,1248.0,3,Chikkamagaluru,Tomato,Karnataka,True,True
2022-04-05,chikkamagaluru,38.0,1217.0,1017.0,1417.0,1,Chikkamagaluru,Tomato,Karnataka,True,True
2022-04-06,chikkamagaluru,84.0,426.0,320.0,580.0,2,Chikkamagaluru,Tomato,Karnataka,True,True
2022-04-07,chikkamagaluru,38.0,953.0,714.0,953.0,3,Chikkamagaluru,Tomato,Karnataka,True,True
2022-04-08,chikkamagaluru,85.0,1000.0,807.0,1100.0,3,Chikkamagaluru,Tomato,Karnataka,True,True
2022-04-09,chikkamagaluru,85.0,1000.0,807.0,1100.0,0,Chikkamagaluru,Tomato,Karnataka,False,False
2022-04-10,chikkamagaluru,85.0,1000.0,807.0,1100.0,0,Chikkamagaluru,Tomato,Karnataka,False,False
2022-04-11,chikkamagaluru,95.0,1404.0,967.0,1643.0,2,Chikkamagaluru,Tomato,Karnataka,True,True
2022-04-12,chikkamagaluru,41.0,925.0,757.0,1666.0,3,Chikkamagaluru,Tomato,Karnataka,True,True
2022-04-13,chikkamagaluru,51.0,1274.0,944.0,1659.0,2,Chikkamagaluru,Tomato,Karnataka,True,True
2022-04-14,chikkamagaluru,51.0,1274.0,944.0,1659.0,0,Chikkamagaluru,Tomato,Karnataka,False,False
2022-04-15,chikkamagaluru,51.0,1274.0,944.0,1659.0,0,Chikkamagaluru,Tomato,Karnataka,False,False
2022-04-16,chikkamagaluru,75.0,1447.0,1075.5,1936.0,2,Chikkamagaluru,Tomato,Karnataka,True,True
2022-04-17,chikkamagaluru,75.0,1447.0,1075.5,1936.0,0,Chikkamagaluru,Tomato,Karnataka,False,False
2022-04-18,chikkamagaluru,51.0,1975.0,1100.0,2400.0,1,Chikkamagaluru,Tomato,Karnataka,True,True
2022-04-19,chikkamagaluru,30.0,2110.0,1200.0,2800.0,3,Chikkamagaluru,Tomato,Karnataka,True,True
2022-04-20,chikkamagaluru,38.0,2150.0,1230.0,2640.0,2,Chikkamagaluru,Tomato,Karnataka,True,True
2022-04-21,chikkamagaluru,24.0,2240.0,2081.0,2778.0,3,Chikkamagaluru,Tomato,Karnataka,True,True
2022-04-22,chikkamagaluru,30.0,1332.0,1332.0,4163.0,1,Chikkamagaluru,Tomato,Karnataka,True,True
2022-04-23,chikkamagaluru,30.0,1332.0,1332.0,4163.0,0,Chikkamagaluru,Tomato,Karnataka,False,False
2022-04-24,chikkamagaluru,30.0,1332.0,1332.0,4163.0,0,Chikkamagaluru,Tomato,Karnataka,False,False
2022-04-25,chikkamagaluru,46.0,2380.0,1507.5,3000.0,3,Chikkamagaluru,Tomato,Karnataka,True,True
2022-04-26,chikkamagaluru,31.0,2787.5,2227.5,3137.5,2,Chikkamagaluru,Tomato,Karnataka,True,True
2022-04-27,chikkamagaluru,38.0,2679.0,2479.0,2879.0,3,Chikkamagaluru,Tomato,Karnataka,True,True
2022-04-28,chikkamagaluru,27.0,2775.0,2578.0,2978.0,3,Chikkamagaluru,Tomato,Karnataka,True,True
2022-04-29,chikkamagaluru,31.0,2854.0,1850.0,3069.0,3,Chikkamagaluru,Tomato,Karnataka,True,True
2022-04-30,chikkamagaluru,35.0,2558.0,2379.0,3130.0,3,Chikkamagaluru,Tomato,Karnataka,True,True
2022-05-01,chikkamagaluru,35.0,2558.0,2379.0,3130.0,0,Chikkamagaluru,Tomato,Karnataka,False,False
2022-05-02,chikkamagaluru,25.0,3150.0,1350.0,3800.0,1,Chikkamagaluru,Tomato,Karnataka,True,True
2022-05-03,chikkamagaluru,25.0,3150.0,1350.0,3800.0,0,Chikkamagaluru,Tomato,Karnataka,False,False
2022-05-04,chikkamagaluru,45.0,2540.0,2220.0,3685.0,3,Chikkamagaluru,Tomato,Karnataka,True,True
2022-05-05,chikkamagaluru,26.0,2680.0,1513.0,3768.0,3,Chikkamagaluru,Tomato,Karnataka,True,True
2022-05-06,chikkamagaluru,21.0,2685.0,1910.0,4750.0,2,Chikkamagaluru,Tomato,Karnataka,True,True
2022-05-07,chikkamagaluru,21.0,3840.0,2220.0,4047.0,3,Chikkamagaluru,Tomato,Karnataka,True,True
2022-05-08,chikkamagaluru,21.0,3840.0,2220.0,4047.0,0,Chikkamagaluru,Tomato,Karnataka,False,False
2022-05-09,chikkamagaluru,24.0,3954.0,2777.0,4917.0,3,Chikkamagaluru,Tomato,Karnataka,True,True
2022-05-10,chikkamagaluru,4.0,2081.0,2081.0,2081.0,2,Chikkamagaluru,Tomato,Karnataka,True,True
2022-05-11,chikkamagaluru,19.0,3846.0,2775.0,5039.0,3,Chikkamagaluru,Tomato,Karnataka,True,True
2022-05-12,chikkamagaluru,15.0,3124.5,3124.5,3124.5,2,Chikkamagaluru,Tomato,Karnataka,True,True
2022-05-13,chikkamagaluru,20.0,4260.0,2450.0,6220.0,2,Chikkamagaluru,Tomato,Karnataka,True,True
2022-05-14,chikkamagaluru,20.0,4260.0,2450.0,6220.0,0,Chikkamagaluru,Tomato,Karnataka,False,False
2022-05-15,chikkamagaluru,20.0,4260.0,2450.0,6220.0,0,Chikkamagaluru,Tomato,Karnataka,False,False
2022-05-16,chikkamagaluru,27.0,4275.0,2565.0,5632.5,3,Chikkamagaluru,Tomato,Karnataka,True,True
2022-05-17,chikkamagaluru,14.0,4862.0,4662.0,5062.0,1,Chikkamagaluru,Tomato,Karnataka,True,True
2022-05-18,chikkamagaluru,14.0,5770.0,5550.0,5970.0,1,Chikkamagaluru,Tomato,Karnataka,True,True
2022-05-19,chikkamagaluru,9.0,3658.0,1435.0,5265.0,2,Chikkamagaluru,Tomato,Karnataka,True,True
2022-05-20,chikkamagaluru,6.0,4162.0,4162.0,7143.0,3,Chikkamagaluru,Tomato,Karnataka,True,True
2022-05-21,chikkamagaluru,5.0,6112.0,6012.0,6212.0,2,Chikkamagaluru,Tomato,Karnataka,True,True
2022-05-22,chikkamagaluru,5.0,6112.0,6012.0,6212.0,0,Chikkamagaluru,Tomato,Karnataka,False,False
2022-05-23,chikkamagaluru,4.0,6249.5,5455.0,7042.0,2,Chikkamagaluru,Tomato,Karnataka,True,True
2022-05-24,chikkamagaluru,1.0,6250.0,6250.0,6942.5,2,Chikkamagaluru,Tomato,Karnataka,True,True
2022-05-25,chikkamagaluru,2.0,5093.0,4893.0,5887.0,2,Chikkamagaluru,Tomato,Karnataka,True,True
2022-05-26,chikkamagaluru,3.0,7779.0,6668.0,8079.0,2,Chikkamagaluru,Tomato,Karnataka,True,True
2022-05-27,chikkamagaluru,3.0,4396.5,4296.5,4497.5,2,Chikkamagaluru,Tomato,Karnataka,True,True
2022-05-28,chikkamagaluru,3.0,4396.5,4296.5,4497.5,0,Chikkamagaluru,Tomato,Karnataka,False,False
2022-05-29,chikkamagaluru,3.0,4396.5,4296.5,4497.5,0,Chikkamagaluru,Tomato,Karnataka,False,False
2022-05-30,chikkamagaluru,9.0,4582.0,3904.0,7182.0,2,Chikkamagaluru,Tomato,Karnataka,True,True
2022-05-31,chikkamagaluru,1.0,2330.0,2330.0,2330.0,1,Chikkamagaluru,Tomato,Karnataka,True,True
2022-06-01,chikkamagaluru,9.0,2777.0,2083.0,4163.0,1,Chikkamagaluru,Tomato,Karnataka,True,True
2022-06-02,chikkamagaluru,7.0,5556.0,5556.0,5556.0,1,Chikkamagaluru,Tomato,Karnataka,True,True
2022-06-03,chikkamagaluru,10.0,3520.0,2777.0,5100.0,3,Chikkamagaluru,Tomato,Karnataka,True,True
2022-06-04,chikkamagaluru,6.0,3600.0,2777.0,4800.0,3,Chikkamagaluru,Tomato,Karnataka,True,True
2022-06-05,chikkamagaluru,6.0,3600.0,2777.0,4800.0,0,Chikkamagaluru,Tomato,Karnataka,False,False
2022-06-06,chikkamagaluru,12.0,4125.0,3222.5,4972.5,2,Chikkamagaluru,Tomato,Karnataka,True,True
2022-06-07,chikkamagaluru,20.0,3450.0,2500.0,4762.0,3,Chikkamagaluru,Tomato,Karnataka,True,True
2022-06-08,chikkamagaluru,32.0,3350.0,2081.0,5300.0,3,Chikkamagaluru,Tomato,Karnataka,True,True
2022-06-09,chikkamagaluru,31.0,3700.0,2777.0,4165.0,2,Chikkamagaluru,Tomato,Karnataka,True,True
2022-06-10,chikkamagaluru,34.0,4165.0,2700.0,5550.0,3,Chikkamagaluru,Tomato,Karnataka,True,True
2022-06-11,chikkamagaluru,34.0,4165.0,2700.0,5550.0,0,Chikkamagaluru,Tomato,Karnataka,False,False
2022-06-12,chikkamagaluru,34.0,4165.0,2700.0,5550.0,0,Chikkamagaluru,Tomato,Karnataka,False,False
2022-06-13,chikkamagaluru,51.0,3491.5,2288.5,5387.5,2,Chikkamagaluru,Tomato,Karnataka,True,True
2022-06-14,chikkamagaluru,42.0,2775.0,2381.0,4165.0,3,Chikkamagaluru,Tomato,Karnataka,True,True
2022-06-15,chikkamagaluru,52.0,3245.0,2083.0,4600.0,3,Chikkamagaluru,Tomato,Karnataka,True,True
2022-06-16,chikkamagaluru,43.0,2556.5,1986.5,3637.5,2,Chikkamagaluru,Tomato,Karnataka,True,True
2022-06-17,chikkamagaluru,5.0,2379.0,2273.0,2941.0,1,Chikkamagaluru,Tomato,Karnataka,True,True
2022-06-18,chikkamagaluru,49.0,3847.0,3704.0,3947.0,2,Chikkamagaluru,Tomato,Karnataka,True,True
2022-06-19,chikkamagaluru,49.0,3847.0,3704.0,3947.0,0,Chikkamagaluru,Tomato,Karnataka,False,False
2022-06-20,chikkamagaluru,56.0,2762.5,1444.0,3932.5,2,Chikkamagaluru,Tomato,Karnataka,True,True
2022-06-21,chikkamagaluru,51.0,2614.5,1690.5,3287.5,2,Chikkamagaluru,Tomato,Karnataka,True,True
2022-06-22,chikkamagaluru,60.0,3532.5,3236.5,4161.0,2,Chikkamagaluru,Tomato,Karnataka,True,True
2022-06-23,chikkamagaluru,49.0,2775.0,1666.0,3740.0,3,Chikkamagaluru,Tomato,Karnataka,True,True
2022-06-24,chikkamagaluru,62.0,3100.0,1666.0,3500.0,3,Chikkamagaluru,Tomato,Karnataka,True,True
2022-06-25,chikkamagaluru,62.0,3100.0,1666.0,3500.0,0,Chikkamagaluru,Tomato,Karnataka,False,False
2022-06-26,chikkamagaluru,62.0,3100.0,1666.0,3500.0,0,Chikkamagaluru,Tomato,Karnataka,False,False
2022-06-27,chikkamagaluru,100.0,2479.5,1388.0,3706.5,3,Chikkamagaluru,Tomato,Karnataka,True,True
2022-06-28,chikkamagaluru,66.0,2450.0,1400.0,3200.0,1,Chikkamagaluru,Tomato,Karnataka,True,True
2022-06-29,chikkamagaluru,87.0,2450.0,1850.0,3037.0,3,Chikkamagaluru,Tomato,Karnataka,True,True
2022-06-30,chikkamagaluru,62.0,2254.0,1525.0,2690.5,3,Chikkamagaluru,Tomato,Karnataka,True,True
2022-07-01,chikkamagaluru,89.0,2167.0,1666.0,2632.0,3,Chikkamagaluru,Tomato,Karnataka,True,True
2022-07-02,chikkamagaluru,59.0,1757.5,1225.0,2314.0,2,Chikkamagaluru,Tomato,Karnataka,True,True
2022-07-03,chikkamagaluru,59.0,1757.5,1225.0,2314.0,0,Chikkamagaluru,Tomato,Karnataka,False,False
2022-07-04,chikkamagaluru,155.0,1597.0,1500.0,1634.0,2,Chikkamagaluru,Tomato,Karnataka,True,True
2022-07-05,chikkamagaluru,107.0,1728.0,1314.0,1759.5,4,Chikkamagaluru,Tomato,Karnataka,True,True
2022-07-06,chikkamagaluru,109.0,2155.0,1189.0,2255.0,3,Chikkamagaluru,Tomato,Karnataka,True,True
2022-07-07,chikkamagaluru,95.0,2030.0,1429.0,2083.0,3,Chikkamagaluru,Tomato,Karnataka,True,True
2022-07-08,chikkamagaluru,118.0,1190.0,980.0,2081.0,3,Chikkamagaluru,Tomato,Karnataka,True,True
2022-07-09,chikkamagaluru,118.0,1190.0,980.0,2081.0,0,Chikkamagaluru,Tomato,Karnataka,False,False
2022-07-10,chikkamagaluru,118.0,1190.0,980.0,2081.0,0,Chikkamagaluru,Tomato,Karnataka,False,False
2022-07-11,chikkamagaluru,225.0,1190.0,850.0,1666.0,3,Chikkamagaluru,Tomato,Karnataka,True,True
2022-07-12,chikkamagaluru,101.0,1524.0,945.0,1745.0,2,Chikkamagaluru,Tomato,Karnataka,True,True
2022-07-13,chikkamagaluru,157.0,1003.0,833.0,1437.0,3,Chikkamagaluru,Tomato,Karnataka,True,True
2022-07-14,chikkamagaluru,151.0,1521.5,742.0,1908.0,2,Chikkamagaluru,Tomato,Karnataka,True,True
2022-07-15,chikkamagaluru,174.0,1198.0,962.0,1514.0,3,Chikkamagaluru,Tomato,Karnataka,True,True
2022-07-16,chikkamagaluru,204.0,1087.0,830.0,1665.0,3,Chikkamagaluru,Tomato,Karnataka,True,True
2022-07-17,chikkamagaluru,204.0,1087.0,830.0,1665.0,0,Chikkamagaluru,Tomato,Karnataka,False,False
2022-07-18,chikkamagaluru,259.0,1043.0,740.0,1280.0,3,Chikkamagaluru,Tomato,Karnataka,True,True
2022-07-19,chikkamagaluru,231.0,979.0,555.0,1189.0,2,Chikkamagaluru,Tomato,Karnataka,True,True
2022-07-20,chikkamagaluru,166.0,1540.0,750.0,1800.0,3,Chikkamagaluru,Tomato,Karnataka,True,True
2022-07-21,chikkamagaluru,288.0,909.0,714.0,1388.0,2,Chikkamagaluru,Tomato,Karnataka,True,True
2022-07-22,chikkamagaluru,302.0,936.5,767.0,1176.0,2,Chikkamagaluru,Tomato,Karnataka,True,True
2022-07-23,chikkamagaluru,302.0,936.5,767.0,1176.0,0,Chikkamagaluru,Tomato,Karnataka,False,False
2022-07-24,chikkamagaluru,302.0,936.5,767.0,1176.0,0,Chikkamagaluru,Tomato,Karnataka,False,False
2022-07-25,chikkamagaluru,599.0,966.0,800.0,1112.0,3,Chikkamagaluru,Tomato,Karnataka,True,True
2022-07-26,chikkamagaluru,232.0,1351.0,850.0,1570.0,3,Chikkamagaluru,Tomato,Karnataka,True,True
2022-07-27,chikkamagaluru,410.0,1715.0,850.0,2000.0,2,Chikkamagaluru,Tomato,Karnataka,True,True
2022-07-28,chikkamagaluru,302.0,833.0,724.0,1231.0,1,Chikkamagaluru,Tomato,Karnataka,True,True
2022-07-29,chikkamagaluru,330.0,1063.0,851.0,1163.0,2,Chikkamagaluru,Tomato,Karnataka,True,True
2022-07-30,chikkamagaluru,296.0,1029.0,845.0,1666.0,3,Chikkamagaluru,Tomato,Karnataka,True,True
2022-07-31,chikkamagaluru,296.0,1029.0,845.0,1666.0,0,Chikkamagaluru,Tomato,Karnataka,False,False
2022-08-01,chikkamagaluru,384.0,1070.0,870.0,1270.0,2,Chikkamagaluru,Tomato,Karnataka,True,True
2022-08-02,chikkamagaluru,250.0,1079.0,879.0,1179.0,3,Chikkamagaluru,Tomato,Karnataka,True,True
2022-08-03,chikkamagaluru,304.0,1115.0,769.0,1666.0,3,Chikkamagaluru,Tomato,Karnataka,True,True
2022-08-04,chikkamagaluru,261.0,1169.0,730.0,1980.0,3,Chikkamagaluru,Tomato,Karnataka,True,True
2022-08-05,chikkamagaluru,327.0,1111.0,1011.0,1211.0,1,Chikkamagaluru,Tomato,Karnataka,True,True
2022-08-06,chikkamagaluru,324.0,1320.0,650.0,1680.0,1,Chikkamagaluru,Tomato,Karnataka,True,True
2022-08-07,chikkamagaluru,324.0,1320.0,650.0,1680.0,0,Chikkamagaluru,Tomato,Karnataka,False,False
2022-08-08,chikkamagaluru,368.0,986.0,833.0,1100.0,2,Chikkamagaluru,Tomato,Karnataka,True,True
2022-08-09,chikkamagaluru,368.0,986.0,833.0,1100.0,0,Chikkamagaluru,Tomato,Karnataka,False,False
2022-08-10,chikkamagaluru,347.0,1023.0,714.0,1350.0,3,Chikkamagaluru,Tomato,Karnataka,True,True
2022-08-11,chikkamagaluru,322.0,1078.0,801.0,1267.0,2,Chikkamagaluru,Tomato,Karnataka,True,True
2022-08-12,chikkamagaluru,347.0,1135.0,783.0,1264.0,2,Chikkamagaluru,Tomato,Karnataka,True,True
2022-08-13,chikkamagaluru,347.0,1135.0,783.0,1264.0,0,Chikkamagaluru,Tomato,Karnataka,False,False
2022-08-14,chikkamagaluru,347.0,1135.0,783.0,1264.0,0,Chikkamagaluru,Tomato,Karnataka,False,False
2022-08-15,chikkamagaluru,,1135.0,783.0,1264.0,0,Chikkamagaluru,Tomato,Karnataka,False,False
2022-08-16,chikkamagaluru,533.0,1053.0,667.0,1369.0,2,Chikkamagaluru,Tomato,Karnataka,True,True
2022-08-17,chikkamagaluru,355.0,1055.0,810.0,1210.0,3,Chikkamagaluru,Tomato,Karnataka,True,True
2022-08-18,chikkamagaluru,299.0,1065.0,850.0,1274.0,3,Chikkamagaluru,Tomato,Karnataka,True,True
2022-08-19,chikkamagaluru,375.0,1120.0,800.0,1388.0,3,Chikkamagaluru,Tomato,Karnataka,True,True
2022-08-20,chikkamagaluru,346.0,1359.0,874.5,1474.5,2,Chikkamagaluru,Tomato,Karnataka,True,True
2022-08-21,chikkamagaluru,346.0,1359.0,874.5,1474.5,0,Chikkamagaluru,Tomato,Karnataka,False,False
2022-08-22,chikkamagaluru,276.0,1350.0,840.0,1750.0,2,Chikkamagaluru,Tomato,Karnataka,True,True
2022-08-23,chikkamagaluru,254.0,1195.0,825.0,1295.0,3,Chikkamagaluru,Tomato,Karnataka,True,True
2022-08-24,chikkamagaluru,302.0,1130.0,880.0,1178.0,3,Chikkamagaluru,Tomato,Karnataka,True,True
2022-08-25,chikkamagaluru,264.0,1250.0,865.0,1680.0,2,Chikkamagaluru,Tomato,Karnataka,True,True
2022-08-26,chikkamagaluru,300.0,1105.0,820.0,1205.0,3,Chikkamagaluru,Tomato,Karnataka,True,True
2022-08-27,chikkamagaluru,300.0,1105.0,820.0,1205.0,0,Chikkamagaluru,Tomato,Karnataka,False,False
2022-08-28,chikkamagaluru,300.0,1105.0,820.0,1205.0,0,Chikkamagaluru,Tomato,Karnataka,False,False
2022-08-29,chikkamagaluru,319.0,1250.0,840.0,1745.0,3,Chikkamagaluru,Tomato,Karnataka,True,True
2022-08-30,chikkamagaluru,269.0,1550.0,845.0,1900.0,3,Chikkamagaluru,Tomato,Karnataka,True,True
2022-08-31,chikkamagaluru,269.0,1550.0,845.0,1900.0,0,Chikkamagaluru,Tomato,Karnataka,False,False
2022-09-01,chikkamagaluru,273.0,1227.0,900.0,1327.0,3,Chikkamagaluru,Tomato,Karnataka,True,True
2022-09-02,chikkamagaluru,293.0,1366.0,860.0,1587.0,3,Chikkamagaluru,Tomato,Karnataka,True,True
2022-09-03,chikkamagaluru,293.0,1675.0,860.0,2120.0,3,Chikkamagaluru,Tomato,Karnataka,True,True
2022-09-04,chikkamagaluru,293.0,1675.0,860.0,2120.0,0,Chikkamagaluru,Tomato,Karnataka,False,False
2022-09-05,chikkamagaluru,308.0,2178.0,1800.0,2565.0,1,Chikkamagaluru,Tomato,Karnataka,True,True
2022-09-06,chikkamagaluru,287.0,1325.0,929.5,1582.5,2,Chikkamagaluru,Tomato,Karnataka,True,True
2022-09-07,chikkamagaluru,258.0,1560.0,900.0,2500.0,3,Chikkamagaluru,Tomato,Karnataka,True,True
2022-09-08,chikkamagaluru,223.0,1447.0,970.5,1947.5,2,Chikkamagaluru,Tomato,Karnataka,True,True
2022-09-09,chikkamagaluru,238.0,1388.0,1189.0,2083.0,3,Chikkamagaluru,Tomato,Karnataka,True,True
2022-09-10,chikkamagaluru,238.0,1388.0,1189.0,2083.0,0,Chikkamagaluru,Tomato,Karnataka,False,False
2022-09-11,chikkamagaluru,238.0,1388.0,1189.0,2083.0,0,Chikkamagaluru,Tomato,Karnataka,False,False
2022-09-12,chikkamagaluru,262.0,1666.0,1041.0,2190.0,3,Chikkamagaluru,Tomato,Karnataka,True,True
2022-09-13,chikkamagaluru,221.0,1380.0,1005.0,1570.0,2,Chikkamagaluru,Tomato,Karnataka,True,True
2022-09-14,chikkamagaluru,619.0,2414.5,1907.0,2853.0,3,Chikkamagaluru,Tomato,Karnataka,True,True
2022-09-15,chikkamagaluru,72.0,1976.0,1877.0,2323.5,2,Chikkamagaluru,Tomato,Karnataka,True,True
2022-09-16,chikkamagaluru,138.0,2433.5,2249.5,2993.0,3,Chikkamagaluru,Tomato,Karnataka,True,True
2022-09-17,chikkamagaluru,149.0,1680.0,854.0,2210.0,2,Chikkamagaluru,Tomato,Karnataka,True,True
2022-09-18,chikkamagaluru,149.0,1680.0,854.0,2210.0,0,Chikkamagaluru,Tomato,Karnataka,False,False
2022-09-19,chikkamagaluru,165.0,1755.5,1189.0,2579.0,3,Chikkamagaluru,Tomato,Karnataka,True,True
2022-09-20,chikkamagaluru,165.0,1428.0,1428.0,1850.0,2,Chikkamagaluru,Tomato,Karnataka,True,True
2022-09-21,chikkamagaluru,179.0,1568.0,950.0,2260.0,1,Chikkamagaluru,Tomato,Karnataka,True,True
2022-09-22,chikkamagaluru,181.0,1657.0,1189.0,2100.0,3,Chikkamagaluru,Tomato,Karnataka,True,True
2022-09-23,chikkamagaluru,205.0,1650.0,1189.0,2000.0,3,Chikkamagaluru,Tomato,Karnataka,True,True
2022-09-24,chikkamagaluru,205.0,1650.0,1189.0,2000.0,0,Chikkamagaluru,Tomato,Karnataka,False,False
2022-09-25,chikkamagaluru,205.0,1650.0,1189.0,2000.0,0,Chikkamagaluru,Tomato,Karnataka,False,False
2022-09-26,chikkamagaluru,245.0,1850.0,1333.0,2775.0,3,Chikkamagaluru,Tomato,Karnataka,True,True
2022-09-27,chikkamagaluru,231.0,1580.0,780.0,1900.0,1,Chikkamagaluru,Tomato,Karnataka,True,True
2022-09-28,chikkamagaluru,232.0,1650.0,1332.0,2081.0,3,Chikkamagaluru,Tomato,Karnataka,True,True
2022-09-29,chikkamagaluru,201.0,1365.5,1281.0,1619.0,3,Chikkamagaluru,Tomato,Karnataka,True,True
2022-09-30,chikkamagaluru,207.0,2208.0,2137.5,2931.0,2,Chikkamagaluru,Tomato,Karnataka,True,True
2022-10-01,chikkamagaluru,205.0,1427.0,880.0,1773.5,3,Chikkamagaluru,Tomato,Karnataka,True,True
2022-10-02,chikkamagaluru,205.0,1427.0,880.0,1773.5,0,Chikkamagaluru,Tomato,Karnataka,False,False
2022-10-03,chikkamagaluru,200.0,1563.0,1470.0,1950.0,3,Chikkamagaluru,Tomato,Karnataka,True,True
2022-10-04,chikkamagaluru,200.0,1563.0,1470.0,1950.0,0,Chikkamagaluru,Tomato,Karnataka,False,False
2022-10-05,chikkamagaluru,200.0,1563.0,1470.0,1950.0,0,Chikkamagaluru,Tomato,Karnataka,False,False
2022-10-06,chikkamagaluru,193.0,1890.0,1000.0,2777.0,3,Chikkamagaluru,Tomato,Karnataka,True,True
2022-10-07,chikkamagaluru,179.0,1905.0,1428.0,2600.0,3,Chikkamagaluru,Tomato,Karnataka,True,True
2022-10-08,chikkamagaluru,179.0,1905.0,1428.0,2600.0,0,Chikkamagaluru,Tomato,Karnataka,False,False
2022-10-09,chikkamagaluru,179.0,1905.0,1428.0,2600.0,0,Chikkamagaluru,Tomato,Karnataka,False,False
2022-10-10,chikkamagaluru,179.0,1950.0,1332.0,2777.0,3,Chikkamagaluru,Tomato,Karnataka,True,True
2022-10-11,chikkamagaluru,167.0,1859.0,1281.0,3046.0,3,Chikkamagaluru,Tomato,Karnataka,True,True
2022-10-12,chikkamagaluru,154.0,3376.0,3176.0,3576.0,2,Chikkamagaluru,Tomato,Karnataka,True,True
2022-10-13,chikkamagaluru,157.0,2005.0,1666.0,2500.0,3,Chikkamagaluru,Tomato,Karnataka,True,True
2022-10-14,chikkamagaluru,167.0,3531.0,3431.0,3631.0,2,Chikkamagaluru,Tomato,Karnataka,True,True
2022-10-15,chikkamagaluru,152.0,1732.0,1224.0,3286.5,2,Chikkamagaluru,Tomato,Karnataka,True,True
2022-10-16,chikkamagaluru,152.0,1732.0,1224.0,3286.5,0,Chikkamagaluru,Tomato,Karnataka,False,False
2022-10-17,chikkamagaluru,156.0,2599.5,2186.5,3254.5,2,Chikkamagaluru,Tomato,Karnataka,True,True
2022-10-18,chikkamagaluru,144.0,1667.0,1667.0,2090.5,3,Chikkamagaluru,Tomato,Karnataka,True,True
2022-10-19,chikkamagaluru,155.0,1680.0,1514.0,2100.0,3,Chikkamagaluru,Tomato,Karnataka,True,True
2022-10-20,chikkamagaluru,122.0,1648.0,1263.0,2065.5,2,Chikkamagaluru,Tomato,Karnataka,True,True
2022-10-21,chikkamagaluru,136.0,1735.0,1735.0,1984.0,3,Chikkamagaluru,Tomato,Karnataka,True,True
2022-10-22,chikkamagaluru,136.0,1735.0,1735.0,1984.0,0,Chikkamagaluru,Tomato,Karnataka,False,False
2022-10-23,chikkamagaluru,136.0,1735.0,1735.0,1984.0,0,Chikkamagaluru,Tomato,Karnataka,False,False
2022-10-24,chikkamagaluru,,1735.0,1735.0,1984.0,0,Chikkamagaluru,Tomato,Karnataka,False,False
2022-10-25,chikkamagaluru,179.0,1735.0,1388.0,3872.0,3,Chikkamagaluru,Tomato,Karnataka,True,True
2022-10-26,chikkamagaluru,179.0,1735.0,1388.0,3872.0,0,Chikkamagaluru,Tomato,Karnataka,False,False
2022-10-27,chikkamagaluru,159.0,1388.0,1332.0,1800.0,3,Chikkamagaluru,Tomato,Karnataka,True,True
2022-10-28,chikkamagaluru,144.0,1563.0,1563.0,1786.0,3,Chikkamagaluru,Tomato,Karnataka,True,True
2022-10-29,chikkamagaluru,137.0,1332.0,1332.0,1565.0,3,Chikkamagaluru,Tomato,Karnataka,True,True
2022-10-30,chikkamagaluru,137.0,1332.0,1332.0,1565.0,0,Chikkamagaluru,Tomato,Karnataka,False,False
2022-10-31,chikkamagaluru,148.0,1332.0,1281.0,1388.0,3,Chikkamagaluru,Tomato,Karnataka,True,True
2022-11-01,chikkamagaluru,148.0,1332.0,1281.0,1388.0,0,Chikkamagaluru,Tomato,Karnataka,False,False
2022-11-02,chikkamagaluru,159.0,2083.0,1190.0,2334.0,3,Chikkamagaluru,Tomato,Karnataka,True,True
2022-11-03,chikkamagaluru,143.0,1388.0,1190.0,2083.0,3,Chikkamagaluru,Tomato,Karnataka,True,True
2022-11-04,chikkamagaluru,162.0,1310.5,905.0,1591.5,2,Chikkamagaluru,Tomato,Karnataka,True,True
2022-11-05,chikkamagaluru,13.0,1527.5,1219.5,1836.0,2,Chikkamagaluru,Tomato,Karnataka,True,True
2022-11-06,chikkamagaluru,13.0,1527.5,1219.5,1836.0,0,Chikkamagaluru,Tomato,Karnataka,False,False
2022-11-07,chikkamagaluru,180.0,1442.0,1041.0,1642.0,3,Chikkamagaluru,Tomato,Karnataka,True,True
2022-11-08,chikkamagaluru,153.0,1319.0,1150.0,1558.0,2,Chikkamagaluru,Tomato,Karnataka,True,True
2022-11-09,chikkamagaluru,230.0,1190.0,1190.0,1666.0,1,Chikkamagaluru,Tomato,Karnataka,True,True
2022-11-10,chikkamagaluru,163.0,1105.0,1076.0,1550.0,3,Chikkamagaluru,Tomato,Karnataka,True,True
2022-11-11,chikkamagaluru,163.0,1105.0,1076.0,1550.0,0,Chikkamagaluru,Tomato,Karnataka,False,False
2022-11-12,chikkamagaluru,163.0,1105.0,1076.0,1550.0,0,Chikkamagaluru,Tomato,Karnataka,False,False
2022-11-13,chikkamagaluru,,1105.0,1076.0,1550.0,0,Chikkamagaluru,Tomato,Karnataka,False,False
2022-11-14,chikkamagaluru,300.0,1221.0,868.0,1488.0,2,Chikkamagaluru,Tomato,Karnataka,True,True
2022-11-15,chikkamagaluru,146.0,1340.5,1240.5,1458.0,3,Chikkamagaluru,Tomato,Karnataka,True,True
2022-11-16,chikkamagaluru,161.0,1027.5,927.5,1127.5,2,Chikkamagaluru,Tomato,Karnataka,True,True
2022-11-17,chikkamagaluru,145.0,937.5,692.5,1087.5,2,Chikkamagaluru,Tomato,Karnataka,True,True
2022-11-18,chikkamagaluru,157.0,972.0,872.0,1072.0,3,Chikkamagaluru,Tomato,Karnataka,True,True
2022-11-19,chikkamagaluru,151.0,909.0,909.0,909.0,1,Chikkamagaluru,Tomato,Karnataka,True,True
2022-11-20,chikkamagaluru,151.0,909.0,909.0,909.0,0,Chikkamagaluru,Tomato,Karnataka,False,False
2022-11-21,chikkamagaluru,192.0,982.0,882.0,1082.0,1,Chikkamagaluru,Tomato,Karnataka,True,True
2022-11-22,chikkamagaluru,140.0,752.0,552.0,952.0,3,Chikkamagaluru,Tomato,Karnataka,True,True
2022-11-23,chikkamagaluru,143.0,884.5,834.5,954.5,4,Chikkamagaluru,Tomato,Karnataka,True,True
2022-11-24,chikkamagaluru,123.0,751.0,751.0,1009.0,3,Chikkamagaluru,Tomato,Karnataka,True,True
2022-11-25,chikkamagaluru,145.0,987.0,828.0,1087.0,3,Chikkamagaluru,Tomato,Karnataka,True,True
2022-11-26,chikkamagaluru,145.0,987.0,828.0,1087.0,0,Chikkamagaluru,Tomato,Karnataka,False,False
2022-11-27,chikkamagaluru,145.0,987.0,828.0,1087.0,0,Chikkamagaluru,Tomato,Karnataka,False,False
2022-11-28,chikkamagaluru,266.0,750.0,480.0,920.0,2,Chikkamagaluru,Tomato,Karnataka,True,True
2022-11-29,chikkamagaluru,139.0,750.0,536.0,1000.0,3,Chikkamagaluru,Tomato,Karnataka,True,True
2022-11-30,chikkamagaluru,133.0,749.0,649.0,950.0,3,Chikkamagaluru,Tomato,Karnataka,True,True
2022-12-01,chikkamagaluru,122.0,833.0,833.0,1080.0,3,Chikkamagaluru,Tomato,Karnataka,True,True
2022-12-02,chikkamagaluru,149.0,773.0,654.5,1014.5,3,Chikkamagaluru,Tomato,Karnataka,True,True
2022-12-03,chikkamagaluru,117.0,1041.0,694.0,1171.0,3,Chikkamagaluru,Tomato,Karnataka,True,True
2022-12-04,chikkamagaluru,117.0,1041.0,694.0,1171.0,0,Chikkamagaluru,Tomato,Karnataka,False,False
2022-12-05,chikkamagaluru,163.0,769.0,555.0,1180.5,3,Chikkamagaluru,Tomato,Karnataka,True,True
2022-12-06,chikkamagaluru,105.0,833.0,833.0,833.0,2,Chikkamagaluru,Tomato,Karnataka,True,True
2022-12-07,chikkamagaluru,116.0,715.0,666.0,950.0,3,Chikkamagaluru,Tomato,Karnataka,True,True
2022-12-08,chikkamagaluru,101.0,970.0,795.0,1125.0,2,Chikkamagaluru,Tomato,Karnataka,True,True
2022-12-09,chikkamagaluru,99.0,1107.5,988.0,1203.5,2,Chikkamagaluru,Tomato,Karnataka,True,True
2022-12-10,chikkamagaluru,99.0,1107.5,988.0,1203.5,0,Chikkamagaluru,Tomato,Karnataka,False,False
2022-12-11,chikkamagaluru,99.0,1107.5,988.0,1203.5,0,Chikkamagaluru,Tomato,Karnataka,False,False
2022-12-12,chikkamagaluru,163.0,1697.0,1647.0,1747.0,2,Chikkamagaluru,Tomato,Karnataka,True,True
2022-12-13,chikkamagaluru,109.0,850.0,833.0,1100.0,3,Chikkamagaluru,Tomato,Karnataka,True,True
2022-12-14,chikkamagaluru,127.0,1319.5,1165.5,1444.0,2,Chikkamagaluru,Tomato,Karnataka,True,True
2022-12-15,chikkamagaluru,118.0,1290.0,1190.0,1390.0,2,Chikkamagaluru,Tomato,Karnataka,True,True
2022-12-16,chikkamagaluru,140.0,862.0,862.0,1388.0,3,Chikkamagaluru,Tomato,Karnataka,True,True
2022-12-17,chikkamagaluru,130.0,833.0,833.0,1000.0,3,Chikkamagaluru,Tomato,Karnataka,True,True
2022-12-18,chikkamagaluru,130.0,833.0,833.0,1000.0,0,Chikkamagaluru,Tomato,Karnataka,False,False
2022-12-19,chikkamagaluru,143.0,900.0,560.0,1200.0,2,Chikkamagaluru,Tomato,Karnataka,True,True
2022-12-20,chikkamagaluru,110.0,1000.0,757.0,1300.0,3,Chikkamagaluru,Tomato,Karnataka,True,True
2022-12-21,chikkamagaluru,115.0,1112.0,1112.0,1300.0,3,Chikkamagaluru,Tomato,Karnataka,True,True
2022-12-22,chikkamagaluru,93.0,876.0,876.0,1450.0,3,Chikkamagaluru,Tomato,Karnataka,True,True
2022-12-23,chikkamagaluru,124.0,1104.5,914.0,1379.5,3,Chikkamagaluru,Tomato,Karnataka,True,True
2022-12-24,chikkamagaluru,124.0,1104.5,914.0,1379.5,0,Chikkamagaluru,Tomato,Karnataka,False,False
2022-12-25,chikkamagaluru,124.0,1104.5,914.0,1379.5,0,Chikkamagaluru,Tomato,Karnataka,False,False
2022-12-26,chikkamagaluru,139.0,910.0,724.0,1294.0,3,Chikkamagaluru,Tomato,Karnataka,True,True
2022-12-27,chikkamagaluru,91.0,1666.0,1666.0,1851.0,1,Chikkamagaluru,Tomato,Karnataka,True,True
2022-12-28,chikkamagaluru,116.0,1093.0,863.0,1293.0,3,Chikkamagaluru,Tomato,Karnataka,True,True
2022-12-29,chikkamagaluru,93.0,850.0,833.0,1242.0,3,Chikkamagaluru,Tomato,Karnataka,True,True
2022-12-30,chikkamagaluru,107.0,1013.5,950.0,1267.0,3,Chikkamagaluru,Tomato,Karnataka,True,True
2022-12-31,chikkamagaluru,99.0,1056.5,852.5,1272.0,3,Chikkamagaluru,Tomato,Karnataka,True,True
2023-01-01,chikkamagaluru,99.0,1056.5,852.5,1272.0,0,Chikkamagaluru,Tomato,Karnataka,False,False
2023-01-02,chikkamagaluru,108.0,1146.0,769.0,1246.0,3,Chikkamagaluru,Tomato,Karnataka,True,True
2023-01-03,chikkamagaluru,79.0,1111.0,911.0,1211.0,3,Chikkamagaluru,Tomato,Karnataka,True,True
2023-01-04,chikkamagaluru,103.0,960.5,910.5,1440.5,2,Chikkamagaluru,Tomato,Karnataka,True,True
2023-01-05,chikkamagaluru,72.0,930.0,600.0,1200.0,2,Chikkamagaluru,Tomato,Karnataka,True,True
2023-01-06,chikkamagaluru,77.0,876.0,876.0,1666.0,1,Chikkamagaluru,Tomato,Karnataka,True,True
2023-01-07,chikkamagaluru,87.0,925.0,757.0,1388.0,3,Chikkamagaluru,Tomato,Karnataka,True,True
2023-01-08,chikkamagaluru,87.0,925.0,757.0,1388.0,0,Chikkamagaluru,Tomato,Karnataka,False,False
2023-01-09,chikkamagaluru,112.0,1041.0,793.0,1407.0,3,Chikkamagaluru,Tomato,Karnataka,True,True
2023-01-10,chikkamagaluru,105.0,950.0,793.0,1200.0,3,Chikkamagaluru,Tomato,Karnataka,True,True
2023-01-11,chikkamagaluru,127.0,1220.0,800.0,1600.0,1,Chikkamagaluru,Tomato,Karnataka,True,True
2023-01-12,chikkamagaluru,79.0,1090.0,900.0,1090.0,3,Chikkamagaluru,Tomato,Karnataka,True,True
2023-01-13,chikkamagaluru,85.0,1318.0,1200.0,1418.0,3,Chikkamagaluru,Tomato,Karnataka,True,True
2023-01-14,chikkamagaluru,85.0,1318.0,1200.0,1418.0,0,Chikkamagaluru,Tomato,Karnataka,False,False
2023-01-15,chikkamagaluru,85.0,1318.0,1200.0,1418.0,0,Chikkamagaluru,Tomato,Karnataka,False,False
2023-01-16,chikkamagaluru,48.0,1293.5,1109.5,1764.0,2,Chikkamagaluru,Tomato,Karnataka,True,True
2023-01-17,chikkamagaluru,47.0,1520.0,1000.0,1800.0,1,Chikkamagaluru,Tomato,Karnataka,True,True
2023-01-18,chikkamagaluru,57.0,1650.0,1110.0,1900.0,3,Chikkamagaluru,Tomato,Karnataka,True,True
2023-01-19,chikkamagaluru,43.0,1700.0,1388.0,2000.0,3,Chikkamagaluru,Tomato,Karnataka,True,True
2023-01-20,chikkamagaluru,44.0,1665.0,1665.0,1800.0,3,Chikkamagaluru,Tomato,Karnataka,True,True
2023-01-21,chikkamagaluru,44.0,1923.0,1723.0,2123.0,1,Chikkamagaluru,Tomato,Karnataka,True,True
2023-01-22,chikkamagaluru,44.0,1923.0,1723.0,2123.0,0,Chikkamagaluru,Tomato,Karnataka,False,False
2023-01-23,chikkamagaluru,42.0,1665.0,1388.0,1850.0,1,Chikkamagaluru,Tomato,Karnataka,True,True
2023-01-24,chikkamagaluru,38.0,1665.0,1665.0,2081.0,3,Chikkamagaluru,Tomato,Karnataka,True,True
2023-01-25,chikkamagaluru,51.0,1842.0,1642.0,2042.0,3,Chikkamagaluru,Tomato,Karnataka,True,True
2023-01-26,chikkamagaluru,51.0,1842.0,1642.0,2042.0,0,Chikkamagaluru,Tomato,Karnataka,False,False
2023-01-27,chikkamagaluru,13.0,1639.5,1400.5,1831.5,2,Chikkamagaluru,Tomato,Karnataka,True,True
2023-01-28,chikkamagaluru,13.0,1639.5,1400.5,1831.5,0,Chikkamagaluru,Tomato,Karnataka,False,False
2023-01-29,chikkamagaluru,13.0,1639.5,1400.5,1831.5,0,Chikkamagaluru,Tomato,Karnataka,False,False
2023-01-30,chikkamagaluru,42.0,1388.0,909.0,1794.0,3,Chikkamagaluru,Tomato,Karnataka,True,True
2023-01-31,chikkamagaluru,10.0,920.5,820.5,1144.0,2,Chikkamagaluru,Tomato,Karnataka,True,True
2023-02-01,chikkamagaluru,40.0,1041.0,1041.0,1112.0,1,Chikkamagaluru,Tomato,Karnataka,True,True
2023-02-02,chikkamagaluru,13.0,1278.0,1278.0,1398.0,2,Chikkamagaluru,Tomato,Karnataka,True,True
2023-02-03,chikkamagaluru,31.0,1041.0,1041.0,1281.0,3,Chikkamagaluru,Tomato,Karnataka,True,True
2023-02-04,chikkamagaluru,20.0,990.5,965.5,1090.5,2,Chikkamagaluru,Tomato,Karnataka,True,True
2023-02-05,chikkamagaluru,9.0,900.0,750.0,1000.0,1,Chikkamagaluru,Tomato,Karnataka,True,True
2023-02-06,chikkamagaluru,35.0,1110.0,909.0,1882.5,3,Chikkamagaluru,Tomato,Karnataka,True,True
2023-02-07,chikkamagaluru,12.0,1450.0,1450.0,1450.0,3,Chikkamagaluru,Tomato,Karnataka,True,True
2023-02-08,chikkamagaluru,38.0,1005.0,955.0,1094.5,2,Chikkamagaluru,Tomato,Karnataka,True,True
2023-02-09,chikkamagaluru,20.0,984.0,934.0,1034.0,2,Chikkamagaluru,Tomato,Karnataka,True,True
2023-02-10,chikkamagaluru,44.0,1172.0,1034.5,1574.5,2,Chikkamagaluru,Tomato,Karnataka,True,True
2023-02-11,chikkamagaluru,10.0,800.0,600.0,900.0,1,Chikkamagaluru,Tomato,Karnataka,True,True
2023-02-12,chikkamagaluru,10.0,900.0,800.0,1000.0,1,Chikkamagaluru,Tomato,Karnataka,True,True
2023-02-13,chikkamagaluru,44.0,1567.0,1417.0,1767.0,2,Chikkamagaluru,Tomato,Karnataka,True,True
2023-02-14,chikkamagaluru,16.0,904.5,854.5,1000.0,3,Chikkamagaluru,Tomato,Karnataka,True,True
2023-02-15,chikkamagaluru,28.0,1955.0,1855.0,2055.0,2,Chikkamagaluru,Tomato,Karnataka,True,True
2023-02-16,chikkamagaluru,13.0,1388.0,1388.0,1388.0,3,Chikkamagaluru,Tomato,Karnataka,True,True
2023-02-17,chikkamagaluru,29.0,909.0,909.0,1388.0,3,Chikkamagaluru,Tomato,Karnataka,True,True
2023-02-18,chikkamagaluru,29.0,909.0,909.0,1388.0,0,Chikkamagaluru,Tomato,Karnataka,False,False
2023-02-19,chikkamagaluru,9.0,800.0,600.0,900.0,1,Chikkamagaluru,Tomato,Karnataka,True,True
2023-02-20,chikkamagaluru,39.0,1900.5,1730.5,2004.0,2,Chikkamagaluru,Tomato,Karnataka,True,True
2023-02-21,chikkamagaluru,14.0,1852.0,1852.0,1852.0,1,Chikkamagaluru,Tomato,Karnataka,True,True
2023-02-22,chikkamagaluru,18.0,1388.0,1388.0,1388.0,3,Chikkamagaluru,Tomato,Karnataka,True,True
2023-02-23,chikkamagaluru,14.0,1388.0,1083.0,1666.0,2,Chikkamagaluru,Tomato,Karnataka,True,True
2023-02-24,chikkamagaluru,24.0,1332.5,970.5,1583.0,3,Chikkamagaluru,Tomato,Karnataka,True,True
2023-02-25,chikkamagaluru,9.0,800.0,600.0,900.0,1,Chikkamagaluru,Tomato,Karnataka,True,True
2023-02-26,chikkamagaluru,8.0,800.0,700.0,900.0,1,Chikkamagaluru,Tomato,Karnataka,True,True
2023-02-27,chikkamagaluru,39.0,1388.0,1041.0,1666.0,3,Chikkamagaluru,Tomato,Karnataka,True,True
2023-02-28,chikkamagaluru,15.0,800.0,600.0,900.0,2,Chikkamagaluru,Tomato,Karnataka,True,True
2023-03-01,chikkamagaluru,27.0,1222.0,1022.0,1422.0,3,Chikkamagaluru,Tomato,Karnataka,True,True
2023-03-02,chikkamagaluru,14.0,1388.0,1388.0,1665.0,3,Chikkamagaluru,Tomato,Karnataka,True,True
2023-03-03,chikkamagaluru,29.0,1332.0,1041.0,1388.0,3,Chikkamagaluru,Tomato,Karnataka,True,True
2023-03-04,chikkamagaluru,23.0,1041.0,1041.0,1388.0,3,Chikkamagaluru,Tomato,Karnataka,True,True
2023-03-05,chikkamagaluru,10.0,850.0,750.0,1000.0,1,Chikkamagaluru,Tomato,Karnataka,True,True
2023-03-06,chikkamagaluru,36.0,1980.0,1880.0,2080.0,1,Chikkamagaluru,Tomato,Karnataka,True,True
2023-03-07,chikkamagaluru,15.0,1343.0,1293.0,1393.0,2,Chikkamagaluru,Tomato,Karnataka,True,True
2023-03-08,chikkamagaluru,28.0,1190.0,1190.0,1388.0,3,Chikkamagaluru,Tomato,Karnataka,True,True
2023-03-09,chikkamagaluru,14.0,1282.5,1232.5,1425.0,3,Chikkamagaluru,Tomato,Karnataka,True,True
2023-03-10,chikkamagaluru,37.0,1332.0,1332.0,1388.0,1,Chikkamagaluru,Tomato,Karnataka,True,True
2023-03-11,chikkamagaluru,12.0,900.0,800.0,1000.0,1,Chikkamagaluru,Tomato,Karnataka,True,True
2023-03-12,chikkamagaluru,13.0,1000.0,800.0,1200.0,1,Chikkamagaluru,Tomato,Karnataka,True,True
2023-03-13,chikkamagaluru,36.0,1742.5,1404.5,2050.5,2,Chikkamagaluru,Tomato,Karnataka,True,True
2023-03-14,chikkamagaluru,10.0,1605.5,1605.5,1605.5,2,Chikkamagaluru,Tomato,Karnataka,True,True
2023-03-15,chikkamagaluru,14.0,1458.5,1259.0,1905.0,2,Chikkamagaluru,Tomato,Karnataka,True,True
2023-03-16,chikkamagaluru,7.0,1812.0,1612.0,2012.0,2,Chikkamagaluru,Tomato,Karnataka,True,True
2023-03-17,chikkamagaluru,24.0,1250.0,1250.0,1665.0,2,Chikkamagaluru,Tomato,Karnataka,True,True
2023-03-18,chikkamagaluru,10.0,1515.0,1315.0,1715.0,1,Chikkamagaluru,Tomato,Karnataka,True,True
2023-03-19,chikkamagaluru,10.0,1515.0,1315.0,1715.0,0,Chikkamagaluru,Tomato,Karnataka,False,False
2023-03-20,chikkamagaluru,35.0,1442.0,1168.5,1748.0,2,Chikkamagaluru,Tomato,Karnataka,True,True
2023-03-21,chikkamagaluru,7.0,887.5,887.5,1165.0,2,Chikkamagaluru,Tomato,Karnataka,True,True
2023-03-22,chikkamagaluru,7.0,887.5,887.5,1165.0,0,Chikkamagaluru,Tomato,Karnataka,False,False
2023-03-23,chikkamagaluru,36.0,1246.5,1080.5,1382.0,2,Chikkamagaluru,Tomato,Karnataka,True,True
2023-03-24,chikkamagaluru,13.0,694.0,694.0,1110.0,2,Chikkamagaluru,Tomato,Karnataka,True,True
2023-03-25,chikkamagaluru,13.0,694.0,694.0,1110.0,0,Chikkamagaluru,Tomato,Karnataka,False,False
2023-03-26,chikkamagaluru,13.0,694.0,694.0,1110.0,0,Chikkamagaluru,Tomato,Karnataka,False,False
2023-03-27,chikkamagaluru,69.0,694.0,694.0,1110.0,0,Chikkamagaluru,Tomato,Karnataka,True,False
2023-03-28,chikkamagaluru,19.0,925.0,925.0,925.0,2,Chikkamagaluru,Tomato,Karnataka,True,True
2023-03-29,chikkamagaluru,61.0,1015.0,815.0,1215.0,3,Chikkamagaluru,Tomato,Karnataka,True,True
2023-03-30,chikkamagaluru,17.0,869.0,819.0,951.0,2,Chikkamagaluru,Tomato,Karnataka,True,True
2023-03-31,chikkamagaluru,26.0,935.0,797.0,1139.0,2,Chikkamagaluru,Tomato,Karnataka,True,True
2023-04-01,chikkamagaluru,37.0,1106.0,1006.0,1206.0,2,Chikkamagaluru,Tomato,Karnataka,True,True
2023-04-02,chikkamagaluru,2.0,250.0,150.0,400.0,1,Chikkamagaluru,Tomato,Karnataka,True,True
2023-04-03,chikkamagaluru,40.0,1032.0,832.0,1232.0,2,Chikkamagaluru,Tomato,Karnataka,True,True
2023-04-04,chikkamagaluru,30.0,300.0,250.0,350.0,1,Chikkamagaluru,Tomato,Karnataka,True,True
2023-04-05,chikkamagaluru,85.0,690.0,690.0,690.0,3,Chikkamagaluru,Tomato,Karnataka,True,True
2023-04-06,chikkamagaluru,47.0,524.5,484.5,559.5,3,Chikkamagaluru,Tomato,Karnataka,True,True
2023-04-07,chikkamagaluru,25.0,350.0,300.0,400.0,1,Chikkamagaluru,Tomato,Karnataka,True,True
2023-04-08,chikkamagaluru,10.0,900.0,800.0,1000.0,1,Chikkamagaluru,Tomato,Karnataka,True,True
2023-04-09,chikkamagaluru,15.0,1350.0,1000.0,1500.0,1,Chikkamagaluru,Tomato,Karnataka,True,True
2023-04-10,chikkamagaluru,95.0,702.5,517.5,892.5,2,Chikkamagaluru,Tomato,Karnataka,True,True
2023-04-11,chikkamagaluru,31.0,788.0,563.0,1013.0,2,Chikkamagaluru,Tomato,Karnataka,True,True
2023-04-12,chikkamagaluru,52.0,793.5,581.0,1006.0,2,Chikkamagaluru,Tomato,Karnataka,True,True
2023-04-13,chikkamagaluru,20.0,595.0,495.0,700.0,2,Chikkamagaluru,Tomato,Karnataka,True,True
2023-04-14,chikkamagaluru,18.0,800.0,500.0,1000.0,1,Chikkamagaluru,Tomato,Karnataka,True,True
2023-04-15,chikkamagaluru,78.0,946.0,887.0,951.0,3,Chikkamagaluru,Tomato,Karnataka,True,True
2023-04-16,chikkamagaluru,20.0,420.0,350.0,500.0,1,Chikkamagaluru,Tomato,Karnataka,True,True
2023-04-17,chikkamagaluru,88.0,833.0,769.0,1000.0,3,Chikkamagaluru,Tomato,Karnataka,True,True
2023-04-18,chikkamagaluru,41.0,917.5,817.5,1141.5,3,Chikkamagaluru,Tomato,Karnataka,True,True
2023-04-19,chikkamagaluru,77.0,578.0,490.0,696.5,2,Chikkamagaluru,Tomato,Karnataka,True,True
2023-04-20,chikkamagaluru,43.0,527.0,472.0,684.5,2,Chikkamagaluru,Tomato,Karnataka,True,True
2023-04-21,chikkamagaluru,46.0,925.0,825.0,1041.0,3,Chikkamagaluru,Tomato,Karnataka,True,True
2023-04-22,chikkamagaluru,26.0,450.0,280.0,600.0,1,Chikkamagaluru,Tomato,Karnataka,True,True
2023-04-23,chikkamagaluru,25.0,450.0,300.0,500.0,1,Chikkamagaluru,Tomato,Karnataka,True,True
2023-04-24,chikkamagaluru,70.0,656.5,472.0,820.5,3,Chikkamagaluru,Tomato,Karnataka,True,True
2023-04-25,chikkamagaluru,52.0,1034.0,798.0,1307.5,2,Chikkamagaluru,Tomato,Karnataka,True,True
2023-04-26,chikkamagaluru,92.0,781.0,537.0,1041.0,3,Chikkamagaluru,Tomato,Karnataka,True,True
2023-04-27,chikkamagaluru,54.0,769.0,677.0,833.0,3,Chikkamagaluru,Tomato,Karnataka,True,True
2023-04-28,chikkamagaluru,75.0,714.0,693.0,833.0,3,Chikkamagaluru,Tomato,Karnataka,True,True
2023-04-29,chikkamagaluru,72.0,769.0,769.0,1041.0,3,Chikkamagaluru,Tomato,Karnataka,True,True
2023-04-30,chikkamagaluru,41.0,420.0,380.0,540.0,1,Chikkamagaluru,Tomato,Karnataka,True,True
2023-05-01,chikkamagaluru,41.0,420.0,380.0,540.0,0,Chikkamagaluru,Tomato,Karnataka,False,False
2023-05-02,chikkamagaluru,35.0,868.0,797.5,967.0,2,Chikkamagaluru,Tomato,Karnataka,True,True
2023-05-03,chikkamagaluru,33.0,833.0,833.0,833.0,1,Chikkamagaluru,Tomato,Karnataka,True,True
2023-05-04,chikkamagaluru,14.0,962.5,870.0,1095.0,2,Chikkamagaluru,Tomato,Karnataka,True,True
2023-05-05,chikkamagaluru,37.0,905.5,855.5,955.5,2,Chikkamagaluru,Tomato,Karnataka,True,True
2023-05-06,chikkamagaluru,27.0,1124.0,1024.0,1224.0,1,Chikkamagaluru,Tomato,Karnataka,True,True
2023-05-07,chikkamagaluru,27.0,1124.0,1024.0,1224.0,0,Chikkamagaluru,Tomato,Karnataka,False,False
2023-05-08,chikkamagaluru,24.0,1146.0,846.0,1346.0,1,Chikkamagaluru,Tomato,Karnataka,True,True
2023-05-09,chikkamagaluru,18.0,924.0,824.0,1037.0,2,Chikkamagaluru,Tomato,Karnataka,True,True
2023-05-10,chikkamagaluru,26.0,1094.0,894.0,1294.0,1,Chikkamagaluru,Tomato,Karnataka,True,True
2023-05-11,chikkamagaluru,16.0,1111.0,1111.0,1111.0,1,Chikkamagaluru,Tomato,Karnataka,True,True
2023-05-12,chikkamagaluru,25.0,1040.0,940.0,1140.0,2,Chikkamagaluru,Tomato,Karnataka,True,True
2023-05-13,chikkamagaluru,25.0,1040.0,940.0,1140.0,0,Chikkamagaluru,Tomato,Karnataka,False,False
2023-05-14,chikkamagaluru,25.0,1040.0,940.0,1140.0,0,Chikkamagaluru,Tomato,Karnataka,False,False
2023-05-15,chikkamagaluru,46.0,1379.0,1179.0,1579.0,1,Chikkamagaluru,Tomato,Karnataka,True,True
2023-05-16,chikkamagaluru,7.0,1091.5,1091.5,1300.0,2,Chikkamagaluru,Tomato,Karnataka,True,True
2023-05-17,chikkamagaluru,18.0,1482.0,1382.0,1582.0,1,Chikkamagaluru,Tomato,Karnataka,True,True
2023-05-18,chikkamagaluru,11.0,1041.0,1041.0,1250.0,2,Chikkamagaluru,Tomato,Karnataka,True,True
2023-05-19,chikkamagaluru,26.0,1239.5,1035.5,1651.5,2,Chikkamagaluru,Tomato,Karnataka,True,True
2023-05-20,chikkamagaluru,21.0,1258.0,1081.0,1557.5,2,Chikkamagaluru,Tomato,Karnataka,True,True
2023-05-21,chikkamagaluru,21.0,1258.0,1081.0,1557.5,0,Chikkamagaluru,Tomato,Karnataka,False,False
2023-05-22,chikkamagaluru,30.0,1405.0,1205.0,1605.0,2,Chikkamagaluru,Tomato,Karnataka,True,True
2023-05-23,chikkamagaluru,8.0,1083.5,1083.5,1292.0,2,Chikkamagaluru,Tomato,Karnataka,True,True
2023-05-24,chikkamagaluru,32.0,1406.0,1206.0,1606.0,2,Chikkamagaluru,Tomato,Karnataka,True,True
2023-05-25,chikkamagaluru,19.0,972.0,922.0,1160.5,2,Chikkamagaluru,Tomato,Karnataka,True,True
2023-05-26,chikkamagaluru,29.0,1105.0,865.5,1315.0,2,Chikkamagaluru,Tomato,Karnataka,True,True
2023-05-27,chikkamagaluru,29.0,1105.0,865.5,1315.0,0,Chikkamagaluru,Tomato,Karnataka,False,False
2023-05-28,chikkamagaluru,29.0,1105.0,865.5,1315.0,0,Chikkamagaluru,Tomato,Karnataka,False,False
2023-05-29,chikkamagaluru,73.0,833.0,694.0,1388.0,1,Chikkamagaluru,Tomato,Karnataka,True,True
2023-05-30,chikkamagaluru,11.0,1138.0,1038.0,1238.0,2,Chikkamagaluru,Tomato,Karnataka,True,True
2023-05-31,chikkamagaluru,26.0,1176.0,1026.0,1226.0,2,Chikkamagaluru,Tomato,Karnataka,True,True
2023-06-01,chikkamagaluru,50.0,931.0,822.5,1075.0,3,Chikkamagaluru,Tomato,Karnataka,True,True
2023-06-02,chikkamagaluru,45.0,1189.0,1189.0,1388.0,3,Chikkamagaluru,Tomato,Karnataka,True,True
2023-06-03,chikkamagaluru,54.0,1304.5,1054.5,1504.5,2,Chikkamagaluru,Tomato,Karnataka,True,True
2023-06-04,chikkamagaluru,34.0,800.0,600.0,1100.0,1,Chikkamagaluru,Tomato,Karnataka,True,True
2023-06-05,chikkamagaluru,27.0,1579.5,1499.0,1698.5,2,Chikkamagaluru,Tomato,Karnataka,True,True
2023-06-06,chikkamagaluru,38.0,1496.5,1326.5,1646.5,2,Chikkamagaluru,Tomato,Karnataka,True,True
2023-06-07,chikkamagaluru,61.0,1388.0,1316.0,1665.0,3,Chikkamagaluru,Tomato,Karnataka,True,True
2023-06-08,chikkamagaluru,42.0,1514.0,1041.0,1665.0,3,Chikkamagaluru,Tomato,Karnataka,True,True
2023-06-09,chikkamagaluru,60.0,1316.0,1316.0,1665.0,3,Chikkamagaluru,Tomato,Karnataka,True,True
2023-06-10,chikkamagaluru,60.0,1316.0,1316.0,1665.0,0,Chikkamagaluru,Tomato,Karnataka,False,False
2023-06-11,chikkamagaluru,38.0,850.0,600.0,1150.0,1,Chikkamagaluru,Tomato,Karnataka,True,True
2023-06-12,chikkamagaluru,76.0,1816.0,1695.5,2034.0,3,Chikkamagaluru,Tomato,Karnataka,True,True
2023-06-13,chikkamagaluru,45.0,1813.0,1763.0,1863.0,3,Chikkamagaluru,Tomato,Karnataka,True,True
2023-06-14,chikkamagaluru,67.0,1250.0,1190.0,1429.0,2,Chikkamagaluru,Tomato,Karnataka,True,True
2023-06-15,chikkamagaluru,56.0,1666.0,1429.0,2083.0,3,Chikkamagaluru,Tomato,Karnataka,True,True
2023-06-16,chikkamagaluru,57.0,1667.0,1667.0,1667.0,3,Chikkamagaluru,Tomato,Karnataka,True,True
2023-06-17,chikkamagaluru,56.0,1307.5,1056.5,1408.0,2,Chikkamagaluru,Tomato,Karnataka,True,True
2023-06-18,chikkamagaluru,41.0,800.0,580.0,1000.0,1,Chikkamagaluru,Tomato,Karnataka,True,True
2023-06-19,chikkamagaluru,63.0,2500.0,1387.0,3000.0,2,Chikkamagaluru,Tomato,Karnataka,True,True
2023-06-20,chikkamagaluru,52.0,1666.0,1388.0,2330.0,3,Chikkamagaluru,Tomato,Karnataka,True,True
2023-06-21,chikkamagaluru,61.0,2000.0,2000.0,2000.0,3,Chikkamagaluru,Tomato,Karnataka,True,True
2023-06-22,chikkamagaluru,49.0,1332.0,1332.0,1387.0,1,Chikkamagaluru,Tomato,Karnataka,True,True
2023-06-23,chikkamagaluru,77.0,2500.0,2500.0,2500.0,3,Chikkamagaluru,Tomato,Karnataka,True,True
2023-06-24,chikkamagaluru,77.0,2500.0,2500.0,2500.0,0,Chikkamagaluru,Tomato,Karnataka,False,False
2023-06-25,chikkamagaluru,46.0,1100.0,600.0,1300.0,1,Chikkamagaluru,Tomato,Karnataka,True,True
2023-06-26,chikkamagaluru,71.0,1850.0,1388.0,2800.0,3,Chikkamagaluru,Tomato,Karnataka,True,True
2023-06-27,chikkamagaluru,49.0,3581.5,3134.5,4078.5,3,Chikkamagaluru,Tomato,Karnataka,True,True
2023-06-28,chikkamagaluru,72.0,3015.0,2082.0,3215.0,3,Chikkamagaluru,Tomato,Karnataka,True,True
2023-06-29,chikkamagaluru,42.0,1000.0,600.0,1300.0,1,Chikkamagaluru,Tomato,Karnataka,True,True
2023-06-30,chikkamagaluru,66.0,3306.5,2378.0,4516.5,3,Chikkamagaluru,Tomato,Karnataka,True,True
2023-07-01,chikkamagaluru,61.0,3901.0,3801.0,4001.0,1,Chikkamagaluru,Tomato,Karnataka,True,True
2023-07-02,chikkamagaluru,45.0,4550.0,1600.0,7500.0,1,Chikkamagaluru,Tomato,Karnataka,True,True
2023-07-03,chikkamagaluru,79.0,4600.0,1200.0,8000.0,1,Chikkamagaluru,Tomato,Karnataka,True,True
2023-07-04,chikkamagaluru,64.0,4350.0,3330.0,7500.0,3,Chikkamagaluru,Tomato,Karnataka,True,True
2023-07-05,chikkamagaluru,75.0,5330.0,2378.0,8330.0,2,Chikkamagaluru,Tomato,Karnataka,True,True
2023-07-06,chikkamagaluru,75.0,5953.5,3786.0,8165.0,3,Chikkamagaluru,Tomato,Karnataka,True,True
2023-07-07,chikkamagaluru,74.0,4434.5,4333.0,5227.0,2,Chikkamagaluru,Tomato,Karnataka,True,True
2023-07-08,chikkamagaluru,65.0,4000.0,1200.0,6800.0,1,Chikkamagaluru,Tomato,Karnataka,True,True
2023-07-09,chikkamagaluru,70.0,4300.0,1100.0,7500.0,1,Chikkamagaluru,Tomato,Karnataka,True,True
2023-07-10,chikkamagaluru,89.0,5550.0,2378.0,6500.0,3,Chikkamagaluru,Tomato,Karnataka,True,True
2023-07-11,chikkamagaluru,74.0,6660.0,6660.0,6660.0,3,Chikkamagaluru,Tomato,Karnataka,True,True
2023-07-12,chikkamagaluru,66.0,6040.0,4720.0,7980.0,3,Chikkamagaluru,Tomato,Karnataka,True,True
2023-07-13,chikkamagaluru,58.0,5950.0,5950.0,7657.0,3,Chikkamagaluru,Tomato,Karnataka,True,True
2023-07-14,chikkamagaluru,67.0,5200.0,1300.0,7000.0,1,Chikkamagaluru,Tomato,Karnataka,True,True
2023-07-15,chikkamagaluru,61.0,6200.0,5950.0,7000.0,3,Chikkamagaluru,Tomato,Karnataka,True,True
2023-07-16,chikkamagaluru,57.0,5600.0,1200.0,7000.0,1,Chikkamagaluru,Tomato,Karnataka,True,True
2023-07-17,chikkamagaluru,68.0,6000.0,3425.0,7690.5,3,Chikkamagaluru,Tomato,Karnataka,True,True
2023-07-18,chikkamagaluru,64.0,7143.0,5550.0,7878.0,3,Chikkamagaluru,Tomato,Karnataka,True,True
2023-07-19,chikkamagaluru,75.0,7143.0,5000.0,7477.0,3,Chikkamagaluru,Tomato,Karnataka,True,True
2023-07-20,chikkamagaluru,64.0,7143.0,5550.0,7819.0,3,Chikkamagaluru,Tomato,Karnataka,True,True
2023-07-21,chikkamagaluru,78.0,7408.0,7208.0,7608.0,1,Chikkamagaluru,Tomato,Karnataka,True,True
2023-07-22,chikkamagaluru,70.0,7408.0,7208.0,7608.0,0,Chikkamagaluru,Tomato,Karnataka,True,False
2023-07-23,chikkamagaluru,80.0,1200.0,1000.0,1300.0,1,Chikkamagaluru,Tomato,Karnataka,True,True
2023-07-24,chikkamagaluru,67.0,1400.0,800.0,1800.0,2,Chikkamagaluru,Tomato,Karnataka,True,True
2023-07-25,chikkamagaluru,31.0,6250.0,5550.0,8225.0,3,Chikkamagaluru,Tomato,Karnataka,True,True
2023-07-26,chikkamagaluru,39.0,7500.0,7143.0,8330.0,3,Chikkamagaluru,Tomato,Karnataka,True,True
2023-07-27,chikkamagaluru,43.0,7143.0,6660.0,8330.0,3,Chikkamagaluru,Tomato,Karnataka,True,True
2023-07-28,chikkamagaluru,37.0,8325.0,5550.0,8330.0,3,Chikkamagaluru,Tomato,Karnataka,True,True
2023-07-29,chikkamagaluru,25.0,1475.0,850.0,2100.0,1,Chikkamagaluru,Tomato,Karnataka,True,True
2023-07-30,chikkamagaluru,20.0,1500.0,850.0,2100.0,1,Chikkamagaluru,Tomato,Karnataka,True,True
2023-07-31,chikkamagaluru,43.0,7500.0,4165.0,8330.0,2,Chikkamagaluru,Tomato,Karnataka,True,True
2023-08-01,chikkamagaluru,27.0,8334.0,8330.0,10000.0,3,Chikkamagaluru,Tomato,Karnataka,True,True
2023-08-02,chikkamagaluru,48.0,4271.0,2432.5,5262.5,2,Chikkamagaluru,Tomato,Karnataka,True,True
2023-08-03,chikkamagaluru,52.0,7143.0,5550.0,8330.0,3,Chikkamagaluru,Tomato,Karnataka,True,True
2023-08-04,chikkamagaluru,69.0,1200.0,650.0,1600.0,2,Chikkamagaluru,Tomato,Karnataka,True,True
2023-08-05,chikkamagaluru,58.0,1200.0,600.0,1500.0,1,Chikkamagaluru,Tomato,Karnataka,True,True
2023-08-06,chikkamagaluru,46.0,1100.0,650.0,1550.0,1,Chikkamagaluru,Tomato,Karnataka,True,True
2023-08-07,chikkamagaluru,79.0,5550.0,4163.0,7624.0,3,Chikkamagaluru,Tomato,Karnataka,True,True
2023-08-08,chikkamagaluru,59.0,7142.0,6250.0,8170.0,3,Chikkamagaluru,Tomato,Karnataka,True,True
2023-08-09,chikkamagaluru,61.0,7258.5,6808.5,8396.0,2,Chikkamagaluru,Tomato,Karnataka,True,True
2023-08-10,chikkamagaluru,62.0,3350.0,3250.0,3921.0,3,Chikkamagaluru,Tomato,Karnataka,True,True
2023-08-11,chikkamagaluru,83.0,5000.0,4163.0,5507.5,3,Chikkamagaluru,Tomato,Karnataka,True,True
2023-08-12,chikkamagaluru,56.0,500.0,300.0,750.0,1,Chikkamagaluru,Tomato,Karnataka,True,True
2023-08-13,chikkamagaluru,58.0,800.0,400.0,1000.0,1,Chikkamagaluru,Tomato,Karnataka,True,True
2023-08-14,chikkamagaluru,122.0,4545.0,4163.0,5076.0,3,Chikkamagaluru,Tomato,Karnataka,True,True
2023-08-15,chikkamagaluru,122.0,4545.0,4163.0,5076.0,0,Chikkamagaluru,Tomato,Karnataka,False,False
2023-08-16,chikkamagaluru,10.0,4545.0,3332.0,5833.0,1,Chikkamagaluru,Tomato,Karnataka,True,True
2023-08-17,chikkamagaluru,17.0,2700.0,2216.5,3400.0,2,Chikkamagaluru,Tomato,Karnataka,True,True
2023-08-18,chikkamagaluru,34.0,300.0,100.0,500.0,1,Chikkamagaluru,Tomato,Karnataka,True,True
2023-08-19,chikkamagaluru,41.0,2651.0,2551.0,2751.0,1,Chikkamagaluru,Tomato,Karnataka,True,True
2023-08-20,chikkamagaluru,11.0,370.0,100.0,450.0,1,Chikkamagaluru,Tomato,Karnataka,True,True
2023-08-21,chikkamagaluru,50.0,1590.0,1350.0,1725.0,2,Chikkamagaluru,Tomato,Karnataka,True,True
2023-08-22,chikkamagaluru,29.0,1588.5,1338.5,1738.5,2,Chikkamagaluru,Tomato,Karnataka,True,True
2023-08-23,chikkamagaluru,47.0,2430.0,2230.0,2630.0,2,Chikkamagaluru,Tomato,Karnataka,True,True
2023-08-24,chikkamagaluru,16.0,1167.0,1092.0,1232.0,2,Chikkamagaluru,Tomato,Karnataka,True,True
2023-08-25,chikkamagaluru,45.0,1158.0,1058.0,1243.0,2,Chikkamagaluru,Tomato,Karnataka,True,True
2023-08-26,chikkamagaluru,12.0,300.0,100.0,350.0,1,Chikkamagaluru,Tomato,Karnataka,True,True
2023-08-27,chikkamagaluru,12.0,300.0,150.0,350.0,1,Chikkamagaluru,Tomato,Karnataka,True,True
2023-08-28,chikkamagaluru,101.0,1149.0,969.0,1269.0,2,Chikkamagaluru,Tomato,Karnataka,True,True
2023-08-29,chikkamagaluru,42.0,250.0,150.0,300.0,1,Chikkamagaluru,Tomato,Karnataka,True,True
2023-08-30,chikkamagaluru,79.0,955.5,855.5,1030.5,2,Chikkamagaluru,Tomato,Karnataka,True,True
2023-08-31,chikkamagaluru,32.0,828.0,753.0,903.0,2,Chikkamagaluru,Tomato,Karnataka,True,True
2023-09-01,chikkamagaluru,105.0,1608.5,1041.0,2075.0,3,Chikkamagaluru,Tomato,Karnataka,True,True
2023-09-02,chikkamagaluru,279.0,1800.0,1500.0,2300.0,2,Chikkamagaluru,Tomato,Karnataka,True,True
2023-09-03,chikkamagaluru,279.0,1800.0,1500.0,2300.0,0,Chikkamagaluru,Tomato,Karnataka,False,False
2023-09-04,chikkamagaluru,299.0,1308.0,833.0,1600.0,3,Chikkamagaluru,Tomato,Karnataka,True,True
2023-09-05,chikkamagaluru,244.0,1310.5,850.5,1510.5,2,Chikkamagaluru,Tomato,Karnataka,True,True
2023-09-06,chikkamagaluru,237.0,1310.5,850.5,1510.5,0,Chikkamagaluru,Tomato,Karnataka,True,False
2023-09-07,chikkamagaluru,237.0,1310.5,850.5,1510.5,0,Chikkamagaluru,Tomato,Karnataka,False,False
2023-09-08,chikkamagaluru,295.0,980.0,880.0,1080.0,1,Chikkamagaluru,Tomato,Karnataka,True,True
2023-09-09,chikkamagaluru,295.0,980.0,880.0,1080.0,0,Chikkamagaluru,Tomato,Karnataka,False,False
2023-09-10,chikkamagaluru,295.0,980.0,880.0,1080.0,0,Chikkamagaluru,Tomato,Karnataka,False,False
2023-09-11,chikkamagaluru,264.0,1085.5,785.5,1260.5,2,Chikkamagaluru,Tomato,Karnataka,True,True
2023-09-12,chikkamagaluru,175.0,983.0,858.0,1283.0,2,Chikkamagaluru,Tomato,Karnataka,True,True
2023-09-13,chikkamagaluru,252.0,1000.0,700.0,1500.0,2,Chikkamagaluru,Tomato,Karnataka,True,True
2023-09-14,chikkamagaluru,190.0,1100.0,750.0,1500.0,1,Chikkamagaluru,Tomato,Karnataka,True,True
2023-09-15,chikkamagaluru,45.0,993.5,869.5,1124.5,2,Chikkamagaluru,Tomato,Karnataka,True,True
2023-09-16,chikkamagaluru,45.0,993.5,869.5,1124.5,0,Chikkamagaluru,Tomato,Karnataka,False,False
2023-09-17,chikkamagaluru,45.0,993.5,869.5,1124.5,0,Chikkamagaluru,Tomato,Karnataka,False,False
2023-09-18,chikkamagaluru,,993.5,869.5,1124.5,0,Chikkamagaluru,Tomato,Karnataka,False,False
2023-09-19,chikkamagaluru,81.0,902.0,802.0,1002.0,1,Chikkamagaluru,Tomato,Karnataka,True,True
2023-09-20,chikkamagaluru,43.0,893.0,793.0,993.0,1,Chikkamagaluru,Tomato,Karnataka,True,True
2023-09-21,chikkamagaluru,17.0,893.0,793.0,993.0,0,Chikkamagaluru,Tomato,Karnataka,True,False
2023-09-22,chikkamagaluru,17.0,893.0,793.0,993.0,0,Chikkamagaluru,Tomato,Karnataka,False,False
2023-09-23,chikkamagaluru,17.0,893.0,793.0,993.0,0,Chikkamagaluru,Tomato,Karnataka,False,False
2023-09-24,chikkamagaluru,,,,,0,Chikkamagaluru,Tomato,Karnataka,False,False
2023-09-25,chikkamagaluru,89.0,865.0,665.0,1065.0,1,Chikkamagaluru,Tomato,Karnataka,True,True
2023-09-26,chikkamagaluru,29.0,859.0,659.0,1059.0,1,Chikkamagaluru,Tomato,Karnataka,True,True
2023-09-27,chikkamagaluru,30.0,1019.0,819.0,1219.0,1,Chikkamagaluru,Tomato,Karnataka,True,True
2023-09-28,chikkamagaluru,30.0,1019.0,819.0,1219.0,0,Chikkamagaluru,Tomato,Karnataka,False,False
2023-09-29,chikkamagaluru,107.0,870.0,670.0,1070.0,1,Chikkamagaluru,Tomato,Karnataka,True,True
2023-09-30,chikkamagaluru,44.0,980.0,880.0,1080.0,1,Chikkamagaluru,Tomato,Karnataka,True,True
2023-10-01,chikkamagaluru,44.0,980.0,880.0,1080.0,0,Chikkamagaluru,Tomato,Karnataka,False,False
2023-10-02,chikkamagaluru,44.0,980.0,880.0,1080.0,0,Chikkamagaluru,Tomato,Karnataka,False,False
2023-10-03,chikkamagaluru,69.0,998.0,898.0,1098.0,1,Chikkamagaluru,Tomato,Karnataka,True,True
2023-10-04,chikkamagaluru,43.0,782.0,682.0,882.0,1,Chikkamagaluru,Tomato,Karnataka,True,True
2023-10-05,chikkamagaluru,66.0,835.0,735.0,935.0,1,Chikkamagaluru,Tomato,Karnataka,True,True
2023-10-06,chikkamagaluru,50.0,3866.5,3548.0,4989.5,2,Chikkamagaluru,Tomato,Karnataka,True,True
2023-10-07,chikkamagaluru,66.0,3866.5,3548.0,4989.5,0,Chikkamagaluru,Tomato,Karnataka,True,False
2023-10-08,chikkamagaluru,66.0,3866.5,3548.0,4989.5,0,Chikkamagaluru,Tomato,Karnataka,False,False
2023-10-09,chikkamagaluru,152.0,742.5,633.5,860.5,2,Chikkamagaluru,Tomato,Karnataka,True,True
2023-10-10,chikkamagaluru,38.0,839.0,739.0,939.0,2,Chikkamagaluru,Tomato,Karnataka,True,True
2023-10-11,chikkamagaluru,81.0,751.5,582.0,861.5,2,Chikkamagaluru,Tomato,Karnataka,True,True
2023-10-12,chikkamagaluru,44.0,765.5,648.0,990.0,2,Chikkamagaluru,Tomato,Karnataka,True,True
2023-10-13,chikkamagaluru,36.0,742.5,676.0,810.5,2,Chikkamagaluru,Tomato,Karnataka,True,True
2023-10-14,chikkamagaluru,36.0,742.5,676.0,810.5,0,Chikkamagaluru,Tomato,Karnataka,False,False
2023-10-15,chikkamagaluru,36.0,742.5,676.0,810.5,0,Chikkamagaluru,Tomato,Karnataka,False,False
2023-10-16,chikkamagaluru,108.0,742.5,676.0,810.5,0,Chikkamagaluru,Tomato,Karnataka,True,False
2023-10-17,chikkamagaluru,21.0,809.0,609.0,1009.0,1,Chikkamagaluru,Tomato,Karnataka,True,True
2023-10-18,chikkamagaluru,65.0,822.0,722.0,922.0,1,Chikkamagaluru,Tomato,Karnataka,True,True
2023-10-19,chikkamagaluru,58.0,727.5,677.0,964.5,2,Chikkamagaluru,Tomato,Karnataka,True,True
2023-10-20,chikkamagaluru,291.0,700.0,641.0,901.0,3,Chikkamagaluru,Tomato,Karnataka,True,True
2023-10-21,chikkamagaluru,236.0,796.0,496.0,1096.0,2,Chikkamagaluru,Tomato,Karnataka,True,True
2023-10-22,chikkamagaluru,236.0,796.0,496.0,1096.0,0,Chikkamagaluru,Tomato,Karnataka,False,False
2023-10-23,chikkamagaluru,236.0,796.0,496.0,1096.0,0,Chikkamagaluru,Tomato,Karnataka,False,False
2023-10-24,chikkamagaluru,,796.0,496.0,1096.0,0,Chikkamagaluru,Tomato,Karnataka,False,False
2023-10-25,chikkamagaluru,363.0,,,,0,Chikkamagaluru,Tomato,Karnataka,True,False
2023-10-26,chikkamagaluru,242.0,762.5,487.5,1037.5,2,Chikkamagaluru,Tomato,Karnataka,True,True
2023-10-27,chikkamagaluru,298.0,824.0,724.0,924.0,1,Chikkamagaluru,Tomato,Karnataka,True,True
2023-10-28,chikkamagaluru,200.0,1150.0,300.0,2000.0,1,Chikkamagaluru,Tomato,Karnataka,True,True
2023-10-29,chikkamagaluru,190.0,1265.0,330.0,2200.0,1,Chikkamagaluru,Tomato,Karnataka,True,True
2023-10-30,chikkamagaluru,125.0,1265.0,330.0,2200.0,0,Chikkamagaluru,Tomato,Karnataka,True,False
2023-10-31,chikkamagaluru,23.0,862.0,762.0,962.0,1,Chikkamagaluru,Tomato,Karnataka,True,True
2023-11-01,chikkamagaluru,23.0,862.0,762.0,962.0,0,Chikkamagaluru,Tomato,Karnataka,False,False
2023-11-02,chikkamagaluru,338.0,694.0,605.0,724.0,1,Chikkamagaluru,Tomato,Karnataka,True,True
2023-11-03,chikkamagaluru,321.0,1162.0,647.0,1587.0,3,Chikkamagaluru,Tomato,Karnataka,True,True
2023-11-04,chikkamagaluru,63.0,839.0,739.0,939.0,1,Chikkamagaluru,Tomato,Karnataka,True,True
2023-11-05,chikkamagaluru,63.0,839.0,739.0,939.0,0,Chikkamagaluru,Tomato,Karnataka,False,False
2023-11-06,chikkamagaluru,175.0,865.0,665.0,1065.0,1,Chikkamagaluru,Tomato,Karnataka,True,True
2023-11-07,chikkamagaluru,49.0,865.0,665.0,1065.0,0,Chikkamagaluru,Tomato,Karnataka,True,False
2023-11-08,chikkamagaluru,230.0,1400.0,1300.0,1500.0,2,Chikkamagaluru,Tomato,Karnataka,True,True
2023-11-09,chikkamagaluru,223.0,1321.5,671.5,2021.5,2,Chikkamagaluru,Tomato,Karnataka,True,True
2023-11-10,chikkamagaluru,10.0,2640.0,2564.0,2976.0,1,Chikkamagaluru,Tomato,Karnataka,True,True
2023-11-11,chikkamagaluru,10.0,2640.0,2564.0,2976.0,0,Chikkamagaluru,Tomato,Karnataka,False,False
2023-11-12,chikkamagaluru,10.0,2640.0,2564.0,2976.0,0,Chikkamagaluru,Tomato,Karnataka,False,False
2023-11-13,chikkamagaluru,56.0,2087.0,1887.0,2287.0,1,Chikkamagaluru,Tomato,Karnataka,True,True
2023-11-14,chikkamagaluru,180.0,1300.0,300.0,2300.0,1,Chikkamagaluru,Tomato,Karnataka,True,True
2023-11-15,chikkamagaluru,244.0,2163.0,2063.0,2263.0,1,Chikkamagaluru,Tomato,Karnataka,True,True
2023-11-16,chikkamagaluru,230.0,1500.0,300.0,2700.0,2,Chikkamagaluru,Tomato,Karnataka,True,True
2023-11-17,chikkamagaluru,275.0,1450.0,300.0,2600.0,1,Chikkamagaluru,Tomato,Karnataka,True,True
2023-11-18,chikkamagaluru,756.0,1865.0,1205.0,2565.0,2,Chikkamagaluru,Tomato,Karnataka,True,True
2023-11-19,chikkamagaluru,756.0,1865.0,1205.0,2565.0,0,Chikkamagaluru,Tomato,Karnataka,False,False
2023-11-20,chikkamagaluru,31.0,2707.0,2507.0,2907.0,1,Chikkamagaluru,Tomato,Karnataka,True,True
2023-11-21,chikkamagaluru,6.0,2727.0,2527.0,2927.0,1,Chikkamagaluru,Tomato,Karnataka,True,True
2023-11-22,chikkamagaluru,20.0,2820.0,2720.0,2920.0,1,Chikkamagaluru,Tomato,Karnataka,True,True
2023-11-23,chikkamagaluru,5.0,2516.0,2316.0,2716.0,1,Chikkamagaluru,Tomato,Karnataka,True,True
2023-11-24,chikkamagaluru,19.0,2893.0,2693.0,3093.0,1,Chikkamagaluru,Tomato,Karnataka,True,True
2023-11-25,chikkamagaluru,19.0,2893.0,2693.0,3093.0,0,Chikkamagaluru,Tomato,Karnataka,False,False
2023-11-26,chikkamagaluru,19.0,2893.0,2693.0,3093.0,0,Chikkamagaluru,Tomato,Karnataka,False,False
2023-11-27,chikkamagaluru,21.0,2934.0,2834.0,3034.0,1,Chikkamagaluru,Tomato,Karnataka,True,True
2023-11-28,chikkamagaluru,12.0,2595.0,2395.0,2795.0,1,Chikkamagaluru,Tomato,Karnataka,True,True
2023-11-29,chikkamagaluru,19.0,3665.0,3465.0,3865.0,1,Chikkamagaluru,Tomato,Karnataka,True,True
2023-11-30,chikkamagaluru,19.0,3665.0,3465.0,3865.0,0,Chikkamagaluru,Tomato,Karnataka,False,False
2023-12-01,chikkamagaluru,52.0,2491.0,2346.0,2595.0,2,Chikkamagaluru,Tomato,Karnataka,True,True
2023-12-02,chikkamagaluru,23.0,2607.0,2507.0,2707.0,2,Chikkamagaluru,Tomato,Karnataka,True,True
2023-12-03,chikkamagaluru,23.0,2607.0,2507.0,2707.0,0,Chikkamagaluru,Tomato,Karnataka,False,False
2023-12-04,chikkamagaluru,37.0,2528.5,2375.5,2689.0,2,Chikkamagaluru,Tomato,Karnataka,True,True
2023-12-05,chikkamagaluru,5.0,2528.5,2375.5,2689.0,0,Chikkamagaluru,Tomato,Karnataka,True,False
2023-12-06,chikkamagaluru,22.0,2663.0,2463.0,2863.0,1,Chikkamagaluru,Tomato,Karnataka,True,True
2023-12-07,chikkamagaluru,67.0,1232.0,1139.5,1324.5,2,Chikkamagaluru,Tomato,Karnataka,True,True
2023-12-08,chikkamagaluru,92.0,2448.0,2248.0,2648.0,1,Chikkamagaluru,Tomato,Karnataka,True,True
2023-12-09,chikkamagaluru,92.0,2448.0,2248.0,2648.0,0,Chikkamagaluru,Tomato,Karnataka,False,False
2023-12-10,chikkamagaluru,92.0,2448.0,2248.0,2648.0,0,Chikkamagaluru,Tomato,Karnataka,False,False
2023-12-11,chikkamagaluru,17.0,2811.0,2611.0,3011.0,1,Chikkamagaluru,Tomato,Karnataka,True,True
2023-12-12,chikkamagaluru,49.0,1625.5,1485.5,1765.5,2,Chikkamagaluru,Tomato,Karnataka,True,True
2023-12-13,chikkamagaluru,47.0,200.0,150.0,250.0,2,Chikkamagaluru,Tomato,Karnataka,True,True
2023-12-14,chikkamagaluru,66.0,2082.0,2052.0,2083.0,3,Chikkamagaluru,Tomato,Karnataka,True,True
2023-12-15,chikkamagaluru,53.0,1120.5,1040.5,1200.5,2,Chikkamagaluru,Tomato,Karnataka,True,True
2023-12-16,chikkamagaluru,74.0,1154.0,1026.5,1281.5,2,Chikkamagaluru,Tomato,Karnataka,True,True
2023-12-17,chikkamagaluru,67.0,90.0,30.0,150.0,1,Chikkamagaluru,Tomato,Karnataka,True,True
2023-12-18,chikkamagaluru,85.0,100.0,30.0,170.0,1,Chikkamagaluru,Tomato,Karnataka,True,True
2023-12-19,chikkamagaluru,53.0,200.0,100.0,300.0,2,Chikkamagaluru,Tomato,Karnataka,True,True
2023-12-20,chikkamagaluru,52.0,165.0,80.0,250.0,2,Chikkamagaluru,Tomato,Karnataka,True,True
2023-12-21,chikkamagaluru,66.0,1232.5,1057.5,1357.5,2,Chikkamagaluru,Tomato,Karnataka,True,True
2023-12-22,chikkamagaluru,58.0,1153.5,1078.5,1228.5,2,Chikkamagaluru,Tomato,Karnataka,True,True
2023-12-23,chikkamagaluru,58.0,1153.5,1078.5,1228.5,0,Chikkamagaluru,Tomato,Karnataka,False,False
2023-12-24,chikkamagaluru,58.0,1153.5,1078.5,1228.5,0,Chikkamagaluru,Tomato,Karnataka,False,False
2023-12-25,chikkamagaluru,,1153.5,1078.5,1228.5,0,Chikkamagaluru,Tomato,Karnataka,False,False
2023-12-26,chikkamagaluru,75.0,1214.5,1077.0,1352.0,2,Chikkamagaluru,Tomato,Karnataka,True,True
2023-12-27,chikkamagaluru,13.0,2197.0,2097.0,2297.0,1,Chikkamagaluru,Tomato,Karnataka,True,True
2023-12-28,chikkamagaluru,69.0,150.0,100.0,200.0,1,Chikkamagaluru,Tomato,Karnataka,True,True
2023-12-29,chikkamagaluru,55.0,1750.0,1750.0,1750.0,3,Chikkamagaluru,Tomato,Karnataka,True,True
2023-12-30,chikkamagaluru,64.0,1562.0,1562.0,1666.0,3,Chikkamagaluru,Tomato,Karnataka,True,True
2023-12-31,chikkamagaluru,57.0,225.0,150.0,300.0,1,Chikkamagaluru,Tomato,Karnataka,True,True
2024-01-01,chikkamagaluru,72.0,2447.0,2247.0,2647.0,1,Chikkamagaluru,Tomato,Karnataka,True,True
2024-01-02,chikkamagaluru,6.0,2381.0,2181.0,2581.0,1,Chikkamagaluru,Tomato,Karnataka,True,True
2024-01-03,chikkamagaluru,9.0,2381.0,2181.0,2581.0,0,Chikkamagaluru,Tomato,Karnataka,True,False
2024-01-04,chikkamagaluru,78.0,1186.5,1096.5,1276.5,2,Chikkamagaluru,Tomato,Karnataka,True,True
2024-01-05,chikkamagaluru,11.0,1186.5,1096.5,1276.5,0,Chikkamagaluru,Tomato,Karnataka,True,False
2024-01-06,chikkamagaluru,13.0,1186.5,1096.5,1276.5,0,Chikkamagaluru,Tomato,Karnataka,True,False
2024-01-07,chikkamagaluru,13.0,1186.5,1096.5,1276.5,0,Chikkamagaluru,Tomato,Karnataka,False,False
2024-01-08,chikkamagaluru,17.0,2023.0,1923.0,2123.0,1,Chikkamagaluru,Tomato,Karnataka,True,True
2024-01-09,chikkamagaluru,8.0,2008.0,1808.0,2208.0,1,Chikkamagaluru,Tomato,Karnataka,True,True
2024-01-10,chikkamagaluru,12.0,1852.0,1652.0,2052.0,1,Chikkamagaluru,Tomato,Karnataka,True,True
2024-01-11,chikkamagaluru,60.0,1852.0,1652.0,2052.0,0,Chikkamagaluru,Tomato,Karnataka,True,False
2024-01-12,chikkamagaluru,18.0,1966.0,186.0,2066.0,1,Chikkamagaluru,Tomato,Karnataka,True,True
2024-01-13,chikkamagaluru,18.0,1966.0,186.0,2066.0,0,Chikkamagaluru,Tomato,Karnataka,False,False
2024-01-14,chikkamagaluru,18.0,1966.0,186.0,2066.0,0,Chikkamagaluru,Tomato,Karnataka,False,False
2024-01-15,chikkamagaluru,,1966.0,186.0,2066.0,0,Chikkamagaluru,Tomato,Karnataka,False,False
2024-01-16,chikkamagaluru,48.0,,,,0,Chikkamagaluru,Tomato,Karnataka,True,False
2024-01-17,chikkamagaluru,43.0,889.0,796.5,981.5,2,Chikkamagaluru,Tomato,Karnataka,True,True
2024-01-18,chikkamagaluru,3.0,889.0,796.5,981.5,0,Chikkamagaluru,Tomato,Karnataka,True,False
2024-01-19,chikkamagaluru,26.0,1819.5,1769.5,1869.5,2,Chikkamagaluru,Tomato,Karnataka,True,True
2024-01-20,chikkamagaluru,14.0,1995.0,1895.0,2095.0,1,Chikkamagaluru,Tomato,Karnataka,True,True
2024-01-21,chikkamagaluru,14.0,1995.0,1895.0,2095.0,0,Chikkamagaluru,Tomato,Karnataka,False,False
2024-01-22,chikkamagaluru,60.0,2239.0,2139.0,2339.0,2,Chikkamagaluru,Tomato,Karnataka,True,True
2024-01-23,chikkamagaluru,64.0,801.5,656.5,946.5,2,Chikkamagaluru,Tomato,Karnataka,True,True
2024-01-24,chikkamagaluru,70.0,1750.0,1650.0,1850.0,1,Chikkamagaluru,Tomato,Karnataka,True,True
2024-01-25,chikkamagaluru,68.0,901.5,756.5,1046.5,2,Chikkamagaluru,Tomato,Karnataka,True,True
2024-01-26,chikkamagaluru,82.0,165.0,80.0,250.0,1,Chikkamagaluru,Tomato,Karnataka,True,True
2024-01-27,chikkamagaluru,88.0,165.0,80.0,250.0,0,Chikkamagaluru,Tomato,Karnataka,True,False
2024-01-28,chikkamagaluru,100.0,175.0,100.0,250.0,1,Chikkamagaluru,Tomato,Karnataka,True,True
2024-01-29,chikkamagaluru,135.0,175.0,100.0,250.0,0,Chikkamagaluru,Tomato,Karnataka,True,False
2024-01-30,chikkamagaluru,108.0,704.5,604.5,804.5,2,Chikkamagaluru,Tomato,Karnataka,True,True
2024-01-31,chikkamagaluru,115.0,205.0,110.0,300.0,1,Chikkamagaluru,Tomato,Karnataka,True,True
2024-02-01,chikkamagaluru,77.0,1285.5,1140.5,1430.5,2,Chikkamagaluru,Tomato,Karnataka,True,True
2024-02-02,chikkamagaluru,75.0,1343.0,1255.5,1430.5,2,Chikkamagaluru,Tomato,Karnataka,True,True
2024-02-03,chikkamagaluru,26.0,225.0,100.0,350.0,2,Chikkamagaluru,Tomato,Karnataka,True,True
2024-02-04,chikkamagaluru,74.0,210.0,100.0,320.0,1,Chikkamagaluru,Tomato,Karnataka,True,True
2024-02-05,chikkamagaluru,109.0,2957.0,2857.0,3057.0,1,Chikkamagaluru,Tomato,Karnataka,True,True
2024-02-06,chikkamagaluru,106.0,1601.5,1486.5,1716.5,2,Chikkamagaluru,Tomato,Karnataka,True,True
2024-02-07,chikkamagaluru,149.0,2744.0,2644.0,2844.0,2,Chikkamagaluru,Tomato,Karnataka,True,True
2024-02-08,chikkamagaluru,121.0,1988.5,1650.0,2327.0,2,Chikkamagaluru,Tomato,Karnataka,True,True
2024-02-09,chikkamagaluru,125.0,1800.5,1470.0,2131.5,2,Chikkamagaluru,Tomato,Karnataka,True,True
2024-02-10,chikkamagaluru,80.0,1077.0,231.0,1385.0,1,Chikkamagaluru,Tomato,Karnataka,True,True
2024-02-11,chikkamagaluru,79.0,1154.0,231.0,1846.0,1,Chikkamagaluru,Tomato,Karnataka,True,True
2024-02-12,chikkamagaluru,108.0,1153.0,231.0,1692.0,1,Chikkamagaluru,Tomato,Karnataka,True,True
2024-02-13,chikkamagaluru,92.0,1153.0,231.0,1692.0,0,Chikkamagaluru,Tomato,Karnataka,True,False
2024-02-14,chikkamagaluru,88.0,1315.5,1073.5,1634.5,2,Chikkamagaluru,Tomato,Karnataka,True,True
2024-02-15,chikkamagaluru,6.0,1977.0,1877.0,2077.0,1,Chikkamagaluru,Tomato,Karnataka,True,True
2024-02-16,chikkamagaluru,77.0,1225.0,983.0,1544.5,2,Chikkamagaluru,Tomato,Karnataka,True,True
2024-02-17,chikkamagaluru,80.0,1225.0,983.0,1544.5,0,Chikkamagaluru,Tomato,Karnataka,True,False
2024-02-18,chikkamagaluru,75.0,769.0,231.0,1154.0,1,Chikkamagaluru,Tomato,Karnataka,True,True
2024-02-19,chikkamagaluru,88.0,1314.5,945.5,1645.5,2,Chikkamagaluru,Tomato,Karnataka,True,True
2024-02-20,chikkamagaluru,69.0,1315.0,1046.0,1507.5,2,Chikkamagaluru,Tomato,Karnataka,True,True
2024-02-21,chikkamagaluru,77.0,923.0,231.0,1385.0,1,Chikkamagaluru,Tomato,Karnataka,True,True
2024-02-22,chikkamagaluru,82.0,1736.0,1636.0,1836.0,2,Chikkamagaluru,Tomato,Karnataka,True,True
2024-02-23,chikkamagaluru,83.0,1123.5,881.5,1404.5,2,Chikkamagaluru,Tomato,Karnataka,True,True
2024-02-24,chikkamagaluru,74.0,538.0,231.0,923.0,1,Chikkamagaluru,Tomato,Karnataka,True,True
2024-02-25,chikkamagaluru,61.0,538.0,231.0,769.0,1,Chikkamagaluru,Tomato,Karnataka,True,True
2024-02-26,chikkamagaluru,91.0,1173.0,854.0,1415.5,2,Chikkamagaluru,Tomato,Karnataka,True,True
2024-02-27,chikkamagaluru,69.0,1515.0,1415.0,1615.0,1,Chikkamagaluru,Tomato,Karnataka,True,True
2024-02-28,chikkamagaluru,103.0,1427.0,1327.0,1527.0,1,Chikkamagaluru,Tomato,Karnataka,True,True
2024-02-29,chikkamagaluru,78.0,1566.5,1417.5,1692.5,2,Chikkamagaluru,Tomato,Karnataka,True,True
2024-03-01,chikkamagaluru,79.0,1106.5,749.0,1387.5,2,Chikkamagaluru,Tomato,Karnataka,True,True
2024-03-02,chikkamagaluru,63.0,769.0,231.0,1154.0,1,Chikkamagaluru,Tomato,Karnataka,True,True
2024-03-03,chikkamagaluru,56.0,923.0,231.0,1154.0,1,Chikkamagaluru,Tomato,Karnataka,True,True
2024-03-04,chikkamagaluru,95.0,1179.0,667.5,1498.0,2,Chikkamagaluru,Tomato,Karnataka,True,True
2024-03-05,chikkamagaluru,84.0,923.0,231.0,1538.0,2,Chikkamagaluru,Tomato,Karnataka,True,True
2024-03-06,chikkamagaluru,87.0,1281.0,769.5,1677.0,2,Chikkamagaluru,Tomato,Karnataka,True,True
2024-03-07,chikkamagaluru,85.0,1225.5,753.0,1699.0,2,Chikkamagaluru,Tomato,Karnataka,True,True
2024-03-08,chikkamagaluru,85.0,1225.5,753.0,1699.0,0,Chikkamagaluru,Tomato,Karnataka,False,False
2024-03-09,chikkamagaluru,85.0,1225.5,753.0,1699.0,0,Chikkamagaluru,Tomato,Karnataka,False,False
2024-03-10,chikkamagaluru,,1225.5,753.0,1699.0,0,Chikkamagaluru,Tomato,Karnataka,False,False
2024-03-11,chikkamagaluru,110.0,,,,0,Chikkamagaluru,Tomato,Karnataka,True,False
2024-03-12,chikkamagaluru,130.0,923.0,231.0,1923.0,2,Chikkamagaluru,Tomato,Karnataka,True,True
2024-03-13,chikkamagaluru,80.0,1077.0,231.0,1538.0,2,Chikkamagaluru,Tomato,Karnataka,True,True
2024-03-14,chikkamagaluru,57.0,1077.0,231.0,1846.0,1,Chikkamagaluru,Tomato,Karnataka,True,True
2024-03-15,chikkamagaluru,57.0,1554.0,1454.0,1654.0,1,Chikkamagaluru,Tomato,Karnataka,True,True
2024-03-16,chikkamagaluru,75.0,1263.0,790.5,1698.0,2,Chikkamagaluru,Tomato,Karnataka,True,True
2024-03-17,chikkamagaluru,54.0,1231.0,231.0,1692.0,1,Chikkamagaluru,Tomato,Karnataka,True,True
2024-03-18,chikkamagaluru,71.0,1328.0,728.0,1697.0,2,Chikkamagaluru,Tomato,Karnataka,True,True
2024-03-19,chikkamagaluru,56.0,1268.0,718.0,1471.5,2,Chikkamagaluru,Tomato,Karnataka,True,True
2024-03-20,chikkamagaluru,69.0,1210.5,738.0,1568.5,2,Chikkamagaluru,Tomato,Karnataka,True,True
2024-03-21,chikkamagaluru,51.0,1389.0,1389.0,1389.0,2,Chikkamagaluru,Tomato,Karnataka,True,True
2024-03-22,chikkamagaluru,69.0,1077.0,231.0,1385.0,1,Chikkamagaluru,Tomato,Karnataka,True,True
2024-03-23,chikkamagaluru,44.0,1231.0,308.0,1538.0,1,Chikkamagaluru,Tomato,Karnataka,True,True
2024-03-24,chikkamagaluru,57.0,1077.0,231.0,1385.0,1,Chikkamagaluru,Tomato,Karnataka,True,True
2024-03-25,chikkamagaluru,72.0,1282.5,771.0,1448.0,2,Chikkamagaluru,Tomato,Karnataka,True,True
2024-03-26,chikkamagaluru,34.0,1293.5,732.0,1509.0,2,Chikkamagaluru,Tomato,Karnataka,True,True
2024-03-27,chikkamagaluru,75.0,1338.5,827.0,1619.0,2,Chikkamagaluru,Tomato,Karnataka,True,True
2024-03-28,chikkamagaluru,58.0,1340.0,867.0,1659.0,2,Chikkamagaluru,Tomato,Karnataka,True,True
2024-03-29,chikkamagaluru,41.0,1231.0,385.0,2308.0,1,Chikkamagaluru,Tomato,Karnataka,True,True
2024-03-30,chikkamagaluru,68.0,1000.0,308.0,1769.0,1,Chikkamagaluru,Tomato,Karnataka,True,True
2024-03-31,chikkamagaluru,34.0,1000.0,308.0,1923.0,1,Chikkamagaluru,Tomato,Karnataka,True,True
2024-04-01,chikkamagaluru,51.0,1357.5,884.5,1946.0,2,Chikkamagaluru,Tomato,Karnataka,True,True
2024-04-02,chikkamagaluru,59.0,1419.0,1319.0,1519.0,1,Chikkamagaluru,Tomato,Karnataka,True,True
2024-04-03,chikkamagaluru,60.0,1604.0,861.5,2000.0,2,Chikkamagaluru,Tomato,Karnataka,True,True
2024-04-04,chikkamagaluru,37.0,1231.0,385.0,2308.0,1,Chikkamagaluru,Tomato,Karnataka,True,True
2024-04-05,chikkamagaluru,72.0,1652.0,1463.5,1794.5,2,Chikkamagaluru,Tomato,Karnataka,True,True
2024-04-06,chikkamagaluru,59.0,1539.0,989.0,2050.5,2,Chikkamagaluru,Tomato,Karnataka,True,True
2024-04-07,chikkamagaluru,59.0,1539.0,989.0,2050.5,0,Chikkamagaluru,Tomato,Karnataka,False,False
2024-04-08,chikkamagaluru,16.0,1730.0,1530.0,1930.0,1,Chikkamagaluru,Tomato,Karnataka,True,True
2024-04-09,chikkamagaluru,16.0,1730.0,1530.0,1930.0,0,Chikkamagaluru,Tomato,Karnataka,False,False
2024-04-10,chikkamagaluru,16.0,1730.0,1530.0,1930.0,0,Chikkamagaluru,Tomato,Karnataka,False,False
2024-04-11,chikkamagaluru,,1730.0,1530.0,1930.0,0,Chikkamagaluru,Tomato,Karnataka,False,False
2024-04-12,chikkamagaluru,,,,,0,Chikkamagaluru,Tomato,Karnataka,False,False
2024-04-13,chikkamagaluru,39.0,769.0,308.0,1615.0,1,Chikkamagaluru,Tomato,Karnataka,True,True
2024-04-14,chikkamagaluru,29.0,769.0,231.0,1385.0,1,Chikkamagaluru,Tomato,Karnataka,True,True
2024-04-15,chikkamagaluru,69.0,1261.0,903.5,1542.0,2,Chikkamagaluru,Tomato,Karnataka,True,True
2024-04-16,chikkamagaluru,49.0,1229.5,833.5,1548.5,2,Chikkamagaluru,Tomato,Karnataka,True,True
2024-04-17,chikkamagaluru,53.0,1640.0,1540.0,1740.0,1,Chikkamagaluru,Tomato,Karnataka,True,True
2024-04-18,chikkamagaluru,31.0,1551.0,1451.0,1651.0,1,Chikkamagaluru,Tomato,Karnataka,True,True
2024-04-19,chikkamagaluru,267.0,1380.0,907.0,1583.5,2,Chikkamagaluru,Tomato,Karnataka,True,True
2024-04-20,chikkamagaluru,43.0,1336.5,863.0,1539.5,2,Chikkamagaluru,Tomato,Karnataka,True,True
2024-04-21,chikkamagaluru,43.0,1336.5,863.0,1539.5,0,Chikkamagaluru,Tomato,Karnataka,False,False
2024-04-22,chikkamagaluru,7.0,2055.0,1955.0,2055.0,1,Chikkamagaluru,Tomato,Karnataka,True,True
2024-04-23,chikkamagaluru,44.0,1154.0,308.0,2000.0,1,Chikkamagaluru,Tomato,Karnataka,True,True
2024-04-24,chikkamagaluru,49.0,1410.5,976.0,1653.0,2,Chikkamagaluru,Tomato,Karnataka,True,True
2024-04-25,chikkamagaluru,44.0,1463.5,990.5,1936.5,2,Chikkamagaluru,Tomato,Karnataka,True,True
2024-04-26,chikkamagaluru,44.0,1463.5,990.5,1936.5,0,Chikkamagaluru,Tomato,Karnataka,False,False
2024-04-27,chikkamagaluru,44.0,1463.5,990.5,1936.5,0,Chikkamagaluru,Tomato,Karnataka,False,False
2024-04-28,chikkamagaluru,,1463.5,990.5,1936.5,0,Chikkamagaluru,Tomato,Karnataka,False,False
2024-04-29,chikkamagaluru,29.0,2039.0,1939.0,2139.0,1,Chikkamagaluru,Tomato,Karnataka,True,True
2024-04-30,chikkamagaluru,5.0,2160.0,2060.0,2260.0,1,Chikkamagaluru,Tomato,Karnataka,True,True
2024-05-01,chikkamagaluru,5.0,2160.0,2060.0,2260.0,0,Chikkamagaluru,Tomato,Karnataka,False,False
2024-05-02,chikkamagaluru,46.0,2044.0,1944.0,2144.0,2,Chikkamagaluru,Tomato,Karnataka,True,True
2024-05-03,chikkamagaluru,58.0,1154.0,769.0,1932.0,3,Chikkamagaluru,Tomato,Karnataka,True,True
2024-05-04,chikkamagaluru,47.0,1154.0,1112.0,1846.0,3,Chikkamagaluru,Tomato,Karnataka,True,True
2024-05-05,chikkamagaluru,33.0,1154.0,308.0,1923.0,1,Chikkamagaluru,Tomato,Karnataka,True,True
2024-05-06,chikkamagaluru,42.0,1535.5,1062.5,1781.5,2,Chikkamagaluru,Tomato,Karnataka,True,True
2024-05-07,chikkamagaluru,36.0,1503.0,1030.0,1860.5,2,Chikkamagaluru,Tomato,Karnataka,True,True
2024-05-08,chikkamagaluru,44.0,1618.5,1107.0,1899.0,2,Chikkamagaluru,Tomato,Karnataka,True,True
2024-05-09,chikkamagaluru,36.0,1541.5,1030.0,1937.5,2,Chikkamagaluru,Tomato,Karnataka,True,True
2024-05-10,chikkamagaluru,32.0,1154.0,231.0,1923.0,1,Chikkamagaluru,Tomato,Karnataka,True,True
2024-05-11,chikkamagaluru,28.0,1308.0,308.0,2154.0,1,Chikkamagaluru,Tomato,Karnataka,True,True
2024-05-12,chikkamagaluru,33.0,1154.0,308.0,2000.0,1,Chikkamagaluru,Tomato,Karnataka,True,True
2024-05-13,chikkamagaluru,51.0,1735.5,1185.5,2247.0,2,Chikkamagaluru,Tomato,Karnataka,True,True
2024-05-14,chikkamagaluru,26.0,1735.5,1185.5,2247.0,0,Chikkamagaluru,Tomato,Karnataka,True,False
2024-05-15,chikkamagaluru,39.0,1691.0,1179.5,2125.5,2,Chikkamagaluru,Tomato,Karnataka,True,True
2024-05-16,chikkamagaluru,32.0,2033.0,1833.0,2233.0,1,Chikkamagaluru,Tomato,Karnataka,True,True
2024-05-17,chikkamagaluru,33.0,2033.0,1833.0,2233.0,0,Chikkamagaluru,Tomato,Karnataka,True,False
2024-05-18,chikkamagaluru,34.0,1589.5,1078.0,2062.5,2,Chikkamagaluru,Tomato,Karnataka,True,True
2024-05-19,chikkamagaluru,20.0,1385.0,385.0,2154.0,1,Chikkamagaluru,Tomato,Karnataka,True,True
2024-05-20,chikkamagaluru,23.0,1880.0,1203.5,2749.5,2,Chikkamagaluru,Tomato,Karnataka,True,True
2024-05-21,chikkamagaluru,25.0,1694.0,1029.0,2282.5,2,Chikkamagaluru,Tomato,Karnataka,True,True
2024-05-22,chikkamagaluru,31.0,1385.0,385.0,3077.0,1,Chikkamagaluru,Tomato,Karnataka,True,True
2024-05-23,chikkamagaluru,25.0,1231.0,385.0,3077.0,1,Chikkamagaluru,Tomato,Karnataka,True,True
2024-05-24,chikkamagaluru,31.0,1867.0,1317.0,2763.0,2,Chikkamagaluru,Tomato,Karnataka,True,True
2024-05-25,chikkamagaluru,20.0,1231.0,385.0,2692.0,1,Chikkamagaluru,Tomato,Karnataka,True,True
2024-05-26,chikkamagaluru,18.0,1538.0,769.0,3231.0,1,Chikkamagaluru,Tomato,Karnataka,True,True
2024-05-27,chikkamagaluru,32.0,1846.0,1219.5,2665.5,2,Chikkamagaluru,Tomato,Karnataka,True,True
2024-05-28,chikkamagaluru,26.0,1891.0,1264.5,2903.0,2,Chikkamagaluru,Tomato,Karnataka,True,True
2024-05-29,chikkamagaluru,29.0,1385.0,615.0,3077.0,2,Chikkamagaluru,Tomato,Karnataka,True,True
2024-05-30,chikkamagaluru,27.0,2033.0,1933.0,2133.0,1,Chikkamagaluru,Tomato,Karnataka,True,True
2024-05-31,chikkamagaluru,19.0,1984.0,1884.0,2084.0,1,Chikkamagaluru,Tomato,Karnataka,True,True
2024-06-01,chikkamagaluru,21.0,1308.0,462.0,3077.0,1,Chikkamagaluru,Tomato,Karnataka,True,True
2024-06-02,chikkamagaluru,18.0,1538.0,385.0,3462.0,1,Chikkamagaluru,Tomato,Karnataka,True,True
2024-06-03,chikkamagaluru,23.0,1538.0,385.0,3462.0,0,Chikkamagaluru,Tomato,Karnataka,True,False
2024-06-04,chikkamagaluru,20.0,2236.0,1686.0,3132.0,2,Chikkamagaluru,Tomato,Karnataka,True,True
2024-06-05,chikkamagaluru,16.0,2917.0,2817.0,3017.0,2,Chikkamagaluru,Tomato,Karnataka,True,True
2024-06-06,chikkamagaluru,19.0,1385.0,462.0,3154.0,2,Chikkamagaluru,Tomato,Karnataka,True,True
2024-06-07,chikkamagaluru,25.0,2536.5,1986.5,3432.5,2,Chikkamagaluru,Tomato,Karnataka,True,True
2024-06-08,chikkamagaluru,16.0,1385.0,462.0,3462.0,1,Chikkamagaluru,Tomato,Karnataka,True,True
2024-06-09,chikkamagaluru,14.0,1231.0,385.0,3077.0,1,Chikkamagaluru,Tomato,Karnataka,True,True
2024-06-10,chikkamagaluru,23.0,1231.0,385.0,3077.0,0,Chikkamagaluru,Tomato,Karnataka,True,False
2024-06-11,chikkamagaluru,17.0,2365.5,1911.5,3588.5,2,Chikkamagaluru,Tomato,Karnataka,True,True
2024-06-12,chikkamagaluru,18.0,3922.0,3822.0,4022.0,2,Chikkamagaluru,Tomato,Karnataka,True,True
2024-06-13,chikkamagaluru,103.0,2218.0,1937.0,3191.0,2,Chikkamagaluru,Tomato,Karnataka,True,True
2024-06-14,chikkamagaluru,20.0,2543.5,2020.5,3778.5,2,Chikkamagaluru,Tomato,Karnataka,True,True
2024-06-15,chikkamagaluru,17.0,3175.0,3075.0,3275.0,1,Chikkamagaluru,Tomato,Karnataka,True,True
2024-06-16,chikkamagaluru,17.0,3175.0,3075.0,3275.0,0,Chikkamagaluru,Tomato,Karnataka,False,False
2024-06-17,chikkamagaluru,17.0,3175.0,3075.0,3275.0,0,Chikkamagaluru,Tomato,Karnataka,False,False
2024-06-18,chikkamagaluru,6.0,3736.0,3636.0,3836.0,1,Chikkamagaluru,Tomato,Karnataka,True,True
2024-06-19,chikkamagaluru,90.0,3419.5,2715.5,4738.5,2,Chikkamagaluru,Tomato,Karnataka,True,True
2024-06-20,chikkamagaluru,99.0,3390.5,2236.5,5006.0,2,Chikkamagaluru,Tomato,Karnataka,True,True
2024-06-21,chikkamagaluru,93.0,3334.0,3234.0,3434.0,1,Chikkamagaluru,Tomato,Karnataka,True,True
2024-06-22,chikkamagaluru,93.0,3334.0,3234.0,3434.0,0,Chikkamagaluru,Tomato,Karnataka,False,False
2024-06-23,chikkamagaluru,93.0,3334.0,3234.0,3434.0,0,Chikkamagaluru,Tomato,Karnataka,False,False
2024-06-24,chikkamagaluru,33.0,2679.0,2579.0,3333.0,3,Chikkamagaluru,Tomato,Karnataka,True,True
2024-06-25,chikkamagaluru,21.0,2823.5,2196.5,4604.5,2,Chikkamagaluru,Tomato,Karnataka,True,True
2024-06-26,chikkamagaluru,33.0,2576.5,1872.5,3703.5,2,Chikkamagaluru,Tomato,Karnataka,True,True
2024-06-27,chikkamagaluru,24.0,2466.0,1800.5,3823.5,2,Chikkamagaluru,Tomato,Karnataka,True,True
2024-06-28,chikkamagaluru,46.0,1923.0,538.0,4231.0,1,Chikkamagaluru,Tomato,Karnataka,True,True
2024-06-29,chikkamagaluru,37.0,2902.0,2802.0,3846.0,3,Chikkamagaluru,Tomato,Karnataka,True,True
2024-06-30,chikkamagaluru,37.0,2902.0,2802.0,3846.0,0,Chikkamagaluru,Tomato,Karnataka,False,False
2024-07-01,chikkamagaluru,56.0,1308.0,385.0,4462.0,1,Chikkamagaluru,Tomato,Karnataka,True,True
2024-07-02,chikkamagaluru,30.0,2846.5,1765.5,4088.5,2,Chikkamagaluru,Tomato,Karnataka,True,True
2024-07-03,chikkamagaluru,58.0,2785.5,1927.5,3950.5,2,Chikkamagaluru,Tomato,Karnataka,True,True
2024-07-04,chikkamagaluru,48.0,3424.0,2527.5,4550.5,2,Chikkamagaluru,Tomato,Karnataka,True,True
2024-07-05,chikkamagaluru,62.0,3085.0,2304.0,4327.0,2,Chikkamagaluru,Tomato,Karnataka,True,True
2024-07-06,chikkamagaluru,54.0,3017.5,2121.0,4067.0,2,Chikkamagaluru,Tomato,Karnataka,True,True
2024-07-07,chikkamagaluru,51.0,2154.0,769.0,4462.0,1,Chikkamagaluru,Tomato,Karnataka,True,True
2024-07-08,chikkamagaluru,76.0,3846.0,3125.0,4747.0,1,Chikkamagaluru,Tomato,Karnataka,True,True
2024-07-09,chikkamagaluru,42.0,2966.0,2262.0,4477.5,2,Chikkamagaluru,Tomato,Karnataka,True,True
2024-07-10,chikkamagaluru,70.0,2308.0,769.0,5385.0,2,Chikkamagaluru,Tomato,Karnataka,True,True
2024-07-11,chikkamagaluru,51.0,3346.0,2334.5,4742.5,2,Chikkamagaluru,Tomato,Karnataka,True,True
2024-07-12,chikkamagaluru,76.0,3048.0,2151.5,4751.5,2,Chikkamagaluru,Tomato,Karnataka,True,True
2024-07-13,chikkamagaluru,76.0,3048.0,2151.5,4751.5,0,Chikkamagaluru,Tomato,Karnataka,False,False
2024-07-14,chikkamagaluru,76.0,3048.0,2151.5,4751.5,0,Chikkamagaluru,Tomato,Karnataka,False,False
2024-07-15,chikkamagaluru,99.0,3435.5,2424.0,5101.0,2,Chikkamagaluru,Tomato,Karnataka,True,True
2024-07-16,chikkamagaluru,49.0,4702.0,3459.5,7021.0,2,Chikkamagaluru,Tomato,Karnataka,True,True
2024-07-17,chikkamagaluru,49.0,4702.0,3459.5,7021.0,0,Chikkamagaluru,Tomato,Karnataka,False,False
2024-07-18,chikkamagaluru,109.0,2769.0,769.0,6385.0,2,Chikkamagaluru,Tomato,Karnataka,True,True
2024-07-19,chikkamagaluru,128.0,3588.5,2500.0,5331.0,2,Chikkamagaluru,Tomato,Karnataka,True,True
2024-07-20,chikkamagaluru,77.0,3297.5,2286.0,5078.5,2,Chikkamagaluru,Tomato,Karnataka,True,True
2024-07-21,chikkamagaluru,47.0,2308.0,769.0,5769.0,1,Chikkamagaluru,Tomato,Karnataka,True,True
2024-07-22,chikkamagaluru,125.0,2864.0,2121.5,4721.5,2,Chikkamagaluru,Tomato,Karnataka,True,True
2024-07-23,chikkamagaluru,94.0,3389.0,3289.0,3489.0,2,Chikkamagaluru,Tomato,Karnataka,True,True
2024-07-24,chikkamagaluru,716.0,2234.5,1607.5,3630.5,2,Chikkamagaluru,Tomato,Karnataka,True,True
2024-07-25,chikkamagaluru,77.0,2313.5,1571.0,2979.0,2,Chikkamagaluru,Tomato,Karnataka,True,True
2024-07-26,chikkamagaluru,118.0,1538.0,769.0,3077.0,1,Chikkamagaluru,Tomato,Karnataka,True,True
2024-07-27,chikkamagaluru,51.0,1539.0,385.0,3077.0,1,Chikkamagaluru,Tomato,Karnataka,True,True
2024-07-28,chikkamagaluru,65.0,1539.0,462.0,3231.0,1,Chikkamagaluru,Tomato,Karnataka,True,True
2024-07-29,chikkamagaluru,193.0,1539.0,462.0,3077.0,1,Chikkamagaluru,Tomato,Karnataka,True,True
2024-07-30,chikkamagaluru,106.0,1754.5,1281.5,2689.5,2,Chikkamagaluru,Tomato,Karnataka,True,True
2024-07-31,chikkamagaluru,119.0,1846.5,1412.0,2743.0,2,Chikkamagaluru,Tomato,Karnataka,True,True
2024-08-01,chikkamagaluru,66.0,1385.0,462.0,2692.0,1,Chikkamagaluru,Tomato,Karnataka,True,True
2024-08-02,chikkamagaluru,137.0,1879.0,1779.0,1979.0,1,Chikkamagaluru,Tomato,Karnataka,True,True
2024-08-03,chikkamagaluru,131.0,1589.5,1001.5,2216.5,2,Chikkamagaluru,Tomato,Karnataka,True,True
2024-08-04,chikkamagaluru,131.0,1589.5,1001.5,2216.5,0,Chikkamagaluru,Tomato,Karnataka,False,False
2024-08-05,chikkamagaluru,179.0,2082.0,1982.0,2182.0,1,Chikkamagaluru,Tomato,Karnataka,True,True
2024-08-06,chikkamagaluru,88.0,2034.5,1331.0,2661.5,2,Chikkamagaluru,Tomato,Karnataka,True,True
2024-08-07,chikkamagaluru,120.0,2084.5,1188.5,2634.5,2,Chikkamagaluru,Tomato,Karnataka,True,True
2024-08-08,chikkamagaluru,91.0,1308.0,231.0,2231.0,1,Chikkamagaluru,Tomato,Karnataka,True,True
2024-08-09,chikkamagaluru,173.0,1308.0,231.0,2308.0,2,Chikkamagaluru,Tomato,Karnataka,True,True
2024-08-10,chikkamagaluru,48.0,1385.0,231.0,2308.0,1,Chikkamagaluru,Tomato,Karnataka,True,True
2024-08-11,chikkamagaluru,57.0,1538.0,385.0,2692.0,1,Chikkamagaluru,Tomato,Karnataka,True,True
2024-08-12,chikkamagaluru,295.0,1502.0,875.0,2013.5,2,Chikkamagaluru,Tomato,Karnataka,True,True
2024-08-13,chikkamagaluru,120.0,1154.0,231.0,2154.0,1,Chikkamagaluru,Tomato,Karnataka,True,True
2024-08-14,chikkamagaluru,178.0,1536.5,871.0,2124.5,2,Chikkamagaluru,Tomato,Karnataka,True,True
2024-08-15,chikkamagaluru,178.0,1536.5,871.0,2124.5,0,Chikkamagaluru,Tomato,Karnataka,False,False
2024-08-16,chikkamagaluru,154.0,1854.0,1754.0,19954.0,1,Chikkamagaluru,Tomato,Karnataka,True,True
2024-08-17,chikkamagaluru,40.0,1854.0,1754.0,19954.0,0,Chikkamagaluru,Tomato,Karnataka,True,False
2024-08-18,chikkamagaluru,40.0,1854.0,1754.0,19954.0,0,Chikkamagaluru,Tomato,Karnataka,False,False
2024-08-19,chikkamagaluru,137.0,1664.0,1464.0,1864.0,1,Chikkamagaluru,Tomato,Karnataka,True,True
2024-08-20,chikkamagaluru,147.0,1542.0,1442.0,1642.0,1,Chikkamagaluru,Tomato,Karnataka,True,True
2024-08-21,chikkamagaluru,182.0,1538.0,231.0,2308.0,2,Chikkamagaluru,Tomato,Karnataka,True,True
2024-08-22,chikkamagaluru,102.0,1354.5,727.5,1789.0,2,Chikkamagaluru,Tomato,Karnataka,True,True
2024-08-23,chikkamagaluru,77.0,1429.0,1329.0,1529.0,1,Chikkamagaluru,Tomato,Karnataka,True,True
2024-08-24,chikkamagaluru,77.0,1429.0,1329.0,1529.0,0,Chikkamagaluru,Tomato,Karnataka,False,False
2024-08-25,chikkamagaluru,77.0,1429.0,1329.0,1529.0,0,Chikkamagaluru,Tomato,Karnataka,False,False
2024-08-26,chikkamagaluru,178.0,1730.0,1630.0,1830.0,1,Chikkamagaluru,Tomato,Karnataka,True,True
2024-08-27,chikkamagaluru,81.0,1570.0,1470.0,1670.0,1,Chikkamagaluru,Tomato,Karnataka,True,True
2024-08-28,chikkamagaluru,84.0,1677.0,1577.0,1777.0,1,Chikkamagaluru,Tomato,Karnataka,True,True
2024-08-29,chikkamagaluru,100.0,1419.0,869.0,1853.5,2,Chikkamagaluru,Tomato,Karnataka,True,True
2024-08-30,chikkamagaluru,103.0,1537.0,910.0,1894.5,2,Chikkamagaluru,Tomato,Karnataka,True,True
2024-08-31,chikkamagaluru,65.0,1328.0,816.5,1762.5,2,Chikkamagaluru,Tomato,Karnataka,True,True
2024-09-01,chikkamagaluru,33.0,1385.0,231.0,2154.0,1,Chikkamagaluru,Tomato,Karnataka,True,True
2024-09-02,chikkamagaluru,98.0,1301.0,751.0,1735.5,2,Chikkamagaluru,Tomato,Karnataka,True,True
2024-09-03,chikkamagaluru,70.0,1301.0,751.0,1735.5,0,Chikkamagaluru,Tomato,Karnataka,True,False
2024-09-04,chikkamagaluru,62.0,1231.0,231.0,2154.0,2,Chikkamagaluru,Tomato,Karnataka,True,True
2024-09-05,chikkamagaluru,9.0,2491.0,2291.0,2691.0,1,Chikkamagaluru,Tomato,Karnataka,True,True
2024-09-06,chikkamagaluru,60.0,1385.0,231.0,2154.0,1,Chikkamagaluru,Tomato,Karnataka,True,True
2024-09-07,chikkamagaluru,23.0,1231.0,231.0,2692.0,1,Chikkamagaluru,Tomato,Karnataka,True,True
2024-09-08,chikkamagaluru,29.0,1154.0,231.0,1923.0,1,Chikkamagaluru,Tomato,Karnataka,True,True
2024-09-09,chikkamagaluru,77.0,1772.0,1672.0,1872.0,1,Chikkamagaluru,Tomato,Karnataka,True,True
2024-09-10,chikkamagaluru,28.0,1828.0,1278.0,2224.0,2,Chikkamagaluru,Tomato,Karnataka,True,True
2024-09-11,chikkamagaluru,52.0,1329.5,818.0,1725.5,2,Chikkamagaluru,Tomato,Karnataka,True,True
2024-09-12,chikkamagaluru,22.0,1409.5,859.5,1728.5,2,Chikkamagaluru,Tomato,Karnataka,True,True
2024-09-13,chikkamagaluru,36.0,1356.0,806.0,1752.0,2,Chikkamagaluru,Tomato,Karnataka,True,True
2024-09-14,chikkamagaluru,36.0,1356.0,806.0,1752.0,0,Chikkamagaluru,Tomato,Karnataka,False,False
2024-09-15,chikkamagaluru,36.0,1356.0,806.0,1752.0,0,Chikkamagaluru,Tomato,Karnataka,False,False
2024-09-16,chikkamagaluru,23.0,1154.0,231.0,2154.0,1,Chikkamagaluru,Tomato,Karnataka,True,True
2024-09-17,chikkamagaluru,54.0,1385.0,231.0,1923.0,1,Chikkamagaluru,Tomato,Karnataka,True,True
2024-09-18,chikkamagaluru,39.0,1385.0,231.0,1923.0,0,Chikkamagaluru,Tomato,Karnataka,True,False
2024-09-19,chikkamagaluru,22.0,1673.0,1096.0,2057.5,2,Chikkamagaluru,Tomato,Karnataka,True,True
2024-09-20,chikkamagaluru,32.0,1231.0,231.0,1769.0,2,Chikkamagaluru,Tomato,Karnataka,True,True
2024-09-21,chikkamagaluru,28.0,1154.0,231.0,4615.0,1,Chikkamagaluru,Tomato,Karnataka,True,True
2024-09-22,chikkamagaluru,21.0,1385.0,231.0,4231.0,1,Chikkamagaluru,Tomato,Karnataka,True,True
2024-09-23,chikkamagaluru,31.0,1865.0,1353.5,3388.0,2,Chikkamagaluru,Tomato,Karnataka,True,True
2024-09-24,chikkamagaluru,29.0,1870.0,1243.0,3535.0,2,Chikkamagaluru,Tomato,Karnataka,True,True
2024-09-25,chikkamagaluru,34.0,1870.0,1243.0,3535.0,0,Chikkamagaluru,Tomato,Karnataka,True,False
2024-09-26,chikkamagaluru,26.0,1861.0,1195.5,3487.5,2,Chikkamagaluru,Tomato,Karnataka,True,True
2024-09-27,chikkamagaluru,34.0,2158.0,1454.5,2977.5,2,Chikkamagaluru,Tomato,Karnataka,True,True
2024-09-28,chikkamagaluru,21.0,1385.0,231.0,4231.0,1,Chikkamagaluru,Tomato,Karnataka,True,True
2024-09-29,chikkamagaluru,22.0,1539.0,231.0,4100.0,1,Chikkamagaluru,Tomato,Karnataka,True,True
2024-09-30,chikkamagaluru,54.0,2124.0,1458.5,2981.5,2,Chikkamagaluru,Tomato,Karnataka,True,True
2024-10-01,chikkamagaluru,28.0,2075.0,1409.5,3444.0,2,Chikkamagaluru,Tomato,Karnataka,True,True
2024-10-02,chikkamagaluru,21.0,1385.0,231.0,4231.0,1,Chikkamagaluru,Tomato,Karnataka,True,True
2024-10-03,chikkamagaluru,31.0,1538.0,231.0,4100.0,1,Chikkamagaluru,Tomato,Karnataka,True,True
2024-10-04,chikkamagaluru,27.0,1385.0,231.0,4100.0,1,Chikkamagaluru,Tomato,Karnataka,True,True
2024-10-05,chikkamagaluru,26.0,2928.5,2186.5,3863.5,2,Chikkamagaluru,Tomato,Karnataka,True,True
2024-10-06,chikkamagaluru,22.0,1462.0,231.0,4100.0,1,Chikkamagaluru,Tomato,Karnataka,True,True
2024-10-07,chikkamagaluru,36.0,1462.0,231.0,4100.0,0,Chikkamagaluru,Tomato,Karnataka,True,False
2024-10-08,chikkamagaluru,30.0,2786.0,2082.5,4374.5,2,Chikkamagaluru,Tomato,Karnataka,True,True
2024-10-09,chikkamagaluru,32.0,2786.0,2082.5,4374.5,0,Chikkamagaluru,Tomato,Karnataka,True,False
2024-10-10,chikkamagaluru,23.0,2338.5,1596.5,3965.5,2,Chikkamagaluru,Tomato,Karnataka,True,True
2024-10-11,chikkamagaluru,18.0,1538.0,231.0,4615.0,1,Chikkamagaluru,Tomato,Karnataka,True,True
2024-10-12,chikkamagaluru,18.0,1615.0,231.0,4100.0,1,Chikkamagaluru,Tomato,Karnataka,True,True
2024-10-13,chikkamagaluru,18.0,1557.0,231.0,4769.0,1,Chikkamagaluru,Tomato,Karnataka,True,True
2024-10-14,chikkamagaluru,64.0,1462.0,231.0,4231.0,1,Chikkamagaluru,Tomato,Karnataka,True,True
2024-10-15,chikkamagaluru,21.0,2371.5,1668.0,3960.0,2,Chikkamagaluru,Tomato,Karnataka,True,True
2024-10-16,chikkamagaluru,31.0,1462.0,231.0,4100.0,2,Chikkamagaluru,Tomato,Karnataka,True,True
2024-10-17,chikkamagaluru,16.0,2231.0,231.0,4231.0,1,Chikkamagaluru,Tomato,Karnataka,True,True
2024-10-18,chikkamagaluru,28.0,2412.5,1478.0,3770.0,2,Chikkamagaluru,Tomato,Karnataka,True,True
2024-10-19,chikkamagaluru,6.0,2910.0,2810.0,3010.0,1,Chikkamagaluru,Tomato,Karnataka,True,True
2024-10-20,chikkamagaluru,6.0,2910.0,2810.0,3010.0,0,Chikkamagaluru,Tomato,Karnataka,False,False
2024-10-21,chikkamagaluru,10.0,2921.0,2821.0,3021.0,1,Chikkamagaluru,Tomato,Karnataka,True,True
2024-10-22,chikkamagaluru,4.0,2992.0,2892.0,3092.0,1,Chikkamagaluru,Tomato,Karnataka,True,True
2024-10-23,chikkamagaluru,10.0,2970.0,2870.0,3070.0,1,Chikkamagaluru,Tomato,Karnataka,True,True
2024-10-24,chikkamagaluru,17.0,2282.5,1398.0,3398.0,2,Chikkamagaluru,Tomato,Karnataka,True,True
2024-10-25,chikkamagaluru,23.0,3136.5,1702.0,3955.5,2,Chikkamagaluru,Tomato,Karnataka,True,True
2024-10-26,chikkamagaluru,16.0,1157.0,231.0,3077.0,1,Chikkamagaluru,Tomato,Karnataka,True,True
2024-10-27,chikkamagaluru,17.0,1615.0,308.0,3385.0,1,Chikkamagaluru,Tomato,Karnataka,True,True
2024-10-28,chikkamagaluru,27.0,1462.0,231.0,3077.0,2,Chikkamagaluru,Tomato,Karnataka,True,True
2024-10-29,chikkamagaluru,17.0,1811.0,1196.0,2657.5,2,Chikkamagaluru,Tomato,Karnataka,True,True
2024-10-30,chikkamagaluru,22.0,2248.0,1621.0,3144.0,2,Chikkamagaluru,Tomato,Karnataka,True,True
2024-10-31,chikkamagaluru,22.0,2248.0,1621.0,3144.0,0,Chikkamagaluru,Tomato,Karnataka,False,False
2024-11-01,chikkamagaluru,13.0,1462.0,231.0,3077.0,1,Chikkamagaluru,Tomato,Karnataka,True,True
2024-11-02,chikkamagaluru,14.0,1385.0,231.0,2692.0,1,Chikkamagaluru,Tomato,Karnataka,True,True
2024-11-03,chikkamagaluru,14.0,1538.0,231.0,2615.0,1,Chikkamagaluru,Tomato,Karnataka,True,True
2024-11-04,chikkamagaluru,30.0,1991.0,1325.5,2656.0,2,Chikkamagaluru,Tomato,Karnataka,True,True
2024-11-05,chikkamagaluru,19.0,1153.0,538.0,2692.0,1,Chikkamagaluru,Tomato,Karnataka,True,True
2024-11-06,chikkamagaluru,35.0,2203.0,1191.5,2791.5,2,Chikkamagaluru,Tomato,Karnataka,True,True
2024-11-07,chikkamagaluru,19.0,2246.5,1350.5,2758.0,2,Chikkamagaluru,Tomato,Karnataka,True,True
2024-11-08,chikkamagaluru,33.0,2255.5,1474.5,2767.0,2,Chikkamagaluru,Tomato,Karnataka,True,True
2024-11-09,chikkamagaluru,13.0,1385.0,615.0,2154.0,1,Chikkamagaluru,Tomato,Karnataka,True,True
2024-11-10,chikkamagaluru,14.0,1231.0,692.0,2308.0,1,Chikkamagaluru,Tomato,Karnataka,True,True
2024-11-11,chikkamagaluru,55.0,2133.0,2033.0,2233.0,1,Chikkamagaluru,Tomato,Karnataka,True,True
2024-11-12,chikkamagaluru,21.0,1602.5,1052.5,2152.5,2,Chikkamagaluru,Tomato,Karnataka,True,True
2024-11-13,chikkamagaluru,50.0,1864.5,1755.5,2211.0,3,Chikkamagaluru,Tomato,Karnataka,True,True
2024-11-14,chikkamagaluru,35.0,1615.0,792.0,2923.0,1,Chikkamagaluru,Tomato,Karnataka,True,True
2024-11-15,chikkamagaluru,41.0,2008.0,1851.0,2769.0,3,Chikkamagaluru,Tomato,Karnataka,True,True
2024-11-16,chikkamagaluru,45.0,1868.0,1768.0,2615.0,3,Chikkamagaluru,Tomato,Karnataka,True,True
2024-11-17,chikkamagaluru,45.0,1868.0,1768.0,2615.0,0,Chikkamagaluru,Tomato,Karnataka,False,False
2024-11-18,chikkamagaluru,14.0,1385.0,692.0,2692.0,1,Chikkamagaluru,Tomato,Karnataka,True,True
2024-11-19,chikkamagaluru,97.0,2133.5,1314.0,2645.0,2,Chikkamagaluru,Tomato,Karnataka,True,True
2024-11-20,chikkamagaluru,65.0,2292.5,1423.0,2931.0,2,Chikkamagaluru,Tomato,Karnataka,True,True
2024-11-21,chikkamagaluru,19.0,1923.0,769.0,3461.0,1,Chikkamagaluru,Tomato,Karnataka,True,True
2024-11-22,chikkamagaluru,19.0,1923.0,769.0,3461.0,0,Chikkamagaluru,Tomato,Karnataka,False,False
2024-11-23,chikkamagaluru,19.0,1923.0,769.0,3461.0,0,Chikkamagaluru,Tomato,Karnataka,False,False
2024-11-24,chikkamagaluru,,1923.0,769.0,3461.0,0,Chikkamagaluru,Tomato,Karnataka,False,False
2024-11-25,chikkamagaluru,108.0,2205.0,2105.0,2305.0,1,Chikkamagaluru,Tomato,Karnataka,True,True
2024-11-26,chikkamagaluru,108.0,2205.0,2105.0,2305.0,0,Chikkamagaluru,Tomato,Karnataka,False,False
2024-11-27,chikkamagaluru,32.0,2155.0,2055.0,2255.0,1,Chikkamagaluru,Tomato,Karnataka,True,True
2024-11-28,chikkamagaluru,7.0,2899.0,2799.0,2999.0,1,Chikkamagaluru,Tomato,Karnataka,True,True
2024-11-29,chikkamagaluru,7.0,2899.0,2799.0,2999.0,0,Chikkamagaluru,Tomato,Karnataka,False,False
2024-11-30,chikkamagaluru,7.0,2899.0,2799.0,2999.0,0,Chikkamagaluru,Tomato,Karnataka,False,False
2024-12-01,chikkamagaluru,,2899.0,2799.0,2999.0,0,Chikkamagaluru,Tomato,Karnataka,False,False
2024-12-02,chikkamagaluru,60.0,2479.0,1659.5,3298.0,2,Chikkamagaluru,Tomato,Karnataka,True,True
2024-12-03,chikkamagaluru,110.0,2514.0,1887.0,3564.0,2,Chikkamagaluru,Tomato,Karnataka,True,True
2024-12-04,chikkamagaluru,38.0,2826.0,2726.0,2926.0,2,Chikkamagaluru,Tomato,Karnataka,True,True
2024-12-05,chikkamagaluru,18.0,2265.0,1830.5,3046.0,2,Chikkamagaluru,Tomato,Karnataka,True,True
2024-12-06,chikkamagaluru,14.0,2265.0,1830.5,3046.0,0,Chikkamagaluru,Tomato,Karnataka,True,False
2024-12-07,chikkamagaluru,15.0,1615.0,769.0,3231.0,1,Chikkamagaluru,Tomato,Karnataka,True,True
2024-12-08,chikkamagaluru,12.0,1923.0,769.0,3077.0,1,Chikkamagaluru,Tomato,Karnataka,True,True
2024-12-09,chikkamagaluru,19.0,1154.0,615.0,1538.0,1,Chikkamagaluru,Tomato,Karnataka,True,True
2024-12-10,chikkamagaluru,16.0,1154.0,615.0,1538.0,0,Chikkamagaluru,Tomato,Karnataka,True,False
2024-12-11,chikkamagaluru,16.0,1154.0,615.0,1538.0,0,Chikkamagaluru,Tomato,Karnataka,False,False
2024-12-12,chikkamagaluru,77.0,1399.5,1074.0,1642.0,2,Chikkamagaluru,Tomato,Karnataka,True,True
2024-12-13,chikkamagaluru,44.0,1587.0,1306.0,1867.5,2,Chikkamagaluru,Tomato,Karnataka,True,True
2024-12-14,chikkamagaluru,17.0,923.0,615.0,1462.0,1,Chikkamagaluru,Tomato,Karnataka,True,True
2024-12-15,chikkamagaluru,12.0,769.0,615.0,1231.0,1,Chikkamagaluru,Tomato,Karnataka,True,True
2024-12-16,chikkamagaluru,120.0,769.0,615.0,1308.0,2,Chikkamagaluru,Tomato,Karnataka,True,True
2024-12-17,chikkamagaluru,45.0,769.0,615.0,1308.0,0,Chikkamagaluru,Tomato,Karnataka,True,False
2024-12-18,chikkamagaluru,92.0,1534.5,1138.0,1815.0,2,Chikkamagaluru,Tomato,Karnataka,True,True
2024-12-19,chikkamagaluru,38.0,1565.0,1322.5,1884.0,2,Chikkamagaluru,Tomato,Karnataka,True,True
2024-12-20,chikkamagaluru,103.0,1292.0,1088.0,1572.5,2,Chikkamagaluru,Tomato,Karnataka,True,True
2024-12-21,chikkamagaluru,43.0,1077.0,769.0,1538.0,1,Chikkamagaluru,Tomato,Karnataka,True,True
2024-12-22,chikkamagaluru,9.0,923.0,769.0,1154.0,1,Chikkamagaluru,Tomato,Karnataka,True,True
2024-12-23,chikkamagaluru,52.0,1526.5,1284.5,1961.5,2,Chikkamagaluru,Tomato,Karnataka,True,True
2024-12-24,chikkamagaluru,22.0,1979.0,1879.0,2079.0,1,Chikkamagaluru,Tomato,Karnataka,True,True
2024-12-25,chikkamagaluru,22.0,1979.0,1879.0,2079.0,0,Chikkamagaluru,Tomato,Karnataka,False,False
2024-12-26,chikkamagaluru,55.0,2263.0,2063.0,2463.0,1,Chikkamagaluru,Tomato,Karnataka,True,True
2024-12-27,chikkamagaluru,98.0,1077.0,615.0,1538.0,1,Chikkamagaluru,Tomato,Karnataka,True,True
2024-12-28,chikkamagaluru,72.0,1154.0,769.0,1846.0,1,Chikkamagaluru,Tomato,Karnataka,True,True
2024-12-29,chikkamagaluru,72.0,1154.0,769.0,1846.0,0,Chikkamagaluru,Tomato,Karnataka,False,False
2024-12-30,chikkamagaluru,83.0,1308.5,1258.5,1474.0,2,Chikkamagaluru,Tomato,Karnataka,True,True
2024-12-31,chikkamagaluru,34.0,1379.0,1252.0,1506.0,2,Chikkamagaluru,Tomato,Karnataka,True,True
2025-01-01,chikkamagaluru,65.0,1510.0,1410.0,1610.0,1,Chikkamagaluru,Tomato,Karnataka,True,True
2025-01-02,chikkamagaluru,105.0,1183.5,1056.5,1426.0,2,Chikkamagaluru,Tomato,Karnataka,True,True
2025-01-03,chikkamagaluru,31.0,1184.5,1096.0,1311.5,2,Chikkamagaluru,Tomato,Karnataka,True,True
2025-01-04,chikkamagaluru,40.0,769.0,614.0,923.0,1,Chikkamagaluru,Tomato,Karnataka,True,True
2025-01-05,chikkamagaluru,15.0,846.0,615.0,1308.0,1,Chikkamagaluru,Tomato,Karnataka,True,True
2025-01-06,chikkamagaluru,36.0,1148.5,1021.5,1237.0,2,Chikkamagaluru,Tomato,Karnataka,True,True
2025-01-07,chikkamagaluru,105.0,769.0,615.0,1154.0,1,Chikkamagaluru,Tomato,Karnataka,True,True
2025-01-08,chikkamagaluru,12.0,1412.0,1212.0,1612.0,1,Chikkamagaluru,Tomato,Karnataka,True,True
2025-01-09,chikkamagaluru,20.0,1141.5,1053.0,1345.5,2,Chikkamagaluru,Tomato,Karnataka,True,True
2025-01-10,chikkamagaluru,40.0,1328.0,1228.0,1428.0,1,Chikkamagaluru,Tomato,Karnataka,True,True
2025-01-11,chikkamagaluru,14.0,1154.0,769.0,1615.0,1,Chikkamagaluru,Tomato,Karnataka,True,True
2025-01-12,chikkamagaluru,15.0,846.0,615.0,1385.0,1,Chikkamagaluru,Tomato,Karnataka,True,True
2025-01-13,chikkamagaluru,43.0,1068.0,979.5,1195.0,2,Chikkamagaluru,Tomato,Karnataka,True,True
2025-01-14,chikkamagaluru,43.0,1068.0,979.5,1195.0,0,Chikkamagaluru,Tomato,Karnataka,False,False
2025-01-15,chikkamagaluru,47.0,1095.0,1006.5,1222.0,2,Chikkamagaluru,Tomato,Karnataka,True,True
2025-01-16,chikkamagaluru,14.0,1032.5,956.0,1109.5,2,Chikkamagaluru,Tomato,Karnataka,True,True
2025-01-17,chikkamagaluru,28.0,1032.5,956.0,1109.5,0,Chikkamagaluru,Tomato,Karnataka,True,False
2025-01-18,chikkamagaluru,24.0,769.0,615.0,1154.0,2,Chikkamagaluru,Tomato,Karnataka,True,True
2025-01-19,chikkamagaluru,10.0,615.0,538.0,846.0,1,Chikkamagaluru,Tomato,Karnataka,True,True
2025-01-20,chikkamagaluru,37.0,1215.0,1115.0,1315.0,1,Chikkamagaluru,Tomato,Karnataka,True,True
2025-01-21,chikkamagaluru,34.0,769.0,615.0,1000.0,1,Chikkamagaluru,Tomato,Karnataka,True,True
2025-01-22,chikkamagaluru,25.0,769.0,615.0,1154.0,1,Chikkamagaluru,Tomato,Karnataka,True,True
2025-01-23,chikkamagaluru,94.0,1180.5,1065.0,1373.0,2,Chikkamagaluru,Tomato,Karnataka,True,True
2025-01-24,chikkamagaluru,111.0,1302.0,1175.0,1506.0,2,Chikkamagaluru,Tomato,Karnataka,True,True
2025-01-25,chikkamagaluru,111.0,1302.0,1175.0,1506.0,0,Chikkamagaluru,Tomato,Karnataka,False,False
2025-01-26,chikkamagaluru,111.0,1302.0,1175.0,1506.0,0,Chikkamagaluru,Tomato,Karnataka,False,False
2025-01-27,chikkamagaluru,28.0,1364.0,1264.0,1464.0,1,Chikkamagaluru,Tomato,Karnataka,True,True
2025-01-28,chikkamagaluru,103.0,1169.0,1119.0,1680.5,2,Chikkamagaluru,Tomato,Karnataka,True,True
2025-01-29,chikkamagaluru,8.0,1220.0,1120.0,1320.0,1,Chikkamagaluru,Tomato,Karnataka,True,True
2025-01-30,chikkamagaluru,88.0,1306.5,871.5,1452.5,2,Chikkamagaluru,Tomato,Karnataka,True,True
2025-01-31,chikkamagaluru,97.0,1707.0,1272.0,1872.0,2,Chikkamagaluru,Tomato,Karnataka,True,True
2025-02-01,chikkamagaluru,3.0,1961.0,1861.0,2061.0,1,Chikkamagaluru,Tomato,Karnataka,True,True
2025-02-02,chikkamagaluru,3.0,1961.0,1861.0,2061.0,0,Chikkamagaluru,Tomato,Karnataka,False,False
2025-02-03,chikkamagaluru,10.0,1961.0,1861.0,2061.0,0,Chikkamagaluru,Tomato,Karnataka,True,False
2025-02-04,chikkamagaluru,85.0,769.0,615.0,1154.0,1,Chikkamagaluru,Tomato,Karnataka,True,True
2025-02-05,chikkamagaluru,69.0,1201.5,1074.5,1482.5,2,Chikkamagaluru,Tomato,Karnataka,True,True
2025-02-06,chikkamagaluru,103.0,769.0,615.0,1231.0,1,Chikkamagaluru,Tomato,Karnataka,True,True
2025-02-07,chikkamagaluru,104.0,1313.5,1148.0,1633.0,2,Chikkamagaluru,Tomato,Karnataka,True,True
2025-02-08,chikkamagaluru,104.0,1313.5,1148.0,1633.0,0,Chikkamagaluru,Tomato,Karnataka,False,False
2025-02-09,chikkamagaluru,104.0,1313.5,1148.0,1633.0,0,Chikkamagaluru,Tomato,Karnataka,False,False
2025-02-10,chikkamagaluru,93.0,846.0,615.0,1385.0,1,Chikkamagaluru,Tomato,Karnataka,True,True
2025-02-11,chikkamagaluru,67.0,769.0,615.0,1231.0,1,Chikkamagaluru,Tomato,Karnataka,True,True
2025-02-12,chikkamagaluru,86.0,1236.0,1070.5,1555.5,2,Chikkamagaluru,Tomato,Karnataka,True,True
2025-02-13,chikkamagaluru,84.0,1158.5,1070.0,1593.0,2,Chikkamagaluru,Tomato,Karnataka,True,True
2025-02-14,chikkamagaluru,85.0,1437.0,1337.0,1537.0,2,Chikkamagaluru,Tomato,Karnataka,True,True
2025-02-15,chikkamagaluru,73.0,1154.0,1027.0,1512.0,2,Chikkamagaluru,Tomato,Karnataka,True,True
2025-02-16,chikkamagaluru,64.0,769.0,615.0,1231.0,1,Chikkamagaluru,Tomato,Karnataka,True,True
2025-02-17,chikkamagaluru,68.0,1048.0,921.0,1213.5,2,Chikkamagaluru,Tomato,Karnataka,True,True
2025-02-18,chikkamagaluru,108.0,1048.0,921.0,1213.5,0,Chikkamagaluru,Tomato,Karnataka,True,False
2025-02-19,chikkamagaluru,18.0,1088.5,961.5,1215.5,2,Chikkamagaluru,Tomato,Karnataka,True,True
2025-02-20,chikkamagaluru,16.0,1115.5,988.5,1396.5,2,Chikkamagaluru,Tomato,Karnataka,True,True
2025-02-21,chikkamagaluru,20.0,1109.0,982.0,1274.5,2,Chikkamagaluru,Tomato,Karnataka,True,True
2025-02-22,chikkamagaluru,20.0,1109.0,982.0,1274.5,0,Chikkamagaluru,Tomato,Karnataka,False,False
2025-02-23,chikkamagaluru,20.0,1109.0,982.0,1274.5,0,Chikkamagaluru,Tomato,Karnataka,False,False
2025-02-24,chikkamagaluru,20.0,1325.0,1225.0,1425.0,1,Chikkamagaluru,Tomato,Karnataka,True,True
2025-02-25,chikkamagaluru,6.0,1462.0,1362.0,1562.0,1,Chikkamagaluru,Tomato,Karnataka,True,True
2025-02-26,chikkamagaluru,6.0,1462.0,1362.0,1562.0,0,Chikkamagaluru,Tomato,Karnataka,False,False
2025-02-27,chikkamagaluru,41.0,1087.5,960.5,1291.5,2,Chikkamagaluru,Tomato,Karnataka,True,True
2025-02-28,chikkamagaluru,25.0,1053.5,888.0,1219.0,2,Chikkamagaluru,Tomato,Karnataka,True,True
2025-03-01,chikkamagaluru,22.0,1038.0,911.0,1165.0,2,Chikkamagaluru,Tomato,Karnataka,True,True
2025-03-02,chikkamagaluru,22.0,1038.0,911.0,1165.0,0,Chikkamagaluru,Tomato,Karnataka,False,False
2025-03-03,chikkamagaluru,22.0,1038.0,911.0,1165.0,0,Chikkamagaluru,Tomato,Karnataka,False,False
2025-03-04,chikkamagaluru,,1323.0,1223.0,1423.0,1,Chikkamagaluru,Tomato,Karnataka,False,True
2025-03-05,chikkamagaluru,,1323.0,1223.0,1423.0,0,Chikkamagaluru,Tomato,Karnataka,False,False
2025-03-06,chikkamagaluru,,1323.0,1223.0,1423.0,0,Chikkamagaluru,Tomato,Karnataka,False,False
2025-03-07,chikkamagaluru,,1323.0,1223.0,1423.0,0,Chikkamagaluru,Tomato,Karnataka,False,False
2025-03-08,chikkamagaluru,,,,,0,Chikkamagaluru,Tomato,Karnataka,False,False
2025-03-09,chikkamagaluru,,,,,0,Chikkamagaluru,Tomato,Karnataka,False,False
2025-03-10,chikkamagaluru,,,,,0,Chikkamagaluru,Tomato,Karnataka,False,False
2025-03-11,chikkamagaluru,,,,,0,Chikkamagaluru,Tomato,Karnataka,False,False
2025-03-12,chikkamagaluru,,,,,0,Chikkamagaluru,Tomato,Karnataka,False,False
2025-03-13,chikkamagaluru,,,,,0,Chikkamagaluru,Tomato,Karnataka,False,False
2025-03-14,chikkamagaluru,9.0,1282.0,1182.0,1382.0,1,Chikkamagaluru,Tomato,Karnataka,True,True
2025-03-15,chikkamagaluru,13.0,1128.0,1028.0,1228.0,1,Chikkamagaluru,Tomato,Karnataka,True,True
2025-03-16,chikkamagaluru,13.0,1128.0,1028.0,1228.0,0,Chikkamagaluru,Tomato,Karnataka,False,False
2025-03-17,chikkamagaluru,20.0,1111.0,1011.0,1211.0,1,Chikkamagaluru,Tomato,Karnataka,True,True
2025-03-18,chikkamagaluru,8.0,1082.0,982.0,1182.0,1,Chikkamagaluru,Tomato,Karnataka,True,True
2025-03-19,chikkamagaluru,15.0,1111.0,1011.0,1211.0,1,Chikkamagaluru,Tomato,Karnataka,True,True
2025-03-20,chikkamagaluru,7.0,1191.0,1091.0,1291.0,1,Chikkamagaluru,Tomato,Karnataka,True,True
2025-03-21,chikkamagaluru,17.0,1149.0,1049.0,1249.0,1,Chikkamagaluru,Tomato,Karnataka,True,True
2025-03-22,chikkamagaluru,17.0,1149.0,1049.0,1249.0,0,Chikkamagaluru,Tomato,Karnataka,False,False
2025-03-23,chikkamagaluru,17.0,1149.0,1049.0,1249.0,0,Chikkamagaluru,Tomato,Karnataka,False,False
2025-03-24,chikkamagaluru,,1149.0,1049.0,1249.0,0,Chikkamagaluru,Tomato,Karnataka,False,False
2025-03-25,chikkamagaluru,,,,,0,Chikkamagaluru,Tomato,Karnataka,False,False
2025-03-26,chikkamagaluru,,,,,0,Chikkamagaluru,Tomato,Karnataka,False,False
2025-03-27,chikkamagaluru,,,,,0,Chikkamagaluru,Tomato,Karnataka,False,False
2025-03-28,chikkamagaluru,,,,,0,Chikkamagaluru,Tomato,Karnataka,False,False
2025-03-29,chikkamagaluru,,,,,0,Chikkamagaluru,Tomato,Karnataka,False,False
2025-03-30,chikkamagaluru,,,,,0,Chikkamagaluru,Tomato,Karnataka,False,False
2025-03-31,chikkamagaluru,,,,,0,Chikkamagaluru,Tomato,Karnataka,False,False
2025-04-01,chikkamagaluru,,,,,0,Chikkamagaluru,Tomato,Karnataka,False,False
2025-04-02,chikkamagaluru,,,,,0,Chikkamagaluru,Tomato,Karnataka,False,False
2025-04-03,chikkamagaluru,9.0,1111.0,1011.0,1211.0,1,Chikkamagaluru,Tomato,Karnataka,True,True
2025-04-04,chikkamagaluru,20.0,1178.0,1078.0,1278.0,1,Chikkamagaluru,Tomato,Karnataka,True,True
2025-04-05,chikkamagaluru,10.0,1094.0,994.0,1194.0,1,Chikkamagaluru,Tomato,Karnataka,True,True
2025-04-06,chikkamagaluru,10.0,1094.0,994.0,1194.0,0,Chikkamagaluru,Tomato,Karnataka,False,False
2025-04-07,chikkamagaluru,9.0,1163.0,1063.0,1263.0,1,Chikkamagaluru,Tomato,Karnataka,True,True
2025-04-08,chikkamagaluru,13.0,1227.0,1127.0,1327.0,1,Chikkamagaluru,Tomato,Karnataka,True,True
2025-04-09,chikkamagaluru,14.0,1460.0,1360.0,1560.0,1,Chikkamagaluru,Tomato,Karnataka,True,True
2025-04-10,chikkamagaluru,14.0,1460.0,1360.0,1560.0,0,Chikkamagaluru,Tomato,Karnataka,False,False
2025-04-11,chikkamagaluru,15.0,1802.0,1702.0,1902.0,1,Chikkamagaluru,Tomato,Karnataka,True,True
2025-04-12,chikkamagaluru,15.0,1802.0,1702.0,1902.0,0,Chikkamagaluru,Tomato,Karnataka,False,False
2025-04-13,chikkamagaluru,15.0,1802.0,1702.0,1902.0,0,Chikkamagaluru,Tomato,Karnataka,False,False
2025-04-14,chikkamagaluru,,1802.0,1702.0,1902.0,0,Chikkamagaluru,Tomato,Karnataka,False,False
2025-04-15,chikkamagaluru,22.0,1543.0,1443.0,1643.0,1,Chikkamagaluru,Tomato,Karnataka,True,True
2025-04-16,chikkamagaluru,14.0,1399.0,1299.0,1499.0,1,Chikkamagaluru,Tomato,Karnataka,True,True
2025-04-17,chikkamagaluru,3.0,1334.0,1334.0,1334.0,1,Chikkamagaluru,Tomato,Karnataka,True,True
2025-04-18,chikkamagaluru,3.0,1334.0,1334.0,1334.0,0,Chikkamagaluru,Tomato,Karnataka,False,False
2025-04-19,chikkamagaluru,17.0,1397.0,1297.0,1497.0,1,Chikkamagaluru,Tomato,Karnataka,True,True
2025-04-20,chikkamagaluru,17.0,1397.0,1297.0,1497.0,0,Chikkamagaluru,Tomato,Karnataka,False,False
2025-04-21,chikkamagaluru,12.0,1221.0,1121.0,1321.0,1,Chikkamagaluru,Tomato,Karnataka,True,True
2025-04-22,chikkamagaluru,6.0,1221.0,1121.0,1321.0,0,Chikkamagaluru,Tomato,Karnataka,True,False
2025-04-23,chikkamagaluru,5.0,1334.0,1234.0,1434.0,1,Chikkamagaluru,Tomato,Karnataka,True,True
2025-04-24,chikkamagaluru,7.0,1334.0,1234.0,1434.0,0,Chikkamagaluru,Tomato,Karnataka,True,False
2025-04-25,chikkamagaluru,17.0,1515.0,1415.0,1615.0,1,Chikkamagaluru,Tomato,Karnataka,True,True
2025-04-26,chikkamagaluru,17.0,1515.0,1415.0,1615.0,0,Chikkamagaluru,Tomato,Karnataka,False,False
2025-04-27,chikkamagaluru,17.0,1515.0,1415.0,1615.0,0,Chikkamagaluru,Tomato,Karnataka,False,False
2025-04-28,chikkamagaluru,12.0,1541.0,1441.0,1641.0,1,Chikkamagaluru,Tomato,Karnataka,True,True
2025-04-29,chikkamagaluru,8.0,1535.0,1435.0,1635.0,1,Chikkamagaluru,Tomato,Karnataka,True,True
2025-04-30,chikkamagaluru,8.0,1535.0,1435.0,1635.0,0,Chikkamagaluru,Tomato,Karnataka,False,False
2025-05-01,chikkamagaluru,8.0,1535.0,1435.0,1635.0,0,Chikkamagaluru,Tomato,Karnataka,False,False
2025-05-02,chikkamagaluru,22.0,1507.0,1407.0,1607.0,1,Chikkamagaluru,Tomato,Karnataka,True,True
2025-05-03,chikkamagaluru,11.0,1755.0,1655.0,1855.0,1,Chikkamagaluru,Tomato,Karnataka,True,True
2025-05-04,chikkamagaluru,11.0,1755.0,1655.0,1855.0,0,Chikkamagaluru,Tomato,Karnataka,False,False
2025-05-05,chikkamagaluru,7.0,1768.0,1668.0,1868.0,1,Chikkamagaluru,Tomato,Karnataka,True,True
2025-05-06,chikkamagaluru,5.0,1852.0,1752.0,1952.0,1,Chikkamagaluru,Tomato,Karnataka,True,True
2025-05-07,chikkamagaluru,7.0,1802.0,1702.0,1902.0,1,Chikkamagaluru,Tomato,Karnataka,True,True
2025-05-08,chikkamagaluru,5.0,1773.0,1673.0,1873.0,1,Chikkamagaluru,Tomato,Karnataka,True,True
2025-05-09,chikkamagaluru,9.0,1434.0,1334.0,1534.0,1,Chikkamagaluru,Tomato,Karnataka,True,True
2025-05-10,chikkamagaluru,9.0,1434.0,1334.0,1534.0,0,Chikkamagaluru,Tomato,Karnataka,False,False
2025-05-11,chikkamagaluru,9.0,1434.0,1334.0,1534.0,0,Chikkamagaluru,Tomato,Karnataka,False,False
2025-05-12,chikkamagaluru,10.0,1457.0,1357.0,1557.0,1,Chikkamagaluru,Tomato,Karnataka,True,True
2025-05-13,chikkamagaluru,8.0,1440.0,1340.0,1540.0,1,Chikkamagaluru,Tomato,Karnataka,True,True
2025-05-14,chikkamagaluru,7.0,1492.0,1449.0,1515.0,1,Chikkamagaluru,Tomato,Karnataka,True,True
2025-05-15,chikkamagaluru,6.0,1488.0,1388.0,1588.0,1,Chikkamagaluru,Tomato,Karnataka,True,True
2025-05-16,chikkamagaluru,5.0,1811.0,1711.0,1911.0,1,Chikkamagaluru,Tomato,Karnataka,True,True
2025-05-17,chikkamagaluru,8.0,1667.0,1567.0,1767.0,1,Chikkamagaluru,Tomato,Karnataka,True,True
2025-05-18,chikkamagaluru,8.0,1667.0,1567.0,1767.0,0,Chikkamagaluru,Tomato,Karnataka,False,False
2025-05-19,chikkamagaluru,5.0,1415.0,1315.0,1515.0,1,Chikkamagaluru,Tomato,Karnataka,True,True
2025-05-20,chikkamagaluru,3.0,1786.0,1686.0,1886.0,1,Chikkamagaluru,Tomato,Karnataka,True,True
2025-05-21,chikkamagaluru,2.0,1852.0,1852.0,1852.0,1,Chikkamagaluru,Tomato,Karnataka,True,True
2025-05-22,chikkamagaluru,5.0,1634.0,1534.0,1734.0,1,Chikkamagaluru,Tomato,Karnataka,True,True
2025-05-23,chikkamagaluru,22.0,1370.0,1270.0,1470.0,1,Chikkamagaluru,Tomato,Karnataka,True,True
2025-05-24,chikkamagaluru,22.0,1370.0,1270.0,1470.0,0,Chikkamagaluru,Tomato,Karnataka,False,False
2025-05-25,chikkamagaluru,22.0,1370.0,1270.0,1470.0,0,Chikkamagaluru,Tomato,Karnataka,False,False
2025-05-26,chikkamagaluru,12.0,2137.0,2037.0,2237.0,1,Chikkamagaluru,Tomato,Karnataka,True,True
2025-05-27,chikkamagaluru,3.0,2525.0,2425.0,2625.0,1,Chikkamagaluru,Tomato,Karnataka,True,True
2025-05-28,chikkamagaluru,12.0,2361.0,2261.0,2461.0,1,Chikkamagaluru,Tomato,Karnataka,True,True
2025-05-29,chikkamagaluru,3.0,2451.0,2251.0,2651.0,1,Chikkamagaluru,Tomato,Karnataka,True,True
2025-05-30,chikkamagaluru,9.0,1967.0,1867.0,2067.0,1,Chikkamagaluru,Tomato,Karnataka,True,True
2025-05-31,chikkamagaluru,3.0,1961.0,1861.0,2061.0,1,Chikkamagaluru,Tomato,Karnataka,True,True
2025-06-01,chikkamagaluru,3.0,1961.0,1861.0,2061.0,0,Chikkamagaluru,Tomato,Karnataka,False,False
2025-06-02,chikkamagaluru,10.0,2084.0,1984.0,2184.0,1,Chikkamagaluru,Tomato,Karnataka,True,True
2025-06-03,chikkamagaluru,10.0,2084.0,1984.0,2184.0,0,Chikkamagaluru,Tomato,Karnataka,False,False
2025-06-04,chikkamagaluru,17.0,1551.0,1451.0,1651.0,1,Chikkamagaluru,Tomato,Karnataka,True,True
2025-06-05,chikkamagaluru,2.0,1588.0,1488.0,1688.0,1,Chikkamagaluru,Tomato,Karnataka,True,True
2025-06-06,chikkamagaluru,6.0,1819.0,1719.0,1919.0,1,Chikkamagaluru,Tomato,Karnataka,True,True
2025-06-07,chikkamagaluru,6.0,1819.0,1719.0,1919.0,0,Chikkamagaluru,Tomato,Karnataka,False,False
2025-06-08,chikkamagaluru,6.0,1819.0,1719.0,1919.0,0,Chikkamagaluru,Tomato,Karnataka,False,False
2025-06-09,chikkamagaluru,47.0,1769.0,1669.0,1869.0,1,Chikkamagaluru,Tomato,Karnataka,True,True
2025-06-10,chikkamagaluru,5.0,1634.0,1534.0,1734.0,1,Chikkamagaluru,Tomato,Karnataka,True,True
2025-06-11,chikkamagaluru,44.0,1634.0,1534.0,1734.0,0,Chikkamagaluru,Tomato,Karnataka,True,False
2025-06-12,chikkamagaluru,13.0,2667.0,2567.0,2767.0,1,Chikkamagaluru,Tomato,Karnataka,True,True
2025-06-13,chikkamagaluru,40.0,2458.0,2358.0,2558.0,1,Chikkamagaluru,Tomato,Karnataka,True,True
2025-06-14,chikkamagaluru,40.0,2458.0,2358.0,2558.0,0,Chikkamagaluru,Tomato,Karnataka,False,False
2025-06-15,chikkamagaluru,40.0,2458.0,2358.0,2558.0,0,Chikkamagaluru,Tomato,Karnataka,False,False
2025-06-16,chikkamagaluru,134.0,1884.0,1784.0,1984.0,1,Chikkamagaluru,Tomato,Karnataka,True,True
2025-06-17,chikkamagaluru,14.0,1736.0,1636.0,1836.0,1,Chikkamagaluru,Tomato,Karnataka,True,True
2025-06-18,chikkamagaluru,55.0,2232.0,2132.0,2332.0,1,Chikkamagaluru,Tomato,Karnataka,True,True
2025-06-19,chikkamagaluru,24.0,1937.0,1837.0,2037.0,1,Chikkamagaluru,Tomato,Karnataka,True,True
2025-06-20,chikkamagaluru,89.0,1974.0,1874.0,2074.0,1,Chikkamagaluru,Tomato,Karnataka,True,True
2025-06-21,chikkamagaluru,43.0,1925.0,1825.0,2025.0,1,Chikkamagaluru,Tomato,Karnataka,True,True
2025-06-22,chikkamagaluru,43.0,1925.0,1825.0,2025.0,0,Chikkamagaluru,Tomato,Karnataka,False,False
2025-06-23,chikkamagaluru,85.0,1893.0,1793.0,1993.0,1,Chikkamagaluru,Tomato,Karnataka,True,True
2025-06-24,chikkamagaluru,30.0,1993.0,1893.0,2093.0,1,Chikkamagaluru,Tomato,Karnataka,True,True
2025-06-25,chikkamagaluru,47.0,2356.0,2256.0,2456.0,1,Chikkamagaluru,Tomato,Karnataka,True,True
2025-06-26,chikkamagaluru,14.0,2398.0,2298.0,2498.0,1,Chikkamagaluru,Tomato,Karnataka,True,True
2025-06-27,chikkamagaluru,90.0,1951.0,1851.0,2051.0,1,Chikkamagaluru,Tomato,Karnataka,True,True
2025-06-28,chikkamagaluru,90.0,1951.0,1851.0,2051.0,0,Chikkamagaluru,Tomato,Karnataka,False,False
2025-06-29,chikkamagaluru,90.0,1951.0,1851.0,2051.0,0,Chikkamagaluru,Tomato,Karnataka,False,False
2025-06-30,chikkamagaluru,124.0,1951.0,1851.0,2051.0,0,Chikkamagaluru,Tomato,Karnataka,True,False
2025-07-01,chikkamagaluru,30.0,2492.0,2392.0,2592.0,1,Chikkamagaluru,Tomato,Karnataka,True,True
2025-07-02,chikkamagaluru,30.0,2025.0,1925.0,2125.0,1,Chikkamagaluru,Tomato,Karnataka,False,True
2025-07-03,chikkamagaluru,25.0,1976.0,1876.0,2076.0,1,Chikkamagaluru,Tomato,Karnataka,True,True
2025-07-04,chikkamagaluru,93.0,1951.0,1851.0,2051.0,1,Chikkamagaluru,Tomato,Karnataka,True,True
2025-07-05,chikkamagaluru,77.0,1916.0,1816.0,2016.0,1,Chikkamagaluru,Tomato,Karnataka,True,True
2025-07-06,chikkamagaluru,77.0,1916.0,1816.0,2016.0,0,Chikkamagaluru,Tomato,Karnataka,False,False
2025-07-07,chikkamagaluru,103.0,1844.0,1744.0,1944.0,1,Chikkamagaluru,Tomato,Karnataka,True,True
2025-07-08,chikkamagaluru,43.0,1809.0,1709.0,1909.0,1,Chikkamagaluru,Tomato,Karnataka,True,True
2025-07-09,chikkamagaluru,99.0,1915.0,1815.0,2015.0,1,Chikkamagaluru,Tomato,Karnataka,True,True
2025-07-10,chikkamagaluru,44.0,1959.0,1589.0,2059.0,1,Chikkamagaluru,Tomato,Karnataka,True,True
2025-07-11,chikkamagaluru,88.0,1845.0,1745.0,1945.0,1,Chikkamagaluru,Tomato,Karnataka,True,True
2025-07-12,chikkamagaluru,88.0,1845.0,1745.0,1945.0,0,Chikkamagaluru,Tomato,Karnataka,False,False
2025-07-13,chikkamagaluru,88.0,1845.0,1745.0,1945.0,0,Chikkamagaluru,Tomato,Karnataka,False,False
2025-07-14,chikkamagaluru,169.0,1833.0,1733.0,1933.0,1,Chikkamagaluru,Tomato,Karnataka,True,True
2025-07-15,chikkamagaluru,75.0,1731.0,1631.0,1831.0,1,Chikkamagaluru,Tomato,Karnataka,True,True
2025-07-16,chikkamagaluru,132.0,1754.0,1654.0,1854.0,1,Chikkamagaluru,Tomato,Karnataka,True,True
2025-07-17,chikkamagaluru,41.0,1780.0,1680.0,1880.0,1,Chikkamagaluru,Tomato,Karnataka,True,True
2025-07-18,chikkamagaluru,133.0,1431.0,1331.0,1531.0,1,Chikkamagaluru,Tomato,Karnataka,True,True
2025-07-19,chikkamagaluru,99.0,1445.0,1345.0,1545.0,1,Chikkamagaluru,Tomato,Karnataka,True,True
2025-07-20,chikkamagaluru,99.0,1445.0,1345.0,1545.0,0,Chikkamagaluru,Tomato,Karnataka,False,False
2025-07-21,chikkamagaluru,109.0,2135.0,2035.0,2235.0,1,Chikkamagaluru,Tomato,Karnataka,True,True
2025-07-22,chikkamagaluru,45.0,2498.0,2398.0,2598.0,1,Chikkamagaluru,Tomato,Karnataka,True,True
2025-07-23,chikkamagaluru,92.0,2022.0,1922.0,2122.0,1,Chikkamagaluru,Tomato,Karnataka,True,True
2025-07-24,chikkamagaluru,23.0,2056.0,1956.0,2156.0,1,Chikkamagaluru,Tomato,Karnataka,True,True
2025-07-25,chikkamagaluru,55.0,2480.0,2380.0,2580.0,1,Chikkamagaluru,Tomato,Karnataka,True,True
2025-07-26,chikkamagaluru,55.0,2480.0,2380.0,2580.0,0,Chikkamagaluru,Tomato,Karnataka,False,False
2025-07-27,chikkamagaluru,55.0,2480.0,2380.0,2580.0,0,Chikkamagaluru,Tomato,Karnataka,False,False
2025-07-28,chikkamagaluru,,2480.0,2380.0,2580.0,0,Chikkamagaluru,Tomato,Karnataka,False,False
2025-07-29,chikkamagaluru,27.0,2859.0,2759.0,2959.0,1,Chikkamagaluru,Tomato,Karnataka,True,True
2025-07-30,chikkamagaluru,57.0,2807.0,2707.0,2907.0,1,Chikkamagaluru,Tomato,Karnataka,True,True
2025-07-31,chikkamagaluru,24.0,2859.0,2759.0,2959.0,1,Chikkamagaluru,Tomato,Karnataka,True,True
2025-08-01,chikkamagaluru,57.0,2557.0,2457.0,2657.0,1,Chikkamagaluru,Tomato,Karnataka,True,True
2025-08-02,chikkamagaluru,44.0,2283.0,2183.0,2383.0,1,Chikkamagaluru,Tomato,Karnataka,True,True
2025-08-03,chikkamagaluru,44.0,2283.0,2183.0,2383.0,0,Chikkamagaluru,Tomato,Karnataka,False,False
2025-08-04,chikkamagaluru,69.0,2761.0,2661.0,2861.0,1,Chikkamagaluru,Tomato,Karnataka,True,True
2025-08-05,chikkamagaluru,26.0,2725.0,2625.0,2825.0,1,Chikkamagaluru,Tomato,Karnataka,True,True
2025-08-06,chikkamagaluru,45.0,2606.0,2506.0,2706.0,1,Chikkamagaluru,Tomato,Karnataka,True,True
2025-08-07,chikkamagaluru,17.0,2490.0,2390.0,2590.0,1,Chikkamagaluru,Tomato,Karnataka,True,True
2025-08-08,chikkamagaluru,43.0,2490.0,2390.0,2590.0,0,Chikkamagaluru,Tomato,Karnataka,True,False
2025-08-09,chikkamagaluru,43.0,2490.0,2390.0,2590.0,0,Chikkamagaluru,Tomato,Karnataka,False,False
2025-08-10,chikkamagaluru,43.0,2490.0,2390.0,2590.0,0,Chikkamagaluru,Tomato,Karnataka,False,False
2025-08-11,chikkamagaluru,106.0,2584.0,2484.0,2684.0,1,Chikkamagaluru,Tomato,Karnataka,True,True
2025-08-12,chikkamagaluru,36.0,2592.0,2492.0,2692.0,1,Chikkamagaluru,Tomato,Karnataka,True,True
2025-08-13,chikkamagaluru,69.0,2288.0,2188.0,2388.0,1,Chikkamagaluru,Tomato,Karnataka,True,True
2025-08-14,chikkamagaluru,15.0,2040.0,1940.0,2140.0,1,Chikkamagaluru,Tomato,Karnataka,True,True
2025-08-15,chikkamagaluru,15.0,2040.0,1940.0,2140.0,0,Chikkamagaluru,Tomato,Karnataka,False,False
2025-08-16,chikkamagaluru,97.0,2066.0,1966.0,2166.0,1,Chikkamagaluru,Tomato,Karnataka,True,True
2025-08-17,chikkamagaluru,97.0,2066.0,1966.0,2166.0,0,Chikkamagaluru,Tomato,Karnataka,False,False
2025-08-18,chikkamagaluru,73.0,2273.0,2173.0,2373.0,1,Chikkamagaluru,Tomato,Karnataka,True,True
2025-08-19,chikkamagaluru,26.0,2043.0,1943.0,2143.0,1,Chikkamagaluru,Tomato,Karnataka,True,True
2025-08-20,chikkamagaluru,31.0,2503.0,2403.0,2603.0,1,Chikkamagaluru,Tomato,Karnataka,True,True
2025-08-21,chikkamagaluru,13.0,2417.0,2317.0,2517.0,1,Chikkamagaluru,Tomato,Karnataka,True,True
2025-08-22,chikkamagaluru,36.0,2474.0,2374.0,2574.0,1,Chikkamagaluru,Tomato,Karnataka,True,True
2025-08-23,chikkamagaluru,36.0,2474.0,2374.0,2574.0,0,Chikkamagaluru,Tomato,Karnataka,False,False
2025-08-24,chikkamagaluru,36.0,2474.0,2374.0,2574.0,0,Chikkamagaluru,Tomato,Karnataka,False,False
2025-08-25,chikkamagaluru,36.0,3069.0,2969.0,3169.0,1,Chikkamagaluru,Tomato,Karnataka,True,True
2025-08-26,chikkamagaluru,36.0,3069.0,2969.0,3169.0,0,Chikkamagaluru,Tomato,Karnataka,False,False
2025-08-27,chikkamagaluru,36.0,3069.0,2969.0,3169.0,0,Chikkamagaluru,Tomato,Karnataka,False,False
2025-08-28,chikkamagaluru,14.0,2398.0,2298.0,2498.0,1,Chikkamagaluru,Tomato,Karnataka,True,True
2025-08-29,chikkamagaluru,6.0,2542.0,2442.0,2642.0,1,Chikkamagaluru,Tomato,Karnataka,True,True
2025-08-30,chikkamagaluru,14.0,2222.0,2122.0,2322.0,1,Chikkamagaluru,Tomato,Karnataka,True,True
2025-08-31,chikkamagaluru,14.0,2222.0,2122.0,2322.0,0,Chikkamagaluru,Tomato,Karnataka,False,False
2025-09-01,chikkamagaluru,39.0,2061.0,1961.0,2161.0,1,Chikkamagaluru,Tomato,Karnataka,True,True
2025-09-02,chikkamagaluru,6.0,2047.0,1947.0,2147.0,1,Chikkamagaluru,Tomato,Karnataka,True,True
2025-09-03,chikkamagaluru,19.0,2039.0,1939.0,2139.0,1,Chikkamagaluru,Tomato,Karnataka,True,True
2025-09-04,chikkamagaluru,9.0,2015.0,1915.0,2115.0,1,Chikkamagaluru,Tomato,Karnataka,True,True
2025-09-05,chikkamagaluru,9.0,2015.0,1915.0,2115.0,0,Chikkamagaluru,Tomato,Karnataka,False,False
2025-09-06,chikkamagaluru,28.0,2009.0,1909.0,2109.0,1,Chikkamagaluru,Tomato,Karnataka,True,True
2025-09-07,chikkamagaluru,28.0,2009.0,1909.0,2109.0,0,Chikkamagaluru,Tomato,Karnataka,False,False
2025-09-08,chikkamagaluru,9.0,1852.0,1752.0,1952.0,1,Chikkamagaluru,Tomato,Karnataka,True,True
2025-09-09,chikkamagaluru,5.0,1773.0,1673.0,1873.0,1,Chikkamagaluru,Tomato,Karnataka,True,True
2025-09-10,chikkamagaluru,32.0,1773.0,1673.0,1873.0,0,Chikkamagaluru,Tomato,Karnataka,True,False
2025-09-11,chikkamagaluru,3.0,1613.0,1513.0,1713.0,1,Chikkamagaluru,Tomato,Karnataka,True,True
2025-09-12,chikkamagaluru,11.0,1587.0,1487.0,1687.0,1,Chikkamagaluru,Tomato,Karnataka,True,True
2025-09-13,chikkamagaluru,11.0,1587.0,1487.0,1687.0,0,Chikkamagaluru,Tomato,Karnataka,False,False
2025-09-14,chikkamagaluru,11.0,1587.0,1487.0,1687.0,0,Chikkamagaluru,Tomato,Karnataka,False,False
2025-09-15,chikkamagaluru,33.0,1656.0,1556.0,1756.0,1,Chikkamagaluru,Tomato,Karnataka,True,True
2025-09-16,chikkamagaluru,12.0,1656.0,1556.0,1756.0,0,Chikkamagaluru,Tomato,Karnataka,True,False
2025-09-17,chikkamagaluru,9.0,1515.0,1415.0,1615.0,1,Chikkamagaluru,Tomato,Karnataka,True,True
2025-09-18,chikkamagaluru,9.0,1488.0,1388.0,1588.0,1,Chikkamagaluru,Tomato,Karnataka,False,True
2025-09-19,chikkamagaluru,1.62,1543.0,1443.0,1643.0,1,Chikkamagaluru,Tomato,Karnataka,True,True
2025-09-20,chikkamagaluru,1.62,1515.0,1415.0,1615.0,1,Chikkamagaluru,Tomato,Karnataka,False,True
2025-09-21,chikkamagaluru,1.62,1515.0,1415.0,1615.0,0,Chikkamagaluru,Tomato,Karnataka,False,False
2025-09-22,chikkamagaluru,1.58,1582.0,1482.0,1682.0,1,Chikkamagaluru,Tomato,Karnataka,True,True
2025-09-23,chikkamagaluru,1.13,1622.0,1522.0,1722.0,1,Chikkamagaluru,Tomato,Karnataka,True,True
2025-09-24,chikkamagaluru,1.67,1796.0,1696.0,1896.0,1,Chikkamagaluru,Tomato,Karnataka,True,True
2025-09-25,chikkamagaluru,1.67,1827.0,1727.0,1927.0,1,Chikkamagaluru,Tomato,Karnataka,False,True
2025-09-26,chikkamagaluru,1.12,1786.0,1686.0,1886.0,1,Chikkamagaluru,Tomato,Karnataka,True,True
2025-09-27,chikkamagaluru,1.12,1786.0,1686.0,1886.0,0,Chikkamagaluru,Tomato,Karnataka,False,False
2025-09-28,chikkamagaluru,1.12,1786.0,1686.0,1886.0,0,Chikkamagaluru,Tomato,Karnataka,False,False
2025-09-29,chikkamagaluru,2.27,1982.0,1882.0,2082.0,1,Chikkamagaluru,Tomato,Karnataka,True,True
2025-09-30,chikkamagaluru,1.19,1540.0,1440.0,1640.0,1,Chikkamagaluru,Tomato,Karnataka,True,True
2025-10-01,chikkamagaluru,1.19,1540.0,1440.0,1640.0,0,Chikkamagaluru,Tomato,Karnataka,False,False
2025-10-02,chikkamagaluru,1.19,1540.0,1440.0,1640.0,0,Chikkamagaluru,Tomato,Karnataka,False,False
2025-10-03,chikkamagaluru,,1768.0,1668.0,1868.0,1,Chikkamagaluru,Tomato,Karnataka,False,True
2025-10-04,chikkamagaluru,,1716.0,1616.0,1816.0,1,Chikkamagaluru,Tomato,Karnataka,False,True
2025-10-05,chikkamagaluru,,1716.0,1616.0,1816.0,0,Chikkamagaluru,Tomato,Karnataka,False,False
2025-10-06,chikkamagaluru,1.06,1730.0,1630.0,1830.0,1,Chikkamagaluru,Tomato,Karnataka,True,True
2025-10-07,chikkamagaluru,1.06,1730.0,1630.0,1830.0,0,Chikkamagaluru,Tomato,Karnataka,False,False
2025-10-08,chikkamagaluru,2.67,1436.0,1336.0,1536.0,1,Chikkamagaluru,Tomato,Karnataka,True,True
2025-10-09,chikkamagaluru,2.67,1406.0,1306.0,1506.0,1,Chikkamagaluru,Tomato,Karnataka,False,True
2025-10-10,chikkamagaluru,1.37,1460.0,1360.0,1560.0,1,Chikkamagaluru,Tomato,Karnataka,True,True
2025-10-11,chikkamagaluru,1.37,1460.0,1360.0,1560.0,0,Chikkamagaluru,Tomato,Karnataka,False,False
2025-10-12,chikkamagaluru,1.37,1460.0,1360.0,1560.0,0,Chikkamagaluru,Tomato,Karnataka,False,False
2025-10-13,chikkamagaluru,2.36,1413.0,1313.0,1513.0,1,Chikkamagaluru,Tomato,Karnataka,True,True
2025-10-14,chikkamagaluru,1.0,1334.0,1334.0,1334.0,1,Chikkamagaluru,Tomato,Karnataka,True,True
2025-10-15,chikkamagaluru,1.0,1333.0,1233.0,1433.0,1,Chikkamagaluru,Tomato,Karnataka,True,True
2025-10-16,chikkamagaluru,1.81,1333.0,1233.0,1433.0,0,Chikkamagaluru,Tomato,Karnataka,True,False
2025-10-17,chikkamagaluru,1.81,1333.0,1233.0,1433.0,0,Chikkamagaluru,Tomato,Karnataka,False,False
2025-10-18,chikkamagaluru,1.28,1433.0,1333.0,1533.0,1,Chikkamagaluru,Tomato,Karnataka,True,True
2025-10-19,chikkamagaluru,1.28,1433.0,1333.0,1533.0,0,Chikkamagaluru,Tomato,Karnataka,False,False
2025-10-20,chikkamagaluru,1.28,1433.0,1333.0,1533.0,0,Chikkamagaluru,Tomato,Karnataka,False,False
2025-10-21,chikkamagaluru,,1433.0,1333.0,1533.0,0,Chikkamagaluru,Tomato,Karnataka,False,False
2025-10-22,chikkamagaluru,,,,,0,Chikkamagaluru,Tomato,Karnataka,False,False
2025-10-23,chikkamagaluru,1.54,1299.0,1199.0,1399.0,1,Chikkamagaluru,Tomato,Karnataka,True,True
2025-10-24,chikkamagaluru,1.54,1299.0,1199.0,1399.0,0,Chikkamagaluru,Tomato,Karnataka,False,False
2025-10-25,chikkamagaluru,1.54,1299.0,1199.0,1399.0,0,Chikkamagaluru,Tomato,Karnataka,False,False
2025-10-26,chikkamagaluru,,1299.0,1199.0,1399.0,0,Chikkamagaluru,Tomato,Karnataka,False,False
2025-10-27,chikkamagaluru,2.87,1568.0,1468.0,1668.0,1,Chikkamagaluru,Tomato,Karnataka,True,True
2025-10-28,chikkamagaluru,2.87,1568.0,1468.0,1668.0,0,Chikkamagaluru,Tomato,Karnataka,False,False
2025-10-29,chikkamagaluru,1.4,1429.0,1329.0,1529.0,1,Chikkamagaluru,Tomato,Karnataka,True,True
2025-10-30,chikkamagaluru,1.4,1389.0,1389.0,1389.0,1,Chikkamagaluru,Tomato,Karnataka,False,True
2025-10-31,chikkamagaluru,1.3,1539.0,1439.0,1639.0,1,Chikkamagaluru,Tomato,Karnataka,True,True
2025-11-01,chikkamagaluru,1.3,1539.0,1439.0,1639.0,0,Chikkamagaluru,Tomato,Karnataka,False,False
2025-11-02,chikkamagaluru,1.3,1539.0,1439.0,1639.0,0,Chikkamagaluru,Tomato,Karnataka,False,False
2025-11-03,chikkamagaluru,3.14,1486.0,1386.0,1586.0,2,Chikkamagaluru,Tomato,Karnataka,True,True
2025-11-04,chikkamagaluru,3.14,1486.0,1386.0,1586.0,0,Chikkamagaluru,Tomato,Karnataka,False,False
2025-11-05,chikkamagaluru,3.14,1563.0,1463.0,1663.0,1,Chikkamagaluru,Tomato,Karnataka,False,True
2025-11-06,chikkamagaluru,,1563.0,1463.0,1663.0,0,Chikkamagaluru,Tomato,Karnataka,False,False
2025-11-07,chikkamagaluru,6.0,1667.0,1667.0,1667.0,1,Chikkamagaluru,Tomato,Karnataka,True,True
2025-11-08,chikkamagaluru,6.0,1667.0,1667.0,1667.0,0,Chikkamagaluru,Tomato,Karnataka,False,False
2025-11-09,chikkamagaluru,6.0,1667.0,1667.0,1667.0,0,Chikkamagaluru,Tomato,Karnataka,False,False
2025-11-10,chikkamagaluru,34.3,1603.0,1503.0,1703.0,1,Chikkamagaluru,Tomato,Karnataka,True,True
2025-11-11,chikkamagaluru,34.3,1603.0,1503.0,1703.0,0,Chikkamagaluru,Tomato,Karnataka,False,False
2025-11-12,chikkamagaluru,56.3,1746.0,1646.0,1846.0,1,Chikkamagaluru,Tomato,Karnataka,True,True
2025-11-13,chikkamagaluru,56.3,1746.0,1646.0,1846.0,0,Chikkamagaluru,Tomato,Karnataka,False,False
2025-11-14,chikkamagaluru,43.9,2315.0,2215.0,2415.0,1,Chikkamagaluru,Tomato,Karnataka,True,True
2025-11-15,chikkamagaluru,11.7,2849.0,2749.0,2949.0,1,Chikkamagaluru,Tomato,Karnataka,True,True
2025-11-16,chikkamagaluru,11.7,2849.0,2749.0,2949.0,0,Chikkamagaluru,Tomato,Karnataka,False,False
2025-11-17,chikkamagaluru,11.7,2849.0,2749.0,2949.0,0,Chikkamagaluru,Tomato,Karnataka,False,False
2025-11-18,chikkamagaluru,,2849.0,2749.0,2949.0,0,Chikkamagaluru,Tomato,Karnataka,False,False
2025-11-19,chikkamagaluru,28.9,2133.0,2033.0,2233.0,1,Chikkamagaluru,Tomato,Karnataka,True,True
2025-11-20,chikkamagaluru,7.8,2777.0,2677.0,2877.0,1,Chikkamagaluru,Tomato,Karnataka,True,True
2025-11-21,chikkamagaluru,25.8,3100.0,3000.0,3200.0,1,Chikkamagaluru,Tomato,Karnataka,True,True
2025-11-22,chikkamagaluru,25.8,3100.0,3000.0,3200.0,0,Chikkamagaluru,Tomato,Karnataka,False,False
2025-11-23,chikkamagaluru,25.8,3100.0,3000.0,3200.0,0,Chikkamagaluru,Tomato,Karnataka,False,False
2025-11-24,chikkamagaluru,49.3,2839.0,2739.0,2939.0,1,Chikkamagaluru,Tomato,Karnataka,True,True
2025-11-25,chikkamagaluru,5.7,2778.0,2678.0,2878.0,1,Chikkamagaluru,Tomato,Karnataka,True,True
2025-11-26,chikkamagaluru,5.7,3217.0,3117.0,3317.0,1,Chikkamagaluru,Tomato,Karnataka,True,True
2025-11-27,chikkamagaluru,2.5,2667.0,2567.0,2767.0,1,Chikkamagaluru,Tomato,Karnataka,True,True
2025-11-28,chikkamagaluru,8.9,2435.0,2335.0,2535.0,1,Chikkamagaluru,Tomato,Karnataka,True,True
2025-11-29,chikkamagaluru,13.6,2574.0,2474.0,2674.0,1,Chikkamagaluru,Tomato,Karnataka,True,True
2025-11-30,chikkamagaluru,13.6,2574.0,2474.0,2674.0,0,Chikkamagaluru,Tomato,Karnataka,False,False
2025-12-01,chikkamagaluru,13.6,2574.0,2474.0,2674.0,0,Chikkamagaluru,Tomato,Karnataka,False,False
2025-12-02,chikkamagaluru,2.2,2574.0,2474.0,2674.0,0,Chikkamagaluru,Tomato,Karnataka,True,False
2025-12-03,chikkamagaluru,17.7,,,,0,Chikkamagaluru,Tomato,Karnataka,True,False
2025-12-04,chikkamagaluru,17.7,,,,0,Chikkamagaluru,Tomato,Karnataka,False,False
2025-12-05,chikkamagaluru,15.9,2568.0,2468.0,2668.0,1,Chikkamagaluru,Tomato,Karnataka,True,True
2025-12-06,chikkamagaluru,15.9,2568.0,2468.0,2668.0,0,Chikkamagaluru,Tomato,Karnataka,False,False
2025-12-07,chikkamagaluru,15.9,2568.0,2468.0,2668.0,0,Chikkamagaluru,Tomato,Karnataka,False,False
2025-12-08,chikkamagaluru,20.5,2439.0,2339.0,2539.0,1,Chikkamagaluru,Tomato,Karnataka,True,True
2025-12-09,chikkamagaluru,20.5,2439.0,2339.0,2539.0,0,Chikkamagaluru,Tomato,Karnataka,False,False
2025-12-10,chikkamagaluru,20.5,2439.0,2339.0,2539.0,0,Chikkamagaluru,Tomato,Karnataka,False,False
2025-12-11,chikkamagaluru,,2439.0,2339.0,2539.0,0,Chikkamagaluru,Tomato,Karnataka,False,False
2025-12-12,chikkamagaluru,,,,,0,Chikkamagaluru,Tomato,Karnataka,False,False
2025-12-13,chikkamagaluru,,,,,0,Chikkamagaluru,Tomato,Karnataka,False,False
2025-12-14,chikkamagaluru,,,,,0,Chikkamagaluru,Tomato,Karnataka,False,False
2025-12-15,chikkamagaluru,47.8,2892.5,2366.5,3063.0,2,Chikkamagaluru,Tomato,Karnataka,True,True
2025-12-16,chikkamagaluru,12.5,3081.0,3081.0,3599.0,2,Chikkamagaluru,Tomato,Karnataka,True,True
2025-12-17,chikkamagaluru,9.9,3081.0,3081.0,3599.0,0,Chikkamagaluru,Tomato,Karnataka,True,False
2025-12-18,chikkamagaluru,4.2,2778.0,2678.0,2878.0,1,Chikkamagaluru,Tomato,Karnataka,True,True
2025-12-19,chikkamagaluru,7.9,4162.0,4162.0,4166.0,2,Chikkamagaluru,Tomato,Karnataka,True,True
2025-12-20,chikkamagaluru,8.7,3334.0,3234.0,3434.0,2,Chikkamagaluru,Tomato,Karnataka,True,True
2025-12-21,chikkamagaluru,8.7,3334.0,3234.0,3434.0,0,Chikkamagaluru,Tomato,Karnataka,False,False
2025-12-22,chikkamagaluru,15.5,3333.0,3233.0,3433.0,1,Chikkamagaluru,Tomato,Karnataka,True,True
2025-12-23,chikkamagaluru,15.5,3333.0,3233.0,3433.0,0,Chikkamagaluru,Tomato,Karnataka,False,False
2025-12-24,chikkamagaluru,14.2,3404.0,3304.0,3504.0,1,Chikkamagaluru,Tomato,Karnataka,True,True
2025-12-25,chikkamagaluru,14.2,3404.0,3304.0,3504.0,0,Chikkamagaluru,Tomato,Karnataka,False,False
2025-12-26,chikkamagaluru,3.4,4162.0,3571.0,4166.0,1,Chikkamagaluru,Tomato,Karnataka,True,True
2025-12-27,chikkamagaluru,3.4,4162.0,3571.0,4166.0,0,Chikkamagaluru,Tomato,Karnataka,False,False
2025-12-28,chikkamagaluru,3.4,4162.0,3571.0,4166.0,0,Chikkamagaluru,Tomato,Karnataka,False,False
2025-12-29,chikkamagaluru,14.6,3539.0,3439.0,3639.0,1,Chikkamagaluru,Tomato,Karnataka,True,True
2025-12-30,chikkamagaluru,14.6,3539.0,3439.0,3639.0,0,Chikkamagaluru,Tomato,Karnataka,False,False
2025-12-31,chikkamagaluru,9.7,3609.0,3509.0,3709.0,1,Chikkamagaluru,Tomato,Karnataka,True,True
2026-01-01,chikkamagaluru,9.7,3609.0,3509.0,3709.0,0,Chikkamagaluru,Tomato,Karnataka,False,False
2026-01-02,chikkamagaluru,7.0,3691.0,3591.0,3791.0,1,Chikkamagaluru,Tomato,Karnataka,True,True
2026-01-03,chikkamagaluru,4.8,3820.0,3720.0,3920.0,1,Chikkamagaluru,Tomato,Karnataka,True,True
2026-01-04,chikkamagaluru,4.8,3820.0,3720.0,3920.0,0,Chikkamagaluru,Tomato,Karnataka,False,False
2026-01-05,chikkamagaluru,4.8,3820.0,3720.0,3920.0,0,Chikkamagaluru,Tomato,Karnataka,False,False
2026-01-06,chikkamagaluru,6.4,2604.0,2504.0,2704.0,1,Chikkamagaluru,Tomato,Karnataka,True,True
2026-01-07,chikkamagaluru,6.4,2604.0,2504.0,2704.0,0,Chikkamagaluru,Tomato,Karnataka,False,False
2026-01-08,chikkamagaluru,6.5,2564.0,2464.0,2664.0,1,Chikkamagaluru,Tomato,Karnataka,True,True
2026-01-09,chikkamagaluru,9.1,2564.0,2464.0,2664.0,0,Chikkamagaluru,Tomato,Karnataka,True,False
2026-01-10,chikkamagaluru,9.1,2564.0,2464.0,2664.0,0,Chikkamagaluru,Tomato,Karnataka,False,False
2026-01-11,chikkamagaluru,9.1,2564.0,2464.0,2664.0,0,Chikkamagaluru,Tomato,Karnataka,False,False
2026-01-12,chikkamagaluru,17.0,2549.0,2449.0,2649.0,1,Chikkamagaluru,Tomato,Karnataka,True,True
2026-01-13,chikkamagaluru,3.4,2451.0,2351.0,2551.0,1,Chikkamagaluru,Tomato,Karnataka,True,True
2026-01-14,chikkamagaluru,13.8,2416.0,2316.0,2516.0,1,Chikkamagaluru,Tomato,Karnataka,True,True
2026-01-15,chikkamagaluru,13.8,2416.0,2316.0,2516.0,0,Chikkamagaluru,Tomato,Karnataka,False,False
2026-01-16,chikkamagaluru,15.4,2273.0,2173.0,2373.0,1,Chikkamagaluru,Tomato,Karnataka,True,True
2026-01-17,chikkamagaluru,9.1,2381.0,2281.0,2481.0,1,Chikkamagaluru,Tomato,Karnataka,True,True
2026-01-18,chikkamagaluru,9.1,2381.0,2281.0,2481.0,0,Chikkamagaluru,Tomato,Karnataka,False,False
2026-01-19,chikkamagaluru,10.7,2181.0,2081.0,2281.0,1,Chikkamagaluru,Tomato,Karnataka,True,True
2026-01-20,chikkamagaluru,5.6,2084.0,1984.0,2184.0,1,Chikkamagaluru,Tomato,Karnataka,True,True
2026-01-21,chikkamagaluru,10.6,2084.0,1984.0,2184.0,0,Chikkamagaluru,Tomato,Karnataka,True,False
2026-01-22,chikkamagaluru,4.1,2033.0,1933.0,2133.0,1,Chikkamagaluru,Tomato,Karnataka,True,True
2026-01-23,chikkamagaluru,12.8,2083.0,1983.0,2183.0,1,Chikkamagaluru,Tomato,Karnataka,True,True
2026-01-24,chikkamagaluru,12.8,2083.0,1983.0,2183.0,0,Chikkamagaluru,Tomato,Karnataka,False,False
2026-01-25,chikkamagaluru,12.8,2083.0,1983.0,2183.0,0,Chikkamagaluru,Tomato,Karnataka,False,False
2026-01-26,chikkamagaluru,,2083.0,1983.0,2183.0,0,Chikkamagaluru,Tomato,Karnataka,False,False
2026-01-27,chikkamagaluru,26.1,2076.0,1976.0,2176.0,1,Chikkamagaluru,Tomato,Karnataka,True,True
2026-01-28,chikkamagaluru,11.9,2076.0,1976.0,2176.0,0,Chikkamagaluru,Tomato,Karnataka,True,False
2026-01-29,chikkamagaluru,2.5,2000.0,2000.0,2000.0,1,Chikkamagaluru,Tomato,Karnataka,True,True
2026-01-30,chikkamagaluru,11.0,1970.0,1870.0,2070.0,1,Chikkamagaluru,Tomato,Karnataka,True,True
2026-01-31,chikkamagaluru,11.9,1821.0,1721.0,1921.0,1,Chikkamagaluru,Tomato,Karnataka,True,True
2026-02-01,chikkamagaluru,11.9,1821.0,1721.0,1921.0,0,Chikkamagaluru,Tomato,Karnataka,False,False
2026-02-02,chikkamagaluru,9.9,1852.0,1752.0,1952.0,1,Chikkamagaluru,Tomato,Karnataka,True,True
2026-02-03,chikkamagaluru,3.5,2381.0,2381.0,2381.0,1,Chikkamagaluru,Tomato,Karnataka,True,True
2026-02-04,chikkamagaluru,17.2,1841.0,1741.0,1941.0,1,Chikkamagaluru,Tomato,Karnataka,True,True
2026-02-05,chikkamagaluru,7.3,1826.0,1826.0,1826.5,2,Chikkamagaluru,Tomato,Karnataka,True,True
2026-02-06,chikkamagaluru,8.4,1786.0,1686.0,1886.0,1,Chikkamagaluru,Tomato,Karnataka,True,True
2026-02-07,chikkamagaluru,6.8,1786.0,1686.0,1886.0,0,Chikkamagaluru,Tomato,Karnataka,True,False
2026-02-08,chikkamagaluru,6.8,1786.0,1686.0,1886.0,0,Chikkamagaluru,Tomato,Karnataka,False,False
2026-02-09,chikkamagaluru,6.8,1786.0,1686.0,1886.0,0,Chikkamagaluru,Tomato,Karnataka,False,False
2026-02-10,chikkamagaluru,1.8,1852.0,1852.0,1852.0,1,Chikkamagaluru,Tomato,Karnataka,True,True
2026-02-11,chikkamagaluru,11.0,1864.0,1764.0,1964.0,1,Chikkamagaluru,Tomato,Karnataka,True,True
2026-02-12,chikkamagaluru,11.0,1864.0,1764.0,1964.0,0,Chikkamagaluru,Tomato,Karnataka,False,False
2026-02-13,chikkamagaluru,11.0,1864.0,1764.0,1964.0,0,Chikkamagaluru,Tomato,Karnataka,False,False
2026-02-14,chikkamagaluru,,1864.0,1764.0,1964.0,0,Chikkamagaluru,Tomato,Karnataka,False,False
2026-02-15,chikkamagaluru,,,,,0,Chikkamagaluru,Tomato,Karnataka,False,False
2026-02-16,chikkamagaluru,16.0,1577.5,1463.5,1702.5,2,Chikkamagaluru,Tomato,Karnataka,True,True
2026-02-17,chikkamagaluru,5.5,1571.0,1517.5,1634.0,2,Chikkamagaluru,Tomato,Karnataka,True,True
2026-02-18,chikkamagaluru,9.4,1755.0,1655.0,1855.0,1,Chikkamagaluru,Tomato,Karnataka,True,True
2026-02-19,chikkamagaluru,6.5,1428.0,1428.0,1428.0,2,Chikkamagaluru,Tomato,Karnataka,True,True
2026-02-20,chikkamagaluru,15.0,1515.5,1465.5,1608.0,2,Chikkamagaluru,Tomato,Karnataka,True,True
2026-02-21,chikkamagaluru,13.3,1660.0,1190.0,2775.0,2,Chikkamagaluru,Tomato,Karnataka,True,True
2026-02-22,chikkamagaluru,13.3,1660.0,1190.0,2775.0,0,Chikkamagaluru,Tomato,Karnataka,False,False
2026-02-23,chikkamagaluru,31.1,1512.0,1187.0,1513.0,1,Chikkamagaluru,Tomato,Karnataka,True,True
2026-02-24,chikkamagaluru,14.5,1387.0,1280.0,1388.0,1,Chikkamagaluru,Tomato,Karnataka,True,True
2026-02-25,chikkamagaluru,21.9,1189.0,1000.0,1387.0,1,Chikkamagaluru,Tomato,Karnataka,True,True
2026-02-26,chikkamagaluru,12.1,1315.0,1040.0,1513.0,1,Chikkamagaluru,Tomato,Karnataka,True,True
2026-02-27,chikkamagaluru,14.1,1464.0,1364.0,1568.0,2,Chikkamagaluru,Tomato,Karnataka,True,True
2026-02-28,chikkamagaluru,14.1,1464.0,1364.0,1568.0,0,Chikkamagaluru,Tomato,Karnataka,False,False
2026-03-01,chikkamagaluru,14.1,1464.0,1364.0,1568.0,0,Chikkamagaluru,Tomato,Karnataka,False,False
2026-03-02,chikkamagaluru,34.0,1473.0,1373.0,1573.0,1,Chikkamagaluru,Tomato,Karnataka,True,True
2026-03-03,chikkamagaluru,9.5,1318.5,1268.5,1369.0,2,Chikkamagaluru,Tomato,Karnataka,True,True
2026-03-04,chikkamagaluru,20.8,1387.0,1189.0,1388.0,1,Chikkamagaluru,Tomato,Karnataka,True,True
2026-03-05,chikkamagaluru,7.5,1352.0,1352.0,1398.5,2,Chikkamagaluru,Tomato,Karnataka,True,True
2026-03-06,chikkamagaluru,15.8,1455.0,1359.5,1506.0,2,Chikkamagaluru,Tomato,Karnataka,True,True
2026-03-07,chikkamagaluru,12.1,1515.0,1515.0,1515.0,1,Chikkamagaluru,Tomato,Karnataka,True,True
2026-03-08,chikkamagaluru,12.1,1515.0,1515.0,1515.0,0,Chikkamagaluru,Tomato,Karnataka,False,False
2026-03-09,chikkamagaluru,22.3,1559.0,1459.0,1659.0,2,Chikkamagaluru,Tomato,Karnataka,True,True
2026-03-10,chikkamagaluru,10.9,1562.5,1428.0,1606.5,2,Chikkamagaluru,Tomato,Karnataka,True,True
2026-03-11,chikkamagaluru,25.7,1490.0,1390.0,1790.0,2,Chikkamagaluru,Tomato,Karnataka,True,True
2026-03-12,chikkamagaluru,11.6,1490.0,1390.0,1790.0,0,Chikkamagaluru,Tomato,Karnataka,True,False
2026-03-13,chikkamagaluru,24.7,1449.0,1349.0,1549.0,1,Chikkamagaluru,Tomato,Karnataka,True,True
2026-03-14,chikkamagaluru,24.7,1449.0,1349.0,1549.0,0,Chikkamagaluru,Tomato,Karnataka,False,False
2026-03-15,chikkamagaluru,24.7,1449.0,1349.0,1549.0,0,Chikkamagaluru,Tomato,Karnataka,False,False
2026-03-16,chikkamagaluru,36.1,1463.0,1382.5,1581.5,2,Chikkamagaluru,Tomato,Karnataka,True,True
2026-03-17,chikkamagaluru,7.9,1282.0,1282.0,1387.0,1,Chikkamagaluru,Tomato,Karnataka,True,True
2026-03-18,chikkamagaluru,10.4,1518.0,1468.0,1614.5,2,Chikkamagaluru,Tomato,Karnataka,True,True
2026-03-19,chikkamagaluru,10.4,1518.0,1468.0,1614.5,0,Chikkamagaluru,Tomato,Karnataka,False,False
2026-03-20,chikkamagaluru,17.4,1189.0,1110.0,1282.0,2,Chikkamagaluru,Tomato,Karnataka,True,True
2026-03-21,chikkamagaluru,17.4,1189.0,1110.0,1282.0,0,Chikkamagaluru,Tomato,Karnataka,False,False
2026-03-22,chikkamagaluru,17.4,1189.0,1110.0,1282.0,0,Chikkamagaluru,Tomato,Karnataka,False,False
2026-03-23,chikkamagaluru,27.0,1806.0,1706.0,1906.0,1,Chikkamagaluru,Tomato,Karnataka,True,True
2026-03-24,chikkamagaluru,17.5,1040.0,1040.0,1063.0,2,Chikkamagaluru,Tomato,Karnataka,True,True
2026-03-25,chikkamagaluru,15.1,1040.0,1040.0,1063.0,0,Chikkamagaluru,Tomato,Karnataka,True,False
2026-03-26,chikkamagaluru,9.3,1076.0,1076.0,1076.0,2,Chikkamagaluru,Tomato,Karnataka,True,True
2026-03-27,chikkamagaluru,11.6,1110.0,1063.0,1189.0,1,Chikkamagaluru,Tomato,Karnataka,True,True
2026-03-28,chikkamagaluru,11.6,1110.0,1063.0,1189.0,0,Chikkamagaluru,Tomato,Karnataka,False,False
2026-03-29,chikkamagaluru,11.6,1110.0,1063.0,1189.0,0,Chikkamagaluru,Tomato,Karnataka,False,False
2026-03-30,chikkamagaluru,,1110.0,1063.0,1189.0,0,Chikkamagaluru,Tomato,Karnataka,False,False
2026-03-31,chikkamagaluru,36.1,1417.0,1285.0,1520.5,2,Chikkamagaluru,Tomato,Karnataka,True,True
2026-04-01,chikkamagaluru,13.5,1111.0,1110.0,1189.0,2,Chikkamagaluru,Tomato,Karnataka,True,True
2026-04-02,chikkamagaluru,15.3,1282.0,1182.0,1382.0,3,Chikkamagaluru,Tomato,Karnataka,True,True
2026-04-03,chikkamagaluru,15.3,1282.0,1182.0,1382.0,0,Chikkamagaluru,Tomato,Karnataka,False,False
2026-04-04,chikkamagaluru,30.3,1359.0,1297.0,1409.5,3,Chikkamagaluru,Tomato,Karnataka,True,True
2026-04-05,chikkamagaluru,30.3,1359.0,1297.0,1409.5,0,Chikkamagaluru,Tomato,Karnataka,False,False
2026-04-06,chikkamagaluru,27.6,1359.0,1297.0,1409.5,0,Chikkamagaluru,Tomato,Karnataka,True,False
2026-04-07,chikkamagaluru,11.3,1359.0,1297.0,1409.5,0,Chikkamagaluru,Tomato,Karnataka,True,False
2026-04-08,chikkamagaluru,17.5,,,,0,Chikkamagaluru,Tomato,Karnataka,True,False
2026-04-09,chikkamagaluru,4.5,,,,0,Chikkamagaluru,Tomato,Karnataka,True,False
2026-04-10,chikkamagaluru,18.7,,,,0,Chikkamagaluru,Tomato,Karnataka,True,False
2026-04-11,chikkamagaluru,18.7,,,,0,Chikkamagaluru,Tomato,Karnataka,False,False
2026-04-12,chikkamagaluru,18.7,,,,0,Chikkamagaluru,Tomato,Karnataka,False,False
2026-04-13,chikkamagaluru,20.9,,,,0,Chikkamagaluru,Tomato,Karnataka,True,False
2026-04-14,chikkamagaluru,20.9,,,,0,Chikkamagaluru,Tomato,Karnataka,False,False
2026-04-15,chikkamagaluru,15.2,,,,0,Chikkamagaluru,Tomato,Karnataka,True,False
2026-04-16,chikkamagaluru,5.6,,,,0,Chikkamagaluru,Tomato,Karnataka,True,False
2026-04-17,chikkamagaluru,16.9,,,,0,Chikkamagaluru,Tomato,Karnataka,True,False
2026-04-18,chikkamagaluru,9.7,,,,0,Chikkamagaluru,Tomato,Karnataka,True,False
2026-04-19,chikkamagaluru,9.7,,,,0,Chikkamagaluru,Tomato,Karnataka,False,False
2026-04-20,chikkamagaluru,9.7,,,,0,Chikkamagaluru,Tomato,Karnataka,False,False
2026-04-21,chikkamagaluru,31.3,,,,0,Chikkamagaluru,Tomato,Karnataka,True,False
2026-04-22,chikkamagaluru,31.3,,,,0,Chikkamagaluru,Tomato,Karnataka,False,False
2026-04-23,chikkamagaluru,31.3,,,,0,Chikkamagaluru,Tomato,Karnataka,False,False
2026-04-24,chikkamagaluru,,,,,0,Chikkamagaluru,Tomato,Karnataka,False,False
2026-04-25,chikkamagaluru,,,,,0,Chikkamagaluru,Tomato,Karnataka,False,False
2026-04-26,chikkamagaluru,,,,,0,Chikkamagaluru,Tomato,Karnataka,False,False
2026-04-27,chikkamagaluru,,,,,0,Chikkamagaluru,Tomato,Karnataka,False,False
2026-04-28,chikkamagaluru,,,,,0,Chikkamagaluru,Tomato,Karnataka,False,False
2026-04-29,chikkamagaluru,,,,,0,Chikkamagaluru,Tomato,Karnataka,False,False
2026-04-30,chikkamagaluru,,,,,0,Chikkamagaluru,Tomato,Karnataka,False,False
2026-05-01,chikkamagaluru,,,,,0,Chikkamagaluru,Tomato,Karnataka,False,False
2026-05-02,chikkamagaluru,,,,,0,Chikkamagaluru,Tomato,Karnataka,False,False
2026-05-03,chikkamagaluru,,,,,0,Chikkamagaluru,Tomato,Karnataka,False,False
2026-05-04,chikkamagaluru,,,,,0,Chikkamagaluru,Tomato,Karnataka,False,False
2026-05-05,chikkamagaluru,,,,,0,Chikkamagaluru,Tomato,Karnataka,False,False
2026-05-06,chikkamagaluru,,,,,0,Chikkamagaluru,Tomato,Karnataka,False,False
2026-05-07,chikkamagaluru,,,,,0,Chikkamagaluru,Tomato,Karnataka,False,False
2026-05-08,chikkamagaluru,,,,,0,Chikkamagaluru,Tomato,Karnataka,False,False
2026-05-09,chikkamagaluru,,,,,0,Chikkamagaluru,Tomato,Karnataka,False,False
2026-05-10,chikkamagaluru,,,,,0,Chikkamagaluru,Tomato,Karnataka,False,False
2026-05-11,chikkamagaluru,,,,,0,Chikkamagaluru,Tomato,Karnataka,False,False
2026-05-12,chikkamagaluru,,,,,0,Chikkamagaluru,Tomato,Karnataka,False,False
2026-05-13,chikkamagaluru,,,,,0,Chikkamagaluru,Tomato,Karnataka,False,False
2026-05-14,chikkamagaluru,,,,,0,Chikkamagaluru,Tomato,Karnataka,False,False
2026-05-15,chikkamagaluru,,,,,0,Chikkamagaluru,Tomato,Karnataka,False,False
2026-05-16,chikkamagaluru,,,,,0,Chikkamagaluru,Tomato,Karnataka,False,False
2026-05-17,chikkamagaluru,,,,,0,Chikkamagaluru,Tomato,Karnataka,False,False
2026-05-18,chikkamagaluru,,,,,0,Chikkamagaluru,Tomato,Karnataka,False,False
2026-05-19,chikkamagaluru,,,,,0,Chikkamagaluru,Tomato,Karnataka,False,False
2026-05-20,chikkamagaluru,,,,,0,Chikkamagaluru,Tomato,Karnataka,False,False
2026-05-21,chikkamagaluru,,,,,0,Chikkamagaluru,Tomato,Karnataka,False,False
2026-05-22,chikkamagaluru,,,,,0,Chikkamagaluru,Tomato,Karnataka,False,False
2026-05-23,chikkamagaluru,,,,,0,Chikkamagaluru,Tomato,Karnataka,False,False
2026-05-24,chikkamagaluru,,,,,0,Chikkamagaluru,Tomato,Karnataka,False,False
2026-05-25,chikkamagaluru,,,,,0,Chikkamagaluru,Tomato,Karnataka,False,False
2026-05-26,chikkamagaluru,,,,,0,Chikkamagaluru,Tomato,Karnataka,False,False
2026-05-27,chikkamagaluru,,,,,0,Chikkamagaluru,Tomato,Karnataka,False,False
2026-05-28,chikkamagaluru,,,,,0,Chikkamagaluru,Tomato,Karnataka,False,False
2026-05-29,chikkamagaluru,,,,,0,Chikkamagaluru,Tomato,Karnataka,False,False
2026-05-30,chikkamagaluru,,,,,0,Chikkamagaluru,Tomato,Karnataka,False,False
2026-05-31,chikkamagaluru,,,,,0,Chikkamagaluru,Tomato,Karnataka,False,False
2026-06-01,chikkamagaluru,,,,,0,Chikkamagaluru,Tomato,Karnataka,False,False
2026-06-02,chikkamagaluru,,,,,0,Chikkamagaluru,Tomato,Karnataka,False,False
2026-06-03,chikkamagaluru,,,,,0,Chikkamagaluru,Tomato,Karnataka,False,False
2026-06-04,chikkamagaluru,,,,,0,Chikkamagaluru,Tomato,Karnataka,False,False
2026-06-05,chikkamagaluru,,,,,0,Chikkamagaluru,Tomato,Karnataka,False,False
2026-06-06,chikkamagaluru,,,,,0,Chikkamagaluru,Tomato,Karnataka,False,False
2026-06-07,chikkamagaluru,,,,,0,Chikkamagaluru,Tomato,Karnataka,False,False
2026-06-08,chikkamagaluru,,,,,0,Chikkamagaluru,Tomato,Karnataka,False,False
2026-06-09,chikkamagaluru,,,,,0,Chikkamagaluru,Tomato,Karnataka,False,False
2026-06-10,chikkamagaluru,,,,,0,Chikkamagaluru,Tomato,Karnataka,False,False
2026-06-11,chikkamagaluru,,,,,0,Chikkamagaluru,Tomato,Karnataka,False,False
2026-06-12,chikkamagaluru,,,,,0,Chikkamagaluru,Tomato,Karnataka,False,False
2026-06-13,chikkamagaluru,,,,,0,Chikkamagaluru,Tomato,Karnataka,False,False
2026-06-14,chikkamagaluru,,,,,0,Chikkamagaluru,Tomato,Karnataka,False,False
2026-06-15,chikkamagaluru,,,,,0,Chikkamagaluru,Tomato,Karnataka,False,False
2026-06-16,chikkamagaluru,,,,,0,Chikkamagaluru,Tomato,Karnataka,False,False
2026-06-17,chikkamagaluru,,,,,0,Chikkamagaluru,Tomato,Karnataka,False,False
2026-06-18,chikkamagaluru,,,,,0,Chikkamagaluru,Tomato,Karnataka,False,False
2026-06-19,chikkamagaluru,,,,,0,Chikkamagaluru,Tomato,Karnataka,False,False
2026-06-20,chikkamagaluru,,,,,0,Chikkamagaluru,Tomato,Karnataka,False,False
2026-06-21,chikkamagaluru,,,,,0,Chikkamagaluru,Tomato,Karnataka,False,False
2026-06-22,chikkamagaluru,,,,,0,Chikkamagaluru,Tomato,Karnataka,False,False
2026-06-23,chikkamagaluru,,,,,0,Chikkamagaluru,Tomato,Karnataka,False,False
2026-06-24,chikkamagaluru,,,,,0,Chikkamagaluru,Tomato,Karnataka,False,False
2026-06-25,chikkamagaluru,,,,,0,Chikkamagaluru,Tomato,Karnataka,False,False
2026-06-26,chikkamagaluru,,,,,0,Chikkamagaluru,Tomato,Karnataka,False,False
2026-06-27,chikkamagaluru,,,,,0,Chikkamagaluru,Tomato,Karnataka,False,False
2026-06-28,chikkamagaluru,,,,,0,Chikkamagaluru,Tomato,Karnataka,False,False
2026-06-29,chikkamagaluru,,,,,0,Chikkamagaluru,Tomato,Karnataka,False,False
2026-06-30,chikkamagaluru,,,,,0,Chikkamagaluru,Tomato,Karnataka,False,False
2026-07-01,chikkamagaluru,,,,,0,Chikkamagaluru,Tomato,Karnataka,False,False
2026-07-02,chikkamagaluru,,,,,0,Chikkamagaluru,Tomato,Karnataka,False,False
2026-07-03,chikkamagaluru,,,,,0,Chikkamagaluru,Tomato,Karnataka,False,False
2026-07-04,chikkamagaluru,,,,,0,Chikkamagaluru,Tomato,Karnataka,False,False
2026-07-05,chikkamagaluru,,,,,0,Chikkamagaluru,Tomato,Karnataka,False,False
2026-07-06,chikkamagaluru,,,,,0,Chikkamagaluru,Tomato,Karnataka,False,False
2026-07-07,chikkamagaluru,,,,,0,Chikkamagaluru,Tomato,Karnataka,False,False
2026-07-08,chikkamagaluru,,,,,0,Chikkamagaluru,Tomato,Karnataka,False,False
2026-07-09,chikkamagaluru,,,,,0,Chikkamagaluru,Tomato,Karnataka,False,False
2026-07-10,chikkamagaluru,,,,,0,Chikkamagaluru,Tomato,Karnataka,False,False
2026-07-11,chikkamagaluru,,,,,0,Chikkamagaluru,Tomato,Karnataka,False,False
2026-07-12,chikkamagaluru,,,,,0,Chikkamagaluru,Tomato,Karnataka,False,False
2026-07-13,chikkamagaluru,,,,,0,Chikkamagaluru,Tomato,Karnataka,False,False
2026-07-14,chikkamagaluru,,,,,0,Chikkamagaluru,Tomato,Karnataka,False,False
2026-07-15,chikkamagaluru,,,,,0,Chikkamagaluru,Tomato,Karnataka,False,False
2026-07-16,chikkamagaluru,,,,,0,Chikkamagaluru,Tomato,Karnataka,False,False
2026-07-17,chikkamagaluru,,,,,0,Chikkamagaluru,Tomato,Karnataka,False,False
2026-07-18,chikkamagaluru,,,,,0,Chikkamagaluru,Tomato,Karnataka,False,False
2026-07-19,chikkamagaluru,,,,,0,Chikkamagaluru,Tomato,Karnataka,False,False
2026-07-20,chikkamagaluru,,,,,0,Chikkamagaluru,Tomato,Karnataka,False,False
2026-07-21,chikkamagaluru,,,,,0,Chikkamagaluru,Tomato,Karnataka,False,False
2026-07-22,chikkamagaluru,,,,,0,Chikkamagaluru,Tomato,Karnataka,False,False
2026-07-23,chikkamagaluru,,,,,0,Chikkamagaluru,Tomato,Karnataka,False,False
2026-07-24,chikkamagaluru,,,,,0,Chikkamagaluru,Tomato,Karnataka,False,False
2026-07-25,chikkamagaluru,,,,,0,Chikkamagaluru,Tomato,Karnataka,False,False
2026-07-26,chikkamagaluru,,,,,0,Chikkamagaluru,Tomato,Karnataka,False,False
2026-07-27,chikkamagaluru,,,,,0,Chikkamagaluru,Tomato,Karnataka,False,False
2026-07-28,chikkamagaluru,,,,,0,Chikkamagaluru,Tomato,Karnataka,False,False
2026-07-29,chikkamagaluru,,,,,0,Chikkamagaluru,Tomato,Karnataka,False,False
2026-07-30,chikkamagaluru,,,,,0,Chikkamagaluru,Tomato,Karnataka,False,False
2026-07-31,chikkamagaluru,,,,,0,Chikkamagaluru,Tomato,Karnataka,False,False
2026-08-01,chikkamagaluru,,,,,0,Chikkamagaluru,Tomato,Karnataka,False,False
2026-08-02,chikkamagaluru,,,,,0,Chikkamagaluru,Tomato,Karnataka,False,False
2026-08-03,chikkamagaluru,,,,,0,Chikkamagaluru,Tomato,Karnataka,False,False
2026-08-04,chikkamagaluru,,,,,0,Chikkamagaluru,Tomato,Karnataka,False,False
2026-08-05,chikkamagaluru,,,,,0,Chikkamagaluru,Tomato,Karnataka,False,False
2026-08-06,chikkamagaluru,,,,,0,Chikkamagaluru,Tomato,Karnataka,False,False
2026-08-07,chikkamagaluru,,,,,0,Chikkamagaluru,Tomato,Karnataka,False,False
2026-08-08,chikkamagaluru,,,,,0,Chikkamagaluru,Tomato,Karnataka,False,False
2026-08-09,chikkamagaluru,,,,,0,Chikkamagaluru,Tomato,Karnataka,False,False
2026-08-10,chikkamagaluru,,,,,0,Chikkamagaluru,Tomato,Karnataka,False,False
2026-08-11,chikkamagaluru,,,,,0,Chikkamagaluru,Tomato,Karnataka,False,False
2026-08-12,chikkamagaluru,,,,,0,Chikkamagaluru,Tomato,Karnataka,False,False
2026-08-13,chikkamagaluru,,,,,0,Chikkamagaluru,Tomato,Karnataka,False,False
2026-08-14,chikkamagaluru,,,,,0,Chikkamagaluru,Tomato,Karnataka,False,False
2026-08-15,chikkamagaluru,,,,,0,Chikkamagaluru,Tomato,Karnataka,False,False
2026-08-16,chikkamagaluru,,,,,0,Chikkamagaluru,Tomato,Karnataka,False,False
2026-08-17,chikkamagaluru,,,,,0,Chikkamagaluru,Tomato,Karnataka,False,False
2026-08-18,chikkamagaluru,,,,,0,Chikkamagaluru,Tomato,Karnataka,False,False
2026-08-19,chikkamagaluru,,,,,0,Chikkamagaluru,Tomato,Karnataka,False,False
2026-08-20,chikkamagaluru,,,,,0,Chikkamagaluru,Tomato,Karnataka,False,False
2026-08-21,chikkamagaluru,,,,,0,Chikkamagaluru,Tomato,Karnataka,False,False
2026-08-22,chikkamagaluru,,,,,0,Chikkamagaluru,Tomato,Karnataka,False,False
2026-08-23,chikkamagaluru,,,,,0,Chikkamagaluru,Tomato,Karnataka,False,False
2026-08-24,chikkamagaluru,,,,,0,Chikkamagaluru,Tomato,Karnataka,False,False
2026-08-25,chikkamagaluru,,,,,0,Chikkamagaluru,Tomato,Karnataka,False,False
2026-08-26,chikkamagaluru,,,,,0,Chikkamagaluru,Tomato,Karnataka,False,False
2026-08-27,chikkamagaluru,,,,,0,Chikkamagaluru,Tomato,Karnataka,False,False
2026-08-28,chikkamagaluru,,,,,0,Chikkamagaluru,Tomato,Karnataka,False,False
2026-08-29,chikkamagaluru,,,,,0,Chikkamagaluru,Tomato,Karnataka,False,False
2026-08-30,chikkamagaluru,,,,,0,Chikkamagaluru,Tomato,Karnataka,False,False
2026-08-31,chikkamagaluru,,,,,0,Chikkamagaluru,Tomato,Karnataka,False,False
2026-09-01,chikkamagaluru,,,,,0,Chikkamagaluru,Tomato,Karnataka,False,False
2026-09-02,chikkamagaluru,,,,,0,Chikkamagaluru,Tomato,Karnataka,False,False
2026-09-03,chikkamagaluru,,,,,0,Chikkamagaluru,Tomato,Karnataka,False,False
2026-09-04,chikkamagaluru,,,,,0,Chikkamagaluru,Tomato,Karnataka,False,False
2026-09-05,chikkamagaluru,,,,,0,Chikkamagaluru,Tomato,Karnataka,False,False
2026-09-06,chikkamagaluru,,,,,0,Chikkamagaluru,Tomato,Karnataka,False,False
2026-09-07,chikkamagaluru,,,,,0,Chikkamagaluru,Tomato,Karnataka,False,False
2026-09-08,chikkamagaluru,,,,,0,Chikkamagaluru,Tomato,Karnataka,False,False
2026-09-09,chikkamagaluru,,,,,0,Chikkamagaluru,Tomato,Karnataka,False,False
2026-09-10,chikkamagaluru,,,,,0,Chikkamagaluru,Tomato,Karnataka,False,False
2026-09-11,chikkamagaluru,,,,,0,Chikkamagaluru,Tomato,Karnataka,False,False
2026-09-12,chikkamagaluru,,,,,0,Chikkamagaluru,Tomato,Karnataka,False,False
2026-09-13,chikkamagaluru,,,,,0,Chikkamagaluru,Tomato,Karnataka,False,False
2026-09-14,chikkamagaluru,,,,,0,Chikkamagaluru,Tomato,Karnataka,False,False
2026-09-15,chikkamagaluru,,,,,0,Chikkamagaluru,Tomato,Karnataka,False,False
2026-09-16,chikkamagaluru,,,,,0,Chikkamagaluru,Tomato,Karnataka,False,False
2022-01-01,kolar,823.0,2130.0,1230.0,3530.0,7,Kolar,Tomato,Karnataka,True,True
2022-01-02,kolar,919.0,2300.0,800.0,3800.0,5,Kolar,Tomato,Karnataka,True,True
2022-01-03,kolar,797.0,2000.0,660.0,3230.0,7,Kolar,Tomato,Karnataka,True,True
2022-01-04,kolar,1000.0,1860.0,1133.0,2666.0,6,Kolar,Tomato,Karnataka,True,True
2022-01-05,kolar,1027.0,1660.0,900.0,2533.0,4,Kolar,Tomato,Karnataka,True,True
2022-01-06,kolar,909.0,1667.0,1000.0,2330.0,4,Kolar,Tomato,Karnataka,True,True
2022-01-07,kolar,731.0,1925.0,1000.0,2950.0,6,Kolar,Tomato,Karnataka,True,True
2022-01-08,kolar,533.0,1850.0,900.0,2560.0,5,Kolar,Tomato,Karnataka,True,True
2022-01-09,kolar,650.0,1733.5,885.0,2733.5,4,Kolar,Tomato,Karnataka,True,True
2022-01-10,kolar,916.0,1780.0,1115.0,2660.0,8,Kolar,Tomato,Karnataka,True,True
2022-01-11,kolar,990.0,1831.5,1000.0,2583.0,5,Kolar,Tomato,Karnataka,True,True
2022-01-12,kolar,1012.0,1330.0,467.0,2067.0,5,Kolar,Tomato,Karnataka,True,True
2022-01-13,kolar,952.0,1030.0,483.5,1698.0,6,Kolar,Tomato,Karnataka,True,True
2022-01-14,kolar,980.0,1000.0,430.0,1600.0,7,Kolar,Tomato,Karnataka,True,True
2022-01-15,kolar,155.0,1060.0,660.0,1460.0,5,Kolar,Tomato,Karnataka,True,True
2022-01-16,kolar,416.0,1300.0,800.0,2666.0,5,Kolar,Tomato,Karnataka,True,True
2022-01-17,kolar,839.0,1630.0,800.0,2100.0,8,Kolar,Tomato,Karnataka,True,True
2022-01-18,kolar,995.0,1000.0,460.0,1330.0,6,Kolar,Tomato,Karnataka,True,True
2022-01-19,kolar,897.0,1000.0,530.0,1400.0,5,Kolar,Tomato,Karnataka,True,True
2022-01-20,kolar,823.0,1033.5,531.5,1631.5,6,Kolar,Tomato,Karnataka,True,True
2022-01-21,kolar,882.0,1000.0,600.0,1550.0,4,Kolar,Tomato,Karnataka,True,True
2022-01-22,kolar,392.0,800.0,400.0,1060.0,5,Kolar,Tomato,Karnataka,True,True
2022-01-23,kolar,636.0,900.0,465.0,1430.0,4,Kolar,Tomato,Karnataka,True,True
2022-01-24,kolar,469.0,1000.0,480.0,1530.0,6,Kolar,Tomato,Karnataka,True,True
2022-01-25,kolar,623.0,1266.5,513.0,1930.0,6,Kolar,Tomato,Karnataka,True,True
2022-01-26,kolar,563.0,1065.0,610.0,1698.5,6,Kolar,Tomato,Karnataka,True,True
2022-01-27,kolar,804.0,1098.5,563.5,1433.5,4,Kolar,Tomato,Karnataka,True,True
2022-01-28,kolar,805.0,1065.0,495.0,1565.0,7,Kolar,Tomato,Karnataka,True,True
2022-01-29,kolar,775.0,760.0,360.0,1000.0,7,Kolar,Tomato,Karnataka,True,True
2022-01-30,kolar,799.0,667.0,400.0,1000.0,5,Kolar,Tomato,Karnataka,True,True
2022-01-31,kolar,878.0,600.0,330.0,850.0,6,Kolar,Tomato,Karnataka,True,True
2022-02-01,kolar,864.0,530.0,333.0,730.0,7,Kolar,Tomato,Karnataka,True,True
2022-02-02,kolar,739.0,533.0,330.0,800.0,6,Kolar,Tomato,Karnataka,True,True
2022-02-03,kolar,715.0,750.0,380.0,1065.0,6,Kolar,Tomato,Karnataka,True,True
2022-02-04,kolar,851.0,1170.0,430.0,1430.0,5,Kolar,Tomato,Karnataka,True,True
2022-02-05,kolar,902.0,1000.0,533.0,1460.0,7,Kolar,Tomato,Karnataka,True,True
2022-02-06,kolar,1114.0,660.0,333.0,1130.0,5,Kolar,Tomato,Karnataka,True,True
2022-02-07,kolar,984.0,800.0,400.0,1230.0,5,Kolar,Tomato,Karnataka,True,True
2022-02-08,kolar,1087.0,735.0,415.0,1185.0,7,Kolar,Tomato,Karnataka,True,True
2022-02-09,kolar,1155.0,667.0,333.0,1000.0,7,Kolar,Tomato,Karnataka,True,True
2022-02-10,kolar,1212.0,533.0,331.5,766.5,5,Kolar,Tomato,Karnataka,True,True
2022-02-11,kolar,1033.0,533.0,330.0,870.0,3,Kolar,Tomato,Karnataka,True,True
2022-02-12,kolar,864.0,585.0,331.5,830.0,6,Kolar,Tomato,Karnataka,True,True
2022-02-13,kolar,974.0,600.0,330.0,933.0,5,Kolar,Tomato,Karnataka,True,True
2022-02-14,kolar,1140.0,530.0,400.0,800.0,7,Kolar,Tomato,Karnataka,True,True
2022-02-15,kolar,999.0,530.0,333.0,800.0,7,Kolar,Tomato,Karnataka,True,True
2022-02-16,kolar,1006.0,470.0,330.0,700.0,7,Kolar,Tomato,Karnataka,True,True
2022-02-17,kolar,1027.0,500.0,233.0,735.0,3,Kolar,Tomato,Karnataka,True,True
2022-02-18,kolar,935.0,463.0,330.0,700.0,5,Kolar,Tomato,Karnataka,True,True
2022-02-19,kolar,1042.0,531.5,331.5,796.5,6,Kolar,Tomato,Karnataka,True,True
2022-02-20,kolar,933.0,533.0,333.0,670.0,5,Kolar,Tomato,Karnataka,True,True
2022-02-21,kolar,986.0,500.0,330.0,666.0,3,Kolar,Tomato,Karnataka,True,True
2022-02-22,kolar,944.0,500.0,300.0,666.0,8,Kolar,Tomato,Karnataka,True,True
2022-02-23,kolar,996.0,501.5,331.5,668.0,7,Kolar,Tomato,Karnataka,True,True
2022-02-24,kolar,895.0,470.0,300.0,670.0,2,Kolar,Tomato,Karnataka,True,True
2022-02-25,kolar,1042.0,533.0,300.0,666.0,7,Kolar,Tomato,Karnataka,True,True
2022-02-26,kolar,794.0,433.5,300.0,550.0,4,Kolar,Tomato,Karnataka,True,True
2022-02-27,kolar,834.0,400.0,300.0,600.0,5,Kolar,Tomato,Karnataka,True,True
2022-02-28,kolar,836.0,400.0,267.0,600.0,5,Kolar,Tomato,Karnataka,True,True
2022-03-01,kolar,902.0,400.0,300.0,600.0,5,Kolar,Tomato,Karnataka,True,True
2022-03-02,kolar,731.0,516.5,316.5,666.0,7,Kolar,Tomato,Karnataka,True,True
2022-03-03,kolar,633.0,435.0,298.0,616.5,6,Kolar,Tomato,Karnataka,True,True
2022-03-04,kolar,1086.0,500.0,300.0,700.0,5,Kolar,Tomato,Karnataka,True,True
2022-03-05,kolar,1025.0,500.0,300.0,700.0,4,Kolar,Tomato,Karnataka,True,True
2022-03-06,kolar,1098.0,400.0,266.0,600.0,5,Kolar,Tomato,Karnataka,True,True
2022-03-07,kolar,974.0,400.0,300.0,600.0,8,Kolar,Tomato,Karnataka,True,True
2022-03-08,kolar,924.0,330.0,200.0,466.0,7,Kolar,Tomato,Karnataka,True,True
2022-03-09,kolar,903.0,400.0,300.0,570.0,5,Kolar,Tomato,Karnataka,True,True
2022-03-10,kolar,858.0,360.0,300.0,470.0,5,Kolar,Tomato,Karnataka,True,True
2022-03-11,kolar,844.0,365.0,235.0,530.0,7,Kolar,Tomato,Karnataka,True,True
2022-03-12,kolar,793.0,330.0,250.0,400.0,6,Kolar,Tomato,Karnataka,True,True
2022-03-13,kolar,881.0,366.0,200.0,466.0,5,Kolar,Tomato,Karnataka,True,True
2022-03-14,kolar,783.0,333.0,200.0,467.0,7,Kolar,Tomato,Karnataka,True,True
2022-03-15,kolar,785.0,400.0,285.0,515.0,6,Kolar,Tomato,Karnataka,True,True
2022-03-16,kolar,837.0,400.0,270.0,530.0,6,Kolar,Tomato,Karnataka,True,True
2022-03-17,kolar,1040.0,385.0,225.0,500.0,6,Kolar,Tomato,Karnataka,True,True
2022-03-18,kolar,1006.0,350.0,250.0,500.0,5,Kolar,Tomato,Karnataka,True,True
2022-03-19,kolar,813.0,283.0,166.5,366.5,2,Kolar,Tomato,Karnataka,True,True
2022-03-20,kolar,810.0,430.0,233.0,670.0,5,Kolar,Tomato,Karnataka,True,True
2022-03-21,kolar,851.0,500.0,250.0,715.0,6,Kolar,Tomato,Karnataka,True,True
2022-03-22,kolar,1021.0,400.0,300.0,660.0,7,Kolar,Tomato,Karnataka,True,True
2022-03-23,kolar,1159.0,470.0,300.0,770.0,6,Kolar,Tomato,Karnataka,True,True
2022-03-24,kolar,1168.0,250.0,199.5,399.5,3,Kolar,Tomato,Karnataka,True,True
2022-03-25,kolar,1157.0,600.0,400.0,800.0,5,Kolar,Tomato,Karnataka,True,True
2022-03-26,kolar,872.0,330.0,258.0,433.0,6,Kolar,Tomato,Karnataka,True,True
2022-03-27,kolar,799.0,400.0,270.0,530.0,5,Kolar,Tomato,Karnataka,True,True
2022-03-28,kolar,628.0,430.0,266.0,630.0,7,Kolar,Tomato,Karnataka,True,True
2022-03-29,kolar,686.0,530.0,300.0,730.0,4,Kolar,Tomato,Karnataka,True,True
2022-03-30,kolar,793.0,500.0,300.0,700.0,7,Kolar,Tomato,Karnataka,True,True
2022-03-31,kolar,951.0,550.0,200.0,760.0,3,Kolar,Tomato,Karnataka,True,True
2022-04-01,kolar,1050.0,480.0,320.0,690.0,4,Kolar,Tomato,Karnataka,True,True
2022-04-02,kolar,977.0,600.0,330.0,800.0,6,Kolar,Tomato,Karnataka,True,True
2022-04-03,kolar,454.0,680.0,300.0,1100.0,6,Kolar,Tomato,Karnataka,True,True
2022-04-04,kolar,591.0,800.0,400.0,1300.0,6,Kolar,Tomato,Karnataka,True,True
2022-04-05,kolar,1168.0,533.0,330.0,867.0,5,Kolar,Tomato,Karnataka,True,True
2022-04-06,kolar,998.0,700.0,330.0,1100.0,6,Kolar,Tomato,Karnataka,True,True
2022-04-07,kolar,953.0,515.0,310.0,800.0,6,Kolar,Tomato,Karnataka,True,True
2022-04-08,kolar,908.0,566.5,267.0,1098.5,4,Kolar,Tomato,Karnataka,True,True
2022-04-09,kolar,834.0,766.5,283.5,1248.5,5,Kolar,Tomato,Karnataka,True,True
2022-04-10,kolar,830.0,766.5,331.5,1231.5,6,Kolar,Tomato,Karnataka,True,True
2022-04-11,kolar,649.0,666.5,315.0,1066.5,7,Kolar,Tomato,Karnataka,True,True
2022-04-12,kolar,856.0,900.0,333.0,1700.0,6,Kolar,Tomato,Karnataka,True,True
2022-04-13,kolar,881.0,850.0,315.0,1516.5,6,Kolar,Tomato,Karnataka,True,True
2022-04-14,kolar,896.0,930.0,431.5,1431.5,6,Kolar,Tomato,Karnataka,True,True
2022-04-15,kolar,738.0,733.0,330.0,1467.0,6,Kolar,Tomato,Karnataka,True,True
2022-04-16,kolar,873.0,833.5,366.5,1430.0,6,Kolar,Tomato,Karnataka,True,True
2022-04-17,kolar,718.0,1230.0,400.0,2165.0,6,Kolar,Tomato,Karnataka,True,True
2022-04-18,kolar,788.0,1200.0,533.0,2400.0,6,Kolar,Tomato,Karnataka,True,True
2022-04-19,kolar,804.0,1465.0,585.0,2833.5,6,Kolar,Tomato,Karnataka,True,True
2022-04-20,kolar,796.0,1181.5,618.5,2635.0,5,Kolar,Tomato,Karnataka,True,True
2022-04-21,kolar,770.0,1600.0,660.0,2533.0,5,Kolar,Tomato,Karnataka,True,True
2022-04-22,kolar,741.0,1467.0,660.0,2733.0,7,Kolar,Tomato,Karnataka,True,True
2022-04-23,kolar,691.0,1800.0,660.0,3200.0,7,Kolar,Tomato,Karnataka,True,True
2022-04-24,kolar,649.0,1985.0,665.0,3165.0,6,Kolar,Tomato,Karnataka,True,True
2022-04-25,kolar,735.0,1770.0,570.0,3230.0,5,Kolar,Tomato,Karnataka,True,True
2022-04-26,kolar,654.0,1900.0,670.0,3330.0,6,Kolar,Tomato,Karnataka,True,True
2022-04-27,kolar,696.0,1830.0,600.0,3230.0,5,Kolar,Tomato,Karnataka,True,True
2022-04-28,kolar,756.0,866.0,500.0,2000.0,4,Kolar,Tomato,Karnataka,True,True
2022-04-29,kolar,651.0,2267.0,800.0,4000.0,7,Kolar,Tomato,Karnataka,True,True
2022-04-30,kolar,687.0,2685.0,1000.0,4430.0,7,Kolar,Tomato,Karnataka,True,True
2022-05-01,kolar,700.0,2350.0,835.0,3735.0,6,Kolar,Tomato,Karnataka,True,True
2022-05-02,kolar,647.0,2000.0,1000.0,3470.0,7,Kolar,Tomato,Karnataka,True,True
2022-05-03,kolar,604.0,2695.0,1015.0,4333.5,4,Kolar,Tomato,Karnataka,True,True
2022-05-04,kolar,637.0,2670.0,1330.0,4330.0,5,Kolar,Tomato,Karnataka,True,True
2022-05-05,kolar,752.0,2670.0,1330.0,4330.0,5,Kolar,Tomato,Karnataka,True,True
2022-05-06,kolar,739.0,2570.0,1300.0,4093.5,4,Kolar,Tomato,Karnataka,True,True
2022-05-07,kolar,733.0,2630.0,1470.0,4570.0,6,Kolar,Tomato,Karnataka,True,True
2022-05-08,kolar,716.0,2630.0,1065.0,4430.0,6,Kolar,Tomato,Karnataka,True,True
2022-05-09,kolar,578.0,2570.0,1320.0,4570.0,6,Kolar,Tomato,Karnataka,True,True
2022-05-10,kolar,723.0,3600.0,800.0,5200.0,4,Kolar,Tomato,Karnataka,True,True
2022-05-11,kolar,568.0,3070.0,1330.0,5330.0,7,Kolar,Tomato,Karnataka,True,True
2022-05-12,kolar,707.0,3000.0,1800.0,5230.0,4,Kolar,Tomato,Karnataka,True,True
2022-05-13,kolar,509.0,3000.0,1800.0,5330.0,5,Kolar,Tomato,Karnataka,True,True
2022-05-14,kolar,790.0,3065.0,1950.0,5315.0,6,Kolar,Tomato,Karnataka,True,True
2022-05-15,kolar,761.0,3415.0,2000.0,4835.0,6,Kolar,Tomato,Karnataka,True,True
2022-05-16,kolar,719.0,3375.0,1665.0,5330.0,6,Kolar,Tomato,Karnataka,True,True
2022-05-17,kolar,741.0,4000.0,1330.0,6000.0,6,Kolar,Tomato,Karnataka,True,True
2022-05-18,kolar,631.0,3670.0,1330.0,5330.0,6,Kolar,Tomato,Karnataka,True,True
2022-05-19,kolar,636.0,4831.5,3000.0,6835.0,3,Kolar,Tomato,Karnataka,True,True
2022-05-20,kolar,521.0,4315.0,2565.0,7235.0,7,Kolar,Tomato,Karnataka,True,True
2022-05-21,kolar,670.0,5000.0,2000.0,7000.0,7,Kolar,Tomato,Karnataka,True,True
2022-05-22,kolar,712.0,4500.0,1665.0,6265.0,6,Kolar,Tomato,Karnataka,True,True
2022-05-23,kolar,712.0,4660.0,2000.0,6000.0,7,Kolar,Tomato,Karnataka,True,True
2022-05-24,kolar,811.0,3565.0,1565.0,5900.0,6,Kolar,Tomato,Karnataka,True,True
2022-05-25,kolar,822.0,3390.0,1015.0,5500.0,5,Kolar,Tomato,Karnataka,True,True
2022-05-26,kolar,685.0,2730.0,1900.0,4500.0,5,Kolar,Tomato,Karnataka,True,True
2022-05-27,kolar,789.0,2200.0,700.0,4000.0,7,Kolar,Tomato,Karnataka,True,True
2022-05-28,kolar,659.0,3550.0,1665.0,5700.0,6,Kolar,Tomato,Karnataka,True,True
2022-05-29,kolar,806.0,3300.0,1330.0,5800.0,5,Kolar,Tomato,Karnataka,True,True
2022-05-30,kolar,952.0,3315.0,1665.0,5065.0,6,Kolar,Tomato,Karnataka,True,True
2022-05-31,kolar,1010.0,3330.0,1350.0,5300.0,4,Kolar,Tomato,Karnataka,True,True
2022-06-01,kolar,85.0,2700.0,616.5,4783.0,2,Kolar,Tomato,Karnataka,True,True
2022-06-02,kolar,1489.0,2660.0,900.0,4000.0,3,Kolar,Tomato,Karnataka,True,True
2022-06-03,kolar,1446.0,3000.0,1330.0,4333.0,7,Kolar,Tomato,Karnataka,True,True
2022-06-04,kolar,1323.0,2800.0,700.0,4230.0,6,Kolar,Tomato,Karnataka,True,True
2022-06-05,kolar,1231.0,2880.0,1165.0,4433.0,6,Kolar,Tomato,Karnataka,True,True
2022-06-06,kolar,1184.0,3330.0,1330.0,4933.0,4,Kolar,Tomato,Karnataka,True,True
2022-06-07,kolar,1082.0,3280.0,1800.0,5000.0,5,Kolar,Tomato,Karnataka,True,True
2022-06-08,kolar,1282.0,3515.0,1900.0,5200.0,5,Kolar,Tomato,Karnataka,True,True
2022-06-09,kolar,1079.0,2333.0,1000.0,4660.0,4,Kolar,Tomato,Karnataka,True,True
2022-06-10,kolar,1469.0,3080.0,1350.0,4266.5,4,Kolar,Tomato,Karnataka,True,True
2022-06-11,kolar,1493.0,2800.0,1000.0,4200.0,7,Kolar,Tomato,Karnataka,True,True
2022-06-12,kolar,1601.0,2700.0,850.0,4333.0,6,Kolar,Tomato,Karnataka,True,True
2022-06-13,kolar,1598.0,2700.0,850.0,4331.5,6,Kolar,Tomato,Karnataka,True,True
2022-06-14,kolar,1854.0,3000.0,700.0,4133.0,5,Kolar,Tomato,Karnataka,True,True
2022-06-15,kolar,2201.0,2333.0,1200.0,3866.0,6,Kolar,Tomato,Karnataka,True,True
2022-06-16,kolar,1912.0,2400.0,660.0,3600.0,4,Kolar,Tomato,Karnataka,True,True
2022-06-17,kolar,1947.0,2065.0,830.0,3330.0,6,Kolar,Tomato,Karnataka,True,True
2022-06-18,kolar,2000.0,2200.0,700.0,3330.0,6,Kolar,Tomato,Karnataka,True,True
2022-06-19,kolar,2182.0,1916.5,850.0,3200.0,6,Kolar,Tomato,Karnataka,True,True
2022-06-20,kolar,2271.0,2130.0,1000.0,3133.0,6,Kolar,Tomato,Karnataka,True,True
2022-06-21,kolar,2254.0,2133.0,1066.0,3200.0,5,Kolar,Tomato,Karnataka,True,True
2022-06-22,kolar,2583.0,2215.0,850.0,3331.5,7,Kolar,Tomato,Karnataka,True,True
2022-06-23,kolar,3045.0,1866.0,533.0,3400.0,4,Kolar,Tomato,Karnataka,True,True
2022-06-24,kolar,3278.0,1900.0,700.0,3000.0,7,Kolar,Tomato,Karnataka,True,True
2022-06-25,kolar,3101.0,1500.0,1000.0,2700.0,6,Kolar,Tomato,Karnataka,True,True
2022-06-26,kolar,3599.0,1716.5,683.5,2616.5,6,Kolar,Tomato,Karnataka,True,True
2022-06-27,kolar,4312.0,1600.0,500.0,2500.0,3,Kolar,Tomato,Karnataka,True,True
2022-06-28,kolar,4173.0,1350.0,600.0,2000.0,5,Kolar,Tomato,Karnataka,True,True
2022-06-29,kolar,4772.0,1435.0,668.0,1850.0,6,Kolar,Tomato,Karnataka,True,True
2022-06-30,kolar,4360.0,1000.0,333.0,1660.0,5,Kolar,Tomato,Karnataka,True,True
2022-07-01,kolar,3835.0,730.0,333.0,1330.0,5,Kolar,Tomato,Karnataka,True,True
2022-07-02,kolar,552.0,1200.0,866.5,1733.0,2,Kolar,Tomato,Karnataka,True,True
2022-07-03,kolar,4124.0,1135.0,531.5,1835.0,6,Kolar,Tomato,Karnataka,True,True
2022-07-04,kolar,4148.0,1330.0,433.0,2000.0,7,Kolar,Tomato,Karnataka,True,True
2022-07-05,kolar,4342.0,1230.0,470.0,2120.0,5,Kolar,Tomato,Karnataka,True,True
2022-07-06,kolar,4230.0,1000.0,400.0,1666.0,6,Kolar,Tomato,Karnataka,True,True
2022-07-07,kolar,4709.0,800.0,400.0,1333.0,5,Kolar,Tomato,Karnataka,True,True
2022-07-08,kolar,3915.0,750.0,370.0,1230.0,5,Kolar,Tomato,Karnataka,True,True
2022-07-09,kolar,4049.0,800.0,400.0,1333.0,6,Kolar,Tomato,Karnataka,True,True
2022-07-10,kolar,3431.0,800.0,333.0,1200.0,5,Kolar,Tomato,Karnataka,True,True
2022-07-11,kolar,3836.0,800.0,351.5,1280.0,6,Kolar,Tomato,Karnataka,True,True
2022-07-12,kolar,4232.0,866.0,370.0,1333.0,4,Kolar,Tomato,Karnataka,True,True
2022-07-13,kolar,4605.0,867.0,351.5,1333.0,5,Kolar,Tomato,Karnataka,True,True
2022-07-14,kolar,4623.0,666.0,333.0,1200.0,5,Kolar,Tomato,Karnataka,True,True
2022-07-15,kolar,4517.0,766.5,416.5,1175.0,6,Kolar,Tomato,Karnataka,True,True
2022-07-16,kolar,4500.0,667.0,300.0,1000.0,5,Kolar,Tomato,Karnataka,True,True
2022-07-17,kolar,4445.0,800.0,333.0,1200.0,5,Kolar,Tomato,Karnataka,True,True
2022-07-18,kolar,4275.0,750.0,470.0,1270.0,5,Kolar,Tomato,Karnataka,True,True
2022-07-19,kolar,4675.0,800.0,333.0,1333.0,5,Kolar,Tomato,Karnataka,True,True
2022-07-20,kolar,4675.0,800.0,331.5,1231.5,6,Kolar,Tomato,Karnataka,True,True
2022-07-21,kolar,4423.0,730.0,333.0,1270.0,4,Kolar,Tomato,Karnataka,True,True
2022-07-22,kolar,4536.0,670.0,330.0,1000.0,6,Kolar,Tomato,Karnataka,True,True
2022-07-23,kolar,4607.0,666.0,330.0,1000.0,5,Kolar,Tomato,Karnataka,True,True
2022-07-24,kolar,4477.0,730.0,300.0,1070.0,5,Kolar,Tomato,Karnataka,True,True
2022-07-25,kolar,4173.0,600.0,300.0,900.0,5,Kolar,Tomato,Karnataka,True,True
2022-07-26,kolar,4521.0,600.0,300.0,966.5,4,Kolar,Tomato,Karnataka,True,True
2022-07-27,kolar,4255.0,600.0,300.0,933.0,7,Kolar,Tomato,Karnataka,True,True
2022-07-28,kolar,3998.0,733.0,330.0,1000.0,4,Kolar,Tomato,Karnataka,True,True
2022-07-29,kolar,3511.0,600.0,300.0,1070.0,5,Kolar,Tomato,Karnataka,True,True
2022-07-30,kolar,4065.0,650.0,330.0,1330.0,4,Kolar,Tomato,Karnataka,True,True
2022-07-31,kolar,3820.0,685.0,331.5,1231.5,6,Kolar,Tomato,Karnataka,True,True
2022-08-01,kolar,3856.0,600.0,330.0,1133.0,5,Kolar,Tomato,Karnataka,True,True
2022-08-02,kolar,4633.0,800.0,330.0,1333.0,5,Kolar,Tomato,Karnataka,True,True
2022-08-03,kolar,3881.0,685.0,331.5,1133.0,6,Kolar,Tomato,Karnataka,True,True
2022-08-04,kolar,4095.0,618.0,330.0,1133.0,6,Kolar,Tomato,Karnataka,True,True
2022-08-05,kolar,3866.0,700.0,300.0,1000.0,6,Kolar,Tomato,Karnataka,True,True
2022-08-06,kolar,3201.0,666.0,330.0,1133.0,7,Kolar,Tomato,Karnataka,True,True
2022-08-07,kolar,3099.0,667.0,330.0,1066.0,5,Kolar,Tomato,Karnataka,True,True
2022-08-08,kolar,3655.0,625.0,330.0,1135.0,6,Kolar,Tomato,Karnataka,True,True
2022-08-09,kolar,2944.0,731.5,315.0,1250.0,6,Kolar,Tomato,Karnataka,True,True
2022-08-10,kolar,3289.0,660.0,330.0,1200.0,7,Kolar,Tomato,Karnataka,True,True
2022-08-11,kolar,3194.0,866.5,366.5,1466.5,6,Kolar,Tomato,Karnataka,True,True
2022-08-12,kolar,3454.0,800.0,500.0,1333.0,6,Kolar,Tomato,Karnataka,True,True
2022-08-13,kolar,3605.0,701.5,331.5,1400.0,6,Kolar,Tomato,Karnataka,True,True
2022-08-14,kolar,2741.0,875.0,400.0,1416.5,6,Kolar,Tomato,Karnataka,True,True
2022-08-15,kolar,3108.0,800.0,400.0,1333.0,7,Kolar,Tomato,Karnataka,True,True
2022-08-16,kolar,3058.0,970.0,400.0,1500.0,4,Kolar,Tomato,Karnataka,True,True
2022-08-17,kolar,3232.0,750.0,400.0,1000.0,7,Kolar,Tomato,Karnataka,True,True
2022-08-18,kolar,2952.0,667.0,333.0,1066.0,5,Kolar,Tomato,Karnataka,True,True
2022-08-19,kolar,2700.0,725.0,331.5,1033.5,6,Kolar,Tomato,Karnataka,True,True
2022-08-20,kolar,2545.0,800.0,330.0,1200.0,5,Kolar,Tomato,Karnataka,True,True
2022-08-21,kolar,2254.0,800.0,333.0,1333.0,5,Kolar,Tomato,Karnataka,True,True
2022-08-22,kolar,2898.0,708.5,333.0,1266.5,6,Kolar,Tomato,Karnataka,True,True
2022-08-23,kolar,2768.0,768.5,331.5,1198.5,4,Kolar,Tomato,Karnataka,True,True
2022-08-24,kolar,2401.0,683.0,330.0,966.5,6,Kolar,Tomato,Karnataka,True,True
2022-08-25,kolar,2687.0,566.0,300.0,1066.0,3,Kolar,Tomato,Karnataka,True,True
2022-08-26,kolar,2257.0,800.0,330.0,1000.0,6,Kolar,Tomato,Karnataka,True,True
2022-08-27,kolar,1745.0,800.0,333.0,1330.0,7,Kolar,Tomato,Karnataka,True,True
2022-08-28,kolar,1773.0,735.0,331.5,1398.0,6,Kolar,Tomato,Karnataka,True,True
2022-08-29,kolar,1657.0,940.0,315.0,1600.0,6,Kolar,Tomato,Karnataka,True,True
2022-08-30,kolar,1480.0,1070.0,333.0,1800.0,6,Kolar,Tomato,Karnataka,True,True
2022-08-31,kolar,1532.0,1000.0,365.0,1868.0,6,Kolar,Tomato,Karnataka,True,True
2022-09-01,kolar,864.0,1330.0,660.0,2000.0,5,Kolar,Tomato,Karnataka,True,True
2022-09-02,kolar,1153.0,1531.5,615.0,2833.5,6,Kolar,Tomato,Karnataka,True,True
2022-09-03,kolar,1706.0,1497.5,480.0,2798.5,5,Kolar,Tomato,Karnataka,True,True
2022-09-04,kolar,1656.0,1565.0,515.0,2666.5,6,Kolar,Tomato,Karnataka,True,True
2022-09-05,kolar,1111.0,1670.0,500.0,3333.0,5,Kolar,Tomato,Karnataka,True,True
2022-09-06,kolar,1196.0,1870.0,570.0,3800.0,5,Kolar,Tomato,Karnataka,True,True
2022-09-07,kolar,1056.0,1600.0,530.0,3000.0,7,Kolar,Tomato,Karnataka,True,True
2022-09-08,kolar,1089.0,1400.0,381.5,2663.0,6,Kolar,Tomato,Karnataka,True,True
2022-09-09,kolar,861.0,1333.0,400.0,2470.0,6,Kolar,Tomato,Karnataka,True,True
2022-09-10,kolar,1027.0,1265.0,365.0,2835.0,6,Kolar,Tomato,Karnataka,True,True
2022-09-11,kolar,1148.0,1331.5,531.5,2833.5,6,Kolar,Tomato,Karnataka,True,True
2022-09-12,kolar,1173.0,1330.0,400.0,3000.0,7,Kolar,Tomato,Karnataka,True,True
2022-09-13,kolar,1162.0,1667.0,530.0,3000.0,5,Kolar,Tomato,Karnataka,True,True
2022-09-14,kolar,1129.0,1200.0,400.0,2000.0,3,Kolar,Tomato,Karnataka,True,True
2022-09-15,kolar,993.0,1530.0,530.0,2800.0,5,Kolar,Tomato,Karnataka,True,True
2022-09-16,kolar,1104.0,1615.0,615.0,2900.0,6,Kolar,Tomato,Karnataka,True,True
2022-09-17,kolar,1005.0,1685.0,531.5,3000.0,7,Kolar,Tomato,Karnataka,True,True
2022-09-18,kolar,924.0,1431.5,615.0,2830.0,6,Kolar,Tomato,Karnataka,True,True
2022-09-19,kolar,1025.0,1600.0,530.0,2667.0,5,Kolar,Tomato,Karnataka,True,True
2022-09-20,kolar,1131.0,1331.5,468.5,2833.5,5,Kolar,Tomato,Karnataka,True,True
2022-09-21,kolar,1035.0,1330.0,400.0,2333.0,6,Kolar,Tomato,Karnataka,True,True
2022-09-22,kolar,1321.0,1066.0,600.0,2266.0,4,Kolar,Tomato,Karnataka,True,True
2022-09-23,kolar,1307.0,933.0,400.0,2000.0,3,Kolar,Tomato,Karnataka,True,True
2022-09-24,kolar,1152.0,1333.0,530.0,2300.0,5,Kolar,Tomato,Karnataka,True,True
2022-09-25,kolar,1017.0,1330.0,530.0,2267.0,5,Kolar,Tomato,Karnataka,True,True
2022-09-26,kolar,252.0,1580.0,565.0,2583.5,6,Kolar,Tomato,Karnataka,True,True
2022-09-27,kolar,928.0,1670.0,530.0,3000.0,3,Kolar,Tomato,Karnataka,True,True
2022-09-28,kolar,959.0,1495.0,500.0,2685.0,6,Kolar,Tomato,Karnataka,True,True
2022-09-29,kolar,1042.0,1283.5,596.5,2233.0,4,Kolar,Tomato,Karnataka,True,True
2022-09-30,kolar,945.0,1330.0,400.0,2651.5,6,Kolar,Tomato,Karnataka,True,True
2022-10-01,kolar,812.0,1530.0,530.0,3000.0,4,Kolar,Tomato,Karnataka,True,True
2022-10-02,kolar,791.0,1670.0,530.0,3200.0,5,Kolar,Tomato,Karnataka,True,True
2022-10-03,kolar,844.0,1667.0,530.0,3000.0,6,Kolar,Tomato,Karnataka,True,True
2022-10-04,kolar,992.0,1666.0,470.0,3000.0,5,Kolar,Tomato,Karnataka,True,True
2022-10-05,kolar,753.0,1800.0,530.0,3000.0,5,Kolar,Tomato,Karnataka,True,True
2022-10-06,kolar,861.0,1800.0,515.0,3000.0,5,Kolar,Tomato,Karnataka,True,True
2022-10-07,kolar,977.0,1430.0,530.0,2935.0,4,Kolar,Tomato,Karnataka,True,True
2022-10-08,kolar,961.0,1685.0,515.0,3000.0,5,Kolar,Tomato,Karnataka,True,True
2022-10-09,kolar,855.0,1465.0,498.0,2860.0,4,Kolar,Tomato,Karnataka,True,True
2022-10-10,kolar,905.0,1700.0,530.0,3000.0,5,Kolar,Tomato,Karnataka,True,True
2022-10-11,kolar,1088.0,1715.0,515.0,3050.0,6,Kolar,Tomato,Karnataka,True,True
2022-10-12,kolar,973.0,1565.0,530.0,3050.0,4,Kolar,Tomato,Karnataka,True,True
2022-10-13,kolar,994.0,1683.0,515.0,3133.0,4,Kolar,Tomato,Karnataka,True,True
2022-10-14,kolar,1018.0,1800.0,531.5,3165.0,5,Kolar,Tomato,Karnataka,True,True
2022-10-15,kolar,1107.0,1860.0,530.0,3000.0,4,Kolar,Tomato,Karnataka,True,True
2022-10-16,kolar,1233.0,1730.0,670.0,2933.0,5,Kolar,Tomato,Karnataka,True,True
2022-10-17,kolar,965.0,1935.0,835.0,3130.0,5,Kolar,Tomato,Karnataka,True,True
2022-10-18,kolar,1549.0,1780.0,580.0,3033.5,4,Kolar,Tomato,Karnataka,True,True
2022-10-19,kolar,1446.0,1500.0,465.0,2716.5,5,Kolar,Tomato,Karnataka,True,True
2022-10-20,kolar,1749.0,1501.5,500.0,2935.0,5,Kolar,Tomato,Karnataka,True,True
2022-10-21,kolar,1953.0,1366.5,430.0,2735.0,6,Kolar,Tomato,Karnataka,True,True
2022-10-22,kolar,1885.0,1315.0,400.0,2400.0,5,Kolar,Tomato,Karnataka,True,True
2022-10-23,kolar,2032.0,1330.0,333.0,2000.0,5,Kolar,Tomato,Karnataka,True,True
2022-10-24,kolar,1810.0,1500.0,433.0,2250.0,5,Kolar,Tomato,Karnataka,True,True
2022-10-25,kolar,952.0,1470.0,400.0,2700.0,6,Kolar,Tomato,Karnataka,True,True
2022-10-26,kolar,1564.0,1330.0,365.0,2598.0,5,Kolar,Tomato,Karnataka,True,True
2022-10-27,kolar,2385.0,1331.5,366.5,2100.0,5,Kolar,Tomato,Karnataka,True,True
2022-10-28,kolar,1897.0,1200.0,333.0,2000.0,3,Kolar,Tomato,Karnataka,True,True
2022-10-29,kolar,503.0,1150.0,331.5,1900.0,5,Kolar,Tomato,Karnataka,True,True
2022-10-30,kolar,1344.0,1100.0,333.0,1800.0,5,Kolar,Tomato,Karnataka,True,True
2022-10-31,kolar,1644.0,1067.0,330.0,1700.0,6,Kolar,Tomato,Karnataka,True,True
2022-11-01,kolar,1728.0,800.0,333.0,1333.0,5,Kolar,Tomato,Karnataka,True,True
2022-11-02,kolar,1128.0,1000.0,400.0,1600.0,6,Kolar,Tomato,Karnataka,True,True
2022-11-03,kolar,1534.0,930.0,330.0,1500.0,5,Kolar,Tomato,Karnataka,True,True
2022-11-04,kolar,1626.0,666.0,333.0,1266.5,5,Kolar,Tomato,Karnataka,True,True
2022-11-05,kolar,1417.0,666.0,333.0,1466.0,5,Kolar,Tomato,Karnataka,True,True
2022-11-06,kolar,1491.0,660.0,330.0,1300.0,5,Kolar,Tomato,Karnataka,True,True
2022-11-07,kolar,1540.0,800.0,331.5,1416.5,6,Kolar,Tomato,Karnataka,True,True
2022-11-08,kolar,1563.0,800.0,315.0,1330.0,3,Kolar,Tomato,Karnataka,True,True
2022-11-09,kolar,1343.0,800.0,330.0,1500.0,3,Kolar,Tomato,Karnataka,True,True
2022-11-10,kolar,449.0,733.0,300.0,1330.0,4,Kolar,Tomato,Karnataka,True,True
2022-11-11,kolar,1407.0,666.0,300.0,1133.0,5,Kolar,Tomato,Karnataka,True,True
2022-11-12,kolar,1318.0,600.0,300.0,1000.0,5,Kolar,Tomato,Karnataka,True,True
2022-11-13,kolar,631.0,733.0,315.0,1401.5,4,Kolar,Tomato,Karnataka,True,True
2022-11-14,kolar,1307.0,750.0,315.0,1266.5,4,Kolar,Tomato,Karnataka,True,True
2022-11-15,kolar,1612.0,666.0,300.0,1130.0,5,Kolar,Tomato,Karnataka,True,True
2022-11-16,kolar,1848.0,565.0,300.0,850.0,5,Kolar,Tomato,Karnataka,True,True
2022-11-17,kolar,1542.0,600.0,300.0,966.5,4,Kolar,Tomato,Karnataka,True,True
2022-11-18,kolar,1227.0,667.0,270.0,1000.0,5,Kolar,Tomato,Karnataka,True,True
2022-11-19,kolar,1207.0,530.0,230.0,860.0,3,Kolar,Tomato,Karnataka,True,True
2022-11-20,kolar,1355.0,566.0,300.0,933.0,5,Kolar,Tomato,Karnataka,True,True
2022-11-21,kolar,1274.0,666.0,300.0,1000.0,2,Kolar,Tomato,Karnataka,True,True
2022-11-22,kolar,1132.0,666.5,331.5,1100.0,3,Kolar,Tomato,Karnataka,True,True
2022-11-23,kolar,1358.0,725.0,315.0,1200.0,5,Kolar,Tomato,Karnataka,True,True
2022-11-24,kolar,1115.0,685.0,330.0,1230.0,4,Kolar,Tomato,Karnataka,True,True
2022-11-25,kolar,1272.0,650.0,300.0,1060.0,4,Kolar,Tomato,Karnataka,True,True
2022-11-26,kolar,1840.0,540.0,300.0,1000.0,6,Kolar,Tomato,Karnataka,True,True
2022-11-27,kolar,1586.0,660.0,300.0,1000.0,5,Kolar,Tomato,Karnataka,True,True
2022-11-28,kolar,1129.0,740.0,300.0,1333.0,5,Kolar,Tomato,Karnataka,True,True
2022-11-29,kolar,1221.0,800.0,333.0,1283.0,6,Kolar,Tomato,Karnataka,True,True
2022-11-30,kolar,327.0,796.5,365.0,1300.0,2,Kolar,Tomato,Karnataka,True,True
2022-12-01,kolar,1368.0,670.0,330.0,1133.0,5,Kolar,Tomato,Karnataka,True,True
2022-12-02,kolar,1259.0,533.0,331.5,915.0,4,Kolar,Tomato,Karnataka,True,True
2022-12-03,kolar,1329.0,700.0,331.5,1033.5,6,Kolar,Tomato,Karnataka,True,True
2022-12-04,kolar,1121.0,670.0,330.0,1150.0,5,Kolar,Tomato,Karnataka,True,True
2022-12-05,kolar,1093.0,700.0,330.0,1200.0,5,Kolar,Tomato,Karnataka,True,True
2022-12-06,kolar,1160.0,633.0,315.0,1000.0,5,Kolar,Tomato,Karnataka,True,True
2022-12-07,kolar,1072.0,600.0,300.0,1000.0,6,Kolar,Tomato,Karnataka,True,True
2022-12-08,kolar,990.0,600.0,300.0,1000.0,5,Kolar,Tomato,Karnataka,True,True
2022-12-09,kolar,919.0,600.0,300.0,1000.0,4,Kolar,Tomato,Karnataka,True,True
2022-12-10,kolar,783.0,701.5,365.0,1231.5,6,Kolar,Tomato,Karnataka,True,True
2022-12-11,kolar,378.0,1330.0,333.0,2000.0,5,Kolar,Tomato,Karnataka,True,True
2022-12-12,kolar,534.0,1000.0,333.0,1660.0,5,Kolar,Tomato,Karnataka,True,True
2022-12-13,kolar,1128.0,935.0,333.0,1700.0,6,Kolar,Tomato,Karnataka,True,True
2022-12-14,kolar,815.0,730.0,300.0,1330.0,5,Kolar,Tomato,Karnataka,True,True
2022-12-15,kolar,917.0,733.0,333.0,1366.5,3,Kolar,Tomato,Karnataka,True,True
2022-12-16,kolar,886.0,867.0,330.0,1533.0,5,Kolar,Tomato,Karnataka,True,True
2022-12-17,kolar,815.0,1000.0,400.0,1870.0,3,Kolar,Tomato,Karnataka,True,True
2022-12-18,kolar,742.0,1000.0,333.0,1666.0,5,Kolar,Tomato,Karnataka,True,True
2022-12-19,kolar,955.0,1000.0,330.0,1668.0,6,Kolar,Tomato,Karnataka,True,True
2022-12-20,kolar,1037.0,800.0,330.0,1500.0,5,Kolar,Tomato,Karnataka,True,True
2022-12-21,kolar,1093.0,666.0,300.0,1200.0,6,Kolar,Tomato,Karnataka,True,True
2022-12-22,kolar,895.0,470.0,300.0,730.0,5,Kolar,Tomato,Karnataka,True,True
2022-12-23,kolar,866.0,598.0,300.0,830.0,6,Kolar,Tomato,Karnataka,True,True
2022-12-24,kolar,737.0,515.0,331.5,1033.0,5,Kolar,Tomato,Karnataka,True,True
2022-12-25,kolar,761.0,600.0,330.0,1130.0,5,Kolar,Tomato,Karnataka,True,True
2022-12-26,kolar,800.0,668.0,315.0,1000.0,6,Kolar,Tomato,Karnataka,True,True
2022-12-27,kolar,716.0,600.0,333.0,933.0,6,Kolar,Tomato,Karnataka,True,True
2022-12-28,kolar,858.0,600.0,330.0,1000.0,5,Kolar,Tomato,Karnataka,True,True
2022-12-29,kolar,689.0,566.0,330.0,900.0,3,Kolar,Tomato,Karnataka,True,True
2022-12-30,kolar,770.0,600.0,300.0,1000.0,4,Kolar,Tomato,Karnataka,True,True
2022-12-31,kolar,783.0,733.0,331.5,1133.0,5,Kolar,Tomato,Karnataka,True,True
2023-01-01,kolar,759.0,730.0,333.0,1200.0,5,Kolar,Tomato,Karnataka,True,True
2023-01-02,kolar,594.0,800.0,350.0,1266.5,6,Kolar,Tomato,Karnataka,True,True
2023-01-03,kolar,750.0,930.0,333.0,1600.0,5,Kolar,Tomato,Karnataka,True,True
2023-01-04,kolar,954.0,850.0,333.0,1331.5,6,Kolar,Tomato,Karnataka,True,True
2023-01-05,kolar,806.0,600.0,333.0,1000.0,4,Kolar,Tomato,Karnataka,True,True
2023-01-06,kolar,871.0,670.0,330.0,1330.0,4,Kolar,Tomato,Karnataka,True,True
2023-01-07,kolar,605.0,668.0,315.0,1200.0,6,Kolar,Tomato,Karnataka,True,True
2023-01-08,kolar,656.0,800.0,330.0,1333.0,5,Kolar,Tomato,Karnataka,True,True
2023-01-09,kolar,703.0,800.0,330.0,1265.0,5,Kolar,Tomato,Karnataka,True,True
2023-01-10,kolar,562.0,800.0,300.0,1266.0,4,Kolar,Tomato,Karnataka,True,True
2023-01-11,kolar,629.0,860.0,331.5,1335.0,6,Kolar,Tomato,Karnataka,True,True
2023-01-12,kolar,588.0,1133.0,333.0,1900.0,6,Kolar,Tomato,Karnataka,True,True
2023-01-13,kolar,600.0,1200.0,400.0,1900.0,6,Kolar,Tomato,Karnataka,True,True
2023-01-14,kolar,518.0,1200.0,400.0,2000.0,5,Kolar,Tomato,Karnataka,True,True
2023-01-15,kolar,362.0,1333.0,500.0,2298.0,4,Kolar,Tomato,Karnataka,True,True
2023-01-16,kolar,257.0,1400.0,500.0,2200.0,5,Kolar,Tomato,Karnataka,True,True
2023-01-17,kolar,410.0,1300.0,466.0,2333.0,5,Kolar,Tomato,Karnataka,True,True
2023-01-18,kolar,624.0,1275.0,433.0,2150.0,5,Kolar,Tomato,Karnataka,True,True
2023-01-19,kolar,566.0,1300.0,530.0,2300.0,5,Kolar,Tomato,Karnataka,True,True
2023-01-20,kolar,665.0,1375.0,515.0,2400.0,6,Kolar,Tomato,Karnataka,True,True
2023-01-21,kolar,784.0,1200.0,400.0,2330.0,4,Kolar,Tomato,Karnataka,True,True
2023-01-22,kolar,790.0,1250.0,433.0,2066.5,4,Kolar,Tomato,Karnataka,True,True
2023-01-23,kolar,693.0,866.0,400.0,1933.0,3,Kolar,Tomato,Karnataka,True,True
2023-01-24,kolar,764.0,965.0,366.5,1765.0,6,Kolar,Tomato,Karnataka,True,True
2023-01-25,kolar,735.0,1000.0,400.0,1350.0,5,Kolar,Tomato,Karnataka,True,True
2023-01-26,kolar,690.0,965.0,400.0,1600.0,5,Kolar,Tomato,Karnataka,True,True
2023-01-27,kolar,611.0,800.0,333.0,1400.0,5,Kolar,Tomato,Karnataka,True,True
2023-01-28,kolar,600.0,930.0,400.0,1670.0,5,Kolar,Tomato,Karnataka,True,True
2023-01-29,kolar,523.0,930.0,400.0,1670.0,5,Kolar,Tomato,Karnataka,True,True
2023-01-30,kolar,579.0,1000.0,400.0,1700.0,6,Kolar,Tomato,Karnataka,True,True
2023-01-31,kolar,550.0,1035.0,400.0,1735.0,6,Kolar,Tomato,Karnataka,True,True
2023-02-01,kolar,658.0,930.0,400.0,1670.0,4,Kolar,Tomato,Karnataka,True,True
2023-02-02,kolar,674.0,1000.0,400.0,1533.0,3,Kolar,Tomato,Karnataka,True,True
2023-02-03,kolar,624.0,935.0,366.5,1565.0,6,Kolar,Tomato,Karnataka,True,True
2023-02-04,kolar,578.0,800.0,365.0,1335.0,4,Kolar,Tomato,Karnataka,True,True
2023-02-05,kolar,556.0,935.0,433.5,1600.0,4,Kolar,Tomato,Karnataka,True,True
2023-02-06,kolar,573.0,865.0,350.0,1465.0,4,Kolar,Tomato,Karnataka,True,True
2023-02-07,kolar,447.0,900.0,400.0,1631.5,6,Kolar,Tomato,Karnataka,True,True
2023-02-08,kolar,529.0,1000.0,400.0,1630.0,5,Kolar,Tomato,Karnataka,True,True
2023-02-09,kolar,577.0,965.0,366.5,1630.0,4,Kolar,Tomato,Karnataka,True,True
2023-02-10,kolar,520.0,1000.0,400.0,1867.0,5,Kolar,Tomato,Karnataka,True,True
2023-02-11,kolar,508.0,985.0,400.0,1795.0,4,Kolar,Tomato,Karnataka,True,True
2023-02-12,kolar,544.0,1200.0,500.0,2130.0,5,Kolar,Tomato,Karnataka,True,True
2023-02-13,kolar,569.0,1200.0,515.0,2100.0,4,Kolar,Tomato,Karnataka,True,True
2023-02-14,kolar,555.0,1200.0,500.0,2000.0,5,Kolar,Tomato,Karnataka,True,True
2023-02-15,kolar,543.0,1250.0,515.0,2083.0,4,Kolar,Tomato,Karnataka,True,True
2023-02-16,kolar,490.0,1000.0,500.0,1800.0,5,Kolar,Tomato,Karnataka,True,True
2023-02-17,kolar,536.0,1270.0,530.0,2000.0,5,Kolar,Tomato,Karnataka,True,True
2023-02-18,kolar,495.0,1250.0,515.0,2215.0,6,Kolar,Tomato,Karnataka,True,True
2023-02-19,kolar,512.0,1400.0,530.0,2330.0,5,Kolar,Tomato,Karnataka,True,True
2023-02-20,kolar,479.0,1200.0,500.0,2100.0,4,Kolar,Tomato,Karnataka,True,True
2023-02-21,kolar,654.0,1365.0,515.0,2350.0,5,Kolar,Tomato,Karnataka,True,True
2023-02-22,kolar,633.0,1225.0,515.0,2150.0,6,Kolar,Tomato,Karnataka,True,True
2023-02-23,kolar,709.0,1200.0,500.0,2000.0,3,Kolar,Tomato,Karnataka,True,True
2023-02-24,kolar,710.0,1000.0,400.0,1668.0,5,Kolar,Tomato,Karnataka,True,True
2023-02-25,kolar,581.0,1000.0,500.0,1800.0,5,Kolar,Tomato,Karnataka,True,True
2023-02-26,kolar,582.0,1133.5,450.0,1866.5,4,Kolar,Tomato,Karnataka,True,True
2023-02-27,kolar,483.0,1000.0,450.0,1698.0,6,Kolar,Tomato,Karnataka,True,True
2023-02-28,kolar,425.0,1000.0,400.0,1800.0,5,Kolar,Tomato,Karnataka,True,True
2023-03-01,kolar,412.0,1200.0,500.0,2000.0,5,Kolar,Tomato,Karnataka,True,True
2023-03-02,kolar,440.0,1200.0,465.0,1900.0,5,Kolar,Tomato,Karnataka,True,True
2023-03-03,kolar,555.0,1200.0,515.0,1915.0,6,Kolar,Tomato,Karnataka,True,True
2023-03-04,kolar,552.0,1116.5,450.0,1800.0,6,Kolar,Tomato,Karnataka,True,True
2023-03-05,kolar,472.0,1100.0,400.0,1670.0,5,Kolar,Tomato,Karnataka,True,True
2023-03-06,kolar,482.0,1000.0,333.0,1600.0,5,Kolar,Tomato,Karnataka,True,True
2023-03-07,kolar,464.0,1008.0,366.5,1600.0,4,Kolar,Tomato,Karnataka,True,True
2023-03-08,kolar,433.0,950.0,333.0,1630.0,5,Kolar,Tomato,Karnataka,True,True
2023-03-09,kolar,405.0,1175.0,366.5,1730.0,5,Kolar,Tomato,Karnataka,True,True
2023-03-10,kolar,459.0,1000.0,331.5,1463.0,2,Kolar,Tomato,Karnataka,True,True
2023-03-11,kolar,478.0,1150.0,366.5,1730.0,6,Kolar,Tomato,Karnataka,True,True
2023-03-12,kolar,429.0,1130.0,400.0,1670.0,5,Kolar,Tomato,Karnataka,True,True
2023-03-13,kolar,509.0,930.0,330.0,1530.0,6,Kolar,Tomato,Karnataka,True,True
2023-03-14,kolar,558.0,870.0,333.0,1330.0,5,Kolar,Tomato,Karnataka,True,True
2023-03-15,kolar,464.0,940.0,331.5,1330.0,6,Kolar,Tomato,Karnataka,True,True
2023-03-16,kolar,524.0,730.0,330.0,1200.0,5,Kolar,Tomato,Karnataka,True,True
2023-03-17,kolar,416.0,800.0,331.5,1330.0,4,Kolar,Tomato,Karnataka,True,True
2023-03-18,kolar,436.0,715.0,331.5,1265.0,6,Kolar,Tomato,Karnataka,True,True
2023-03-19,kolar,441.0,665.0,331.5,1200.0,4,Kolar,Tomato,Karnataka,True,True
2023-03-20,kolar,567.0,685.0,331.5,1200.0,6,Kolar,Tomato,Karnataka,True,True
2023-03-21,kolar,738.0,616.0,300.0,1000.0,4,Kolar,Tomato,Karnataka,True,True
2023-03-22,kolar,530.0,685.0,315.0,1000.0,6,Kolar,Tomato,Karnataka,True,True
2023-03-23,kolar,394.0,700.0,300.0,1200.0,4,Kolar,Tomato,Karnataka,True,True
2023-03-24,kolar,390.0,633.5,330.0,1000.0,6,Kolar,Tomato,Karnataka,True,True
2023-03-25,kolar,770.0,633.0,300.0,1000.0,6,Kolar,Tomato,Karnataka,True,True
2023-03-26,kolar,788.0,530.0,300.0,860.0,5,Kolar,Tomato,Karnataka,True,True
2023-03-27,kolar,633.0,533.0,300.0,870.0,4,Kolar,Tomato,Karnataka,True,True
2023-03-28,kolar,705.0,551.5,300.0,860.0,5,Kolar,Tomato,Karnataka,True,True
2023-03-29,kolar,688.0,531.5,300.0,800.0,6,Kolar,Tomato,Karnataka,True,True
2023-03-30,kolar,658.0,500.0,300.0,800.0,4,Kolar,Tomato,Karnataka,True,True
2023-03-31,kolar,456.0,530.0,300.0,870.0,5,Kolar,Tomato,Karnataka,True,True
2023-04-01,kolar,726.0,530.0,330.0,930.0,7,Kolar,Tomato,Karnataka,True,True
2023-04-02,kolar,703.0,633.0,350.0,833.0,4,Kolar,Tomato,Karnataka,True,True
2023-04-03,kolar,786.0,515.0,300.0,766.5,7,Kolar,Tomato,Karnataka,True,True
2023-04-04,kolar,770.0,530.0,300.0,800.0,6,Kolar,Tomato,Karnataka,True,True
2023-04-05,kolar,769.0,470.0,300.0,730.0,5,Kolar,Tomato,Karnataka,True,True
2023-04-06,kolar,789.0,470.0,300.0,670.0,4,Kolar,Tomato,Karnataka,True,True
2023-04-07,kolar,777.0,460.0,300.0,730.0,7,Kolar,Tomato,Karnataka,True,True
2023-04-08,kolar,702.0,531.5,300.0,731.5,6,Kolar,Tomato,Karnataka,True,True
2023-04-09,kolar,694.0,700.0,366.5,1033.5,5,Kolar,Tomato,Karnataka,True,True
2023-04-10,kolar,662.0,530.0,300.0,730.0,5,Kolar,Tomato,Karnataka,True,True
2023-04-11,kolar,707.0,500.0,300.0,730.0,5,Kolar,Tomato,Karnataka,True,True
2023-04-12,kolar,766.0,641.5,366.5,800.0,5,Kolar,Tomato,Karnataka,True,True
2023-04-13,kolar,857.0,460.0,300.0,670.0,6,Kolar,Tomato,Karnataka,True,True
2023-04-14,kolar,696.0,466.0,300.0,670.0,5,Kolar,Tomato,Karnataka,True,True
2023-04-15,kolar,757.0,470.0,300.0,730.0,7,Kolar,Tomato,Karnataka,True,True
2023-04-16,kolar,740.0,500.0,315.0,735.0,6,Kolar,Tomato,Karnataka,True,True
2023-04-17,kolar,649.0,470.0,300.0,667.0,7,Kolar,Tomato,Karnataka,True,True
2023-04-18,kolar,889.0,500.0,300.0,766.5,5,Kolar,Tomato,Karnataka,True,True
2023-04-19,kolar,929.0,800.0,400.0,1000.0,5,Kolar,Tomato,Karnataka,True,True
2023-04-20,kolar,832.0,470.0,300.0,666.0,3,Kolar,Tomato,Karnataka,True,True
2023-04-21,kolar,898.0,500.0,300.0,733.0,7,Kolar,Tomato,Karnataka,True,True
2023-04-22,kolar,793.0,466.0,266.0,666.0,6,Kolar,Tomato,Karnataka,True,True
2023-04-23,kolar,705.0,468.0,300.0,801.5,6,Kolar,Tomato,Karnataka,True,True
2023-04-24,kolar,797.0,480.0,300.0,666.0,5,Kolar,Tomato,Karnataka,True,True
2023-04-25,kolar,927.0,466.0,266.0,666.0,5,Kolar,Tomato,Karnataka,True,True
2023-04-26,kolar,1063.0,400.0,300.0,666.0,7,Kolar,Tomato,Karnataka,True,True
2023-04-27,kolar,1147.0,400.0,250.0,600.0,6,Kolar,Tomato,Karnataka,True,True
2023-04-28,kolar,996.0,400.0,300.0,660.0,6,Kolar,Tomato,Karnataka,True,True
2023-04-29,kolar,870.0,400.0,300.0,733.0,7,Kolar,Tomato,Karnataka,True,True
2023-04-30,kolar,796.0,515.0,283.0,865.0,4,Kolar,Tomato,Karnataka,True,True
2023-05-01,kolar,686.0,500.0,300.0,666.0,6,Kolar,Tomato,Karnataka,True,True
2023-05-02,kolar,926.0,400.0,200.0,600.0,2,Kolar,Tomato,Karnataka,True,True
2023-05-03,kolar,1159.0,466.0,300.0,666.0,5,Kolar,Tomato,Karnataka,True,True
2023-05-04,kolar,1304.0,446.5,250.0,663.0,6,Kolar,Tomato,Karnataka,True,True
2023-05-05,kolar,1097.0,460.0,300.0,660.0,7,Kolar,Tomato,Karnataka,True,True
2023-05-06,kolar,712.0,715.0,575.0,900.0,2,Kolar,Tomato,Karnataka,True,True
2023-05-07,kolar,727.0,530.0,333.0,870.0,5,Kolar,Tomato,Karnataka,True,True
2023-05-08,kolar,513.0,835.0,565.0,1265.0,5,Kolar,Tomato,Karnataka,True,True
2023-05-09,kolar,876.0,660.0,330.0,1000.0,5,Kolar,Tomato,Karnataka,True,True
2023-05-10,kolar,1147.0,800.0,330.0,1200.0,6,Kolar,Tomato,Karnataka,True,True
2023-05-11,kolar,875.0,700.0,330.0,1200.0,6,Kolar,Tomato,Karnataka,True,True
2023-05-12,kolar,1327.0,800.0,300.0,1200.0,5,Kolar,Tomato,Karnataka,True,True
2023-05-13,kolar,1259.0,730.0,330.0,1200.0,7,Kolar,Tomato,Karnataka,True,True
2023-05-14,kolar,1171.0,800.0,330.0,1330.0,4,Kolar,Tomato,Karnataka,True,True
2023-05-15,kolar,877.0,815.0,330.0,1200.0,5,Kolar,Tomato,Karnataka,True,True
2023-05-16,kolar,1394.0,830.0,330.0,1265.0,5,Kolar,Tomato,Karnataka,True,True
2023-05-17,kolar,1296.0,800.0,300.0,1200.0,3,Kolar,Tomato,Karnataka,True,True
2023-05-18,kolar,1440.0,600.0,300.0,866.0,4,Kolar,Tomato,Karnataka,True,True
2023-05-19,kolar,877.0,701.5,316.5,1100.0,6,Kolar,Tomato,Karnataka,True,True
2023-05-20,kolar,1014.0,1083.0,566.5,1750.0,2,Kolar,Tomato,Karnataka,True,True
2023-05-21,kolar,1184.0,766.5,350.0,1200.0,6,Kolar,Tomato,Karnataka,True,True
2023-05-22,kolar,736.0,730.0,330.0,1200.0,6,Kolar,Tomato,Karnataka,True,True
2023-05-23,kolar,1006.0,730.0,330.0,1200.0,5,Kolar,Tomato,Karnataka,True,True
2023-05-24,kolar,1235.0,1000.0,500.0,1200.0,4,Kolar,Tomato,Karnataka,True,True
2023-05-25,kolar,1129.0,733.0,316.5,1066.0,5,Kolar,Tomato,Karnataka,True,True
2023-05-26,kolar,1160.0,800.0,300.0,1200.0,7,Kolar,Tomato,Karnataka,True,True
2023-05-27,kolar,1065.0,700.0,300.0,1200.0,6,Kolar,Tomato,Karnataka,True,True
2023-05-28,kolar,1019.0,896.5,416.5,1333.0,6,Kolar,Tomato,Karnataka,True,True
2023-05-29,kolar,1062.0,1000.0,530.0,1266.0,4,Kolar,Tomato,Karnataka,True,True
2023-05-30,kolar,1040.0,933.0,333.0,1333.0,5,Kolar,Tomato,Karnataka,True,True
2023-05-31,kolar,965.0,1330.0,365.0,2335.0,5,Kolar,Tomato,Karnataka,True,True
2023-06-01,kolar,1407.0,1600.0,400.0,2065.0,4,Kolar,Tomato,Karnataka,True,True
2023-06-02,kolar,1133.0,1250.0,365.0,1935.0,6,Kolar,Tomato,Karnataka,True,True
2023-06-03,kolar,1169.0,1450.0,415.0,2250.0,4,Kolar,Tomato,Karnataka,True,True
2023-06-04,kolar,1414.0,1866.0,500.0,2466.0,5,Kolar,Tomato,Karnataka,True,True
2023-06-05,kolar,1458.0,1200.0,400.0,2000.0,6,Kolar,Tomato,Karnataka,True,True
2023-06-06,kolar,1064.0,1265.0,500.0,2065.0,4,Kolar,Tomato,Karnataka,True,True
2023-06-07,kolar,1282.0,1683.5,531.5,2200.0,4,Kolar,Tomato,Karnataka,True,True
2023-06-08,kolar,1311.0,1501.5,601.5,2166.5,4,Kolar,Tomato,Karnataka,True,True
2023-06-09,kolar,1173.0,1500.0,500.0,2500.0,4,Kolar,Tomato,Karnataka,True,True
2023-06-10,kolar,1641.0,1460.0,500.0,2460.0,7,Kolar,Tomato,Karnataka,True,True
2023-06-11,kolar,1470.0,1470.0,670.0,2330.0,5,Kolar,Tomato,Karnataka,True,True
2023-06-12,kolar,1502.0,1666.0,670.0,3000.0,5,Kolar,Tomato,Karnataka,True,True
2023-06-13,kolar,1605.0,1730.0,670.0,3000.0,5,Kolar,Tomato,Karnataka,True,True
2023-06-14,kolar,1551.0,1716.5,516.5,3066.5,6,Kolar,Tomato,Karnataka,True,True
2023-06-15,kolar,1783.0,1835.0,583.5,3000.0,6,Kolar,Tomato,Karnataka,True,True
2023-06-16,kolar,1452.0,1660.0,800.0,2660.0,4,Kolar,Tomato,Karnataka,True,True
2023-06-17,kolar,1580.0,1870.0,800.0,3000.0,7,Kolar,Tomato,Karnataka,True,True
2023-06-18,kolar,1369.0,1765.0,635.0,3000.0,5,Kolar,Tomato,Karnataka,True,True
2023-06-19,kolar,1791.0,1850.0,630.0,3000.0,5,Kolar,Tomato,Karnataka,True,True
2023-06-20,kolar,1587.0,2300.0,1200.0,3400.0,5,Kolar,Tomato,Karnataka,True,True
2023-06-21,kolar,1427.0,2330.0,1200.0,3600.0,7,Kolar,Tomato,Karnataka,True,True
2023-06-22,kolar,2054.0,2400.0,1200.0,3600.0,4,Kolar,Tomato,Karnataka,True,True
2023-06-23,kolar,1564.0,2300.0,1200.0,4330.0,6,Kolar,Tomato,Karnataka,True,True
2023-06-24,kolar,1518.0,3670.0,1800.0,6000.0,7,Kolar,Tomato,Karnataka,True,True
2023-06-25,kolar,1586.0,3730.0,1500.0,6670.0,5,Kolar,Tomato,Karnataka,True,True
2023-06-26,kolar,1391.0,3715.0,1650.0,6535.0,6,Kolar,Tomato,Karnataka,True,True
2023-06-27,kolar,1410.0,4300.0,1633.5,7168.5,4,Kolar,Tomato,Karnataka,True,True
2023-06-28,kolar,1336.0,3885.0,1650.0,6530.0,6,Kolar,Tomato,Karnataka,True,True
2023-06-29,kolar,1067.0,3665.0,1750.0,6830.0,6,Kolar,Tomato,Karnataka,True,True
2023-06-30,kolar,1286.0,5000.0,2000.0,9335.0,5,Kolar,Tomato,Karnataka,True,True
2023-07-01,kolar,1425.0,3830.0,1750.0,6580.0,4,Kolar,Tomato,Karnataka,True,True
2023-07-02,kolar,1521.0,5330.0,2433.5,8660.0,3,Kolar,Tomato,Karnataka,True,True
2023-07-03,kolar,1600.0,5085.0,2165.0,9165.0,6,Kolar,Tomato,Karnataka,True,True
2023-07-04,kolar,1605.0,5000.0,2335.0,9096.5,6,Kolar,Tomato,Karnataka,True,True
2023-07-05,kolar,1488.0,4660.0,1330.0,8660.0,5,Kolar,Tomato,Karnataka,True,True
2023-07-06,kolar,1600.0,4670.0,2000.0,9000.0,5,Kolar,Tomato,Karnataka,True,True
2023-07-07,kolar,1530.0,4660.0,2000.0,8000.0,7,Kolar,Tomato,Karnataka,True,True
2023-07-08,kolar,1413.0,5333.0,3000.0,8667.0,4,Kolar,Tomato,Karnataka,True,True
2023-07-09,kolar,1508.0,4665.0,2165.0,8665.0,6,Kolar,Tomato,Karnataka,True,True
2023-07-10,kolar,1274.0,5000.0,2000.0,8000.0,7,Kolar,Tomato,Karnataka,True,True
2023-07-11,kolar,1278.0,5080.0,1665.0,8500.0,5,Kolar,Tomato,Karnataka,True,True
2023-07-12,kolar,1322.0,6000.0,2660.0,10667.0,5,Kolar,Tomato,Karnataka,True,True
2023-07-13,kolar,1353.0,5500.0,3330.0,8663.0,4,Kolar,Tomato,Karnataka,True,True
2023-07-14,kolar,1247.0,6733.5,3000.0,10683.5,5,Kolar,Tomato,Karnataka,True,True
2023-07-15,kolar,1328.0,5533.0,3000.0,9300.0,6,Kolar,Tomato,Karnataka,True,True
2023-07-16,kolar,1302.0,6000.0,3166.5,9666.5,6,Kolar,Tomato,Karnataka,True,True
2023-07-17,kolar,1195.0,5850.0,3165.0,9666.5,5,Kolar,Tomato,Karnataka,True,True
2023-07-18,kolar,1231.0,6460.0,3165.0,10350.0,6,Kolar,Tomato,Karnataka,True,True
2023-07-19,kolar,1345.0,6000.0,3000.0,10000.0,4,Kolar,Tomato,Karnataka,True,True
2023-07-20,kolar,1231.0,5415.0,3165.0,9165.0,5,Kolar,Tomato,Karnataka,True,True
2023-07-21,kolar,1271.0,6000.0,3000.0,8667.0,5,Kolar,Tomato,Karnataka,True,True
2023-07-22,kolar,1174.0,6000.0,2670.0,8000.0,6,Kolar,Tomato,Karnataka,True,True
2023-07-23,kolar,1190.0,6500.0,3100.0,10000.0,4,Kolar,Tomato,Karnataka,True,True
2023-07-24,kolar,976.0,5500.0,2830.0,8330.0,5,Kolar,Tomato,Karnataka,True,True
2023-07-25,kolar,1028.0,5500.0,3000.0,8666.5,3,Kolar,Tomato,Karnataka,True,True
2023-07-26,kolar,928.0,6667.0,3330.0,12000.0,6,Kolar,Tomato,Karnataka,True,True
2023-07-27,kolar,895.0,7000.0,3330.0,11500.0,6,Kolar,Tomato,Karnataka,True,True
2023-07-28,kolar,1051.0,6831.5,3665.0,10666.5,4,Kolar,Tomato,Karnataka,True,True
2023-07-29,kolar,911.0,7165.0,3665.0,12001.5,6,Kolar,Tomato,Karnataka,True,True
2023-07-30,kolar,927.0,8000.0,4000.0,13330.0,5,Kolar,Tomato,Karnataka,True,True
2023-07-31,kolar,1090.0,9331.5,4666.5,14283.5,4,Kolar,Tomato,Karnataka,True,True
2023-08-01,kolar,1043.0,9100.0,4000.0,15165.0,6,Kolar,Tomato,Karnataka,True,True
2023-08-02,kolar,1113.0,8000.0,3330.0,12800.0,7,Kolar,Tomato,Karnataka,True,True
2023-08-03,kolar,1133.0,6335.0,2665.0,11315.0,6,Kolar,Tomato,Karnataka,True,True
2023-08-04,kolar,1218.0,6000.0,2450.0,10000.0,7,Kolar,Tomato,Karnataka,True,True
2023-08-05,kolar,185.0,5166.5,2666.5,8000.0,4,Kolar,Tomato,Karnataka,True,True
2023-08-06,kolar,1363.0,6200.0,2416.5,9166.5,6,Kolar,Tomato,Karnataka,True,True
2023-08-07,kolar,1372.0,5666.0,2500.0,9330.0,7,Kolar,Tomato,Karnataka,True,True
2023-08-08,kolar,1386.0,6533.0,2335.0,8766.5,4,Kolar,Tomato,Karnataka,True,True
2023-08-09,kolar,1454.0,4633.5,2000.0,7215.0,6,Kolar,Tomato,Karnataka,True,True
2023-08-10,kolar,1485.0,3333.0,1666.0,5000.0,5,Kolar,Tomato,Karnataka,True,True
2023-08-11,kolar,1462.0,3330.0,1666.0,5000.0,5,Kolar,Tomato,Karnataka,True,True
2023-08-12,kolar,1399.0,3266.5,1416.5,4833.0,6,Kolar,Tomato,Karnataka,True,True
2023-08-13,kolar,1531.0,3098.0,1666.5,5685.0,4,Kolar,Tomato,Karnataka,True,True
2023-08-14,kolar,1657.0,3500.0,1533.0,5667.0,5,Kolar,Tomato,Karnataka,True,True
2023-08-15,kolar,1.0,3200.0,1500.0,5000.0,1,Kolar,Tomato,Karnataka,True,True
2023-08-16,kolar,1.0,3200.0,1500.0,5000.0,1,Kolar,Tomato,Karnataka,False,True
2023-08-17,kolar,1868.0,2000.0,1000.0,3333.0,5,Kolar,Tomato,Karnataka,True,True
2023-08-18,kolar,1748.0,2000.0,933.0,3000.0,7,Kolar,Tomato,Karnataka,True,True
2023-08-19,kolar,1717.0,2066.0,800.0,3330.0,3,Kolar,Tomato,Karnataka,True,True
2023-08-20,kolar,1807.0,2000.0,800.0,3330.0,5,Kolar,Tomato,Karnataka,True,True
2023-08-21,kolar,1857.0,2000.0,800.0,3000.0,5,Kolar,Tomato,Karnataka,True,True
2023-08-22,kolar,1943.0,1600.0,800.0,2400.0,2,Kolar,Tomato,Karnataka,True,True
2023-08-23,kolar,1981.0,1133.0,333.0,2000.0,1,Kolar,Tomato,Karnataka,True,True
2023-08-24,kolar,1950.0,1330.0,660.0,2270.0,3,Kolar,Tomato,Karnataka,True,True
2023-08-25,kolar,1896.0,1366.5,599.5,2315.0,6,Kolar,Tomato,Karnataka,True,True
2023-08-26,kolar,1814.0,1366.5,666.5,2231.5,5,Kolar,Tomato,Karnataka,True,True
2023-08-27,kolar,1839.0,1533.0,666.0,2333.0,5,Kolar,Tomato,Karnataka,True,True
2023-08-28,kolar,2087.0,1600.0,666.0,2400.0,5,Kolar,Tomato,Karnataka,True,True
2023-08-29,kolar,2042.0,1466.5,598.0,2331.5,4,Kolar,Tomato,Karnataka,True,True
2023-08-30,kolar,2345.0,1270.0,330.0,2000.0,3,Kolar,Tomato,Karnataka,True,True
2023-08-31,kolar,2094.0,1000.0,330.0,1800.0,5,Kolar,Tomato,Karnataka,True,True
2023-09-01,kolar,2175.0,930.0,330.0,1660.0,5,Kolar,Tomato,Karnataka,True,True
2023-09-02,kolar,2180.0,900.0,400.0,1500.0,2,Kolar,Tomato,Karnataka,True,True
2023-09-03,kolar,1990.0,916.5,331.5,1416.5,4,Kolar,Tomato,Karnataka,True,True
2023-09-04,kolar,2268.0,830.0,330.0,1365.0,4,Kolar,Tomato,Karnataka,True,True
2023-09-05,kolar,2249.0,1130.0,330.0,1530.0,2,Kolar,Tomato,Karnataka,True,True
2023-09-06,kolar,2158.0,630.0,300.0,1000.0,3,Kolar,Tomato,Karnataka,True,True
2023-09-07,kolar,285.0,666.0,333.0,1000.0,3,Kolar,Tomato,Karnataka,True,True
2023-09-08,kolar,1817.0,367.0,300.0,400.0,2,Kolar,Tomato,Karnataka,True,True
2023-09-09,kolar,1710.0,766.5,315.0,1133.0,4,Kolar,Tomato,Karnataka,True,True
2023-09-10,kolar,1367.0,1000.0,330.0,1660.0,3,Kolar,Tomato,Karnataka,True,True
2023-09-11,kolar,2192.0,733.0,300.0,1066.0,5,Kolar,Tomato,Karnataka,True,True
2023-09-12,kolar,2176.0,400.0,267.0,667.0,2,Kolar,Tomato,Karnataka,True,True
2023-09-13,kolar,2269.0,600.0,300.0,1000.0,6,Kolar,Tomato,Karnataka,True,True
2023-09-14,kolar,1921.0,685.0,300.0,1000.0,4,Kolar,Tomato,Karnataka,True,True
2023-09-15,kolar,1903.0,700.0,500.0,800.0,1,Kolar,Tomato,Karnataka,True,True
2023-09-16,kolar,1529.0,600.0,300.0,870.0,1,Kolar,Tomato,Karnataka,True,True
2023-09-17,kolar,1472.0,600.0,330.0,1000.0,1,Kolar,Tomato,Karnataka,True,True
2023-09-18,kolar,1477.0,635.0,300.0,900.0,4,Kolar,Tomato,Karnataka,True,True
2023-09-19,kolar,1236.0,666.0,330.0,1000.0,4,Kolar,Tomato,Karnataka,True,True
2023-09-20,kolar,1595.0,600.0,298.5,896.5,4,Kolar,Tomato,Karnataka,True,True
2023-09-21,kolar,2157.0,566.5,330.0,833.0,4,Kolar,Tomato,Karnataka,True,True
2023-09-22,kolar,1971.0,515.0,333.0,800.0,4,Kolar,Tomato,Karnataka,True,True
2023-09-23,kolar,1890.0,500.0,283.5,765.0,6,Kolar,Tomato,Karnataka,True,True
2023-09-24,kolar,1517.0,650.0,300.0,800.0,5,Kolar,Tomato,Karnataka,True,True
2023-09-25,kolar,1581.0,666.0,300.0,1000.0,7,Kolar,Tomato,Karnataka,True,True
2023-09-26,kolar,1765.0,733.0,300.0,1000.0,5,Kolar,Tomato,Karnataka,True,True
2023-09-27,kolar,1514.0,700.0,330.0,1000.0,5,Kolar,Tomato,Karnataka,True,True
2023-09-28,kolar,1928.0,700.0,300.0,1000.0,5,Kolar,Tomato,Karnataka,True,True
2023-09-29,kolar,2289.0,633.0,300.0,900.0,6,Kolar,Tomato,Karnataka,True,True
2023-09-30,kolar,1999.0,550.0,315.0,800.0,6,Kolar,Tomato,Karnataka,True,True
2023-10-01,kolar,2288.0,600.0,331.5,898.0,2,Kolar,Tomato,Karnataka,True,True
2023-10-02,kolar,1848.0,580.0,300.0,860.0,4,Kolar,Tomato,Karnataka,True,True
2023-10-03,kolar,2219.0,735.0,265.0,1065.0,2,Kolar,Tomato,Karnataka,True,True
2023-10-04,kolar,1746.0,600.0,333.0,900.0,3,Kolar,Tomato,Karnataka,True,True
2023-10-05,kolar,1872.0,600.0,330.0,1000.0,5,Kolar,Tomato,Karnataka,True,True
2023-10-06,kolar,1847.0,600.0,330.0,1000.0,7,Kolar,Tomato,Karnataka,True,True
2023-10-07,kolar,1973.0,600.0,333.0,800.0,4,Kolar,Tomato,Karnataka,True,True
2023-10-08,kolar,1711.0,566.0,330.0,800.0,5,Kolar,Tomato,Karnataka,True,True
2023-10-09,kolar,1763.0,683.0,315.0,800.0,7,Kolar,Tomato,Karnataka,True,True
2023-10-10,kolar,1644.0,730.0,330.0,1130.0,5,Kolar,Tomato,Karnataka,True,True
2023-10-11,kolar,1876.0,599.5,331.5,965.0,6,Kolar,Tomato,Karnataka,True,True
2023-10-12,kolar,1815.0,670.0,330.0,1066.0,3,Kolar,Tomato,Karnataka,True,True
2023-10-13,kolar,1996.0,665.0,316.5,1000.0,6,Kolar,Tomato,Karnataka,True,True
2023-10-14,kolar,1583.0,700.0,333.0,1000.0,5,Kolar,Tomato,Karnataka,True,True
2023-10-15,kolar,1721.0,700.0,333.0,1000.0,5,Kolar,Tomato,Karnataka,True,True
2023-10-16,kolar,1316.0,715.0,315.0,1200.0,4,Kolar,Tomato,Karnataka,True,True
2023-10-17,kolar,1808.0,670.0,330.0,1330.0,3,Kolar,Tomato,Karnataka,True,True
2023-10-18,kolar,1531.0,730.0,330.0,1330.0,3,Kolar,Tomato,Karnataka,True,True
2023-10-19,kolar,1927.0,700.0,330.0,1200.0,5,Kolar,Tomato,Karnataka,True,True
2023-10-20,kolar,1773.0,650.0,330.0,1065.0,6,Kolar,Tomato,Karnataka,True,True
2023-10-21,kolar,1405.0,700.0,365.0,966.5,5,Kolar,Tomato,Karnataka,True,True
2023-10-22,kolar,1177.0,670.0,330.0,1270.0,1,Kolar,Tomato,Karnataka,True,True
2023-10-23,kolar,1177.0,670.0,330.0,1270.0,0,Kolar,Tomato,Karnataka,False,False
2023-10-24,kolar,941.0,700.0,331.5,1200.0,4,Kolar,Tomato,Karnataka,True,True
2023-10-25,kolar,802.0,800.0,400.0,1533.0,5,Kolar,Tomato,Karnataka,True,True
2023-10-26,kolar,1329.0,850.0,331.5,1635.0,6,Kolar,Tomato,Karnataka,True,True
2023-10-27,kolar,1568.0,1066.5,331.5,1666.0,5,Kolar,Tomato,Karnataka,True,True
2023-10-28,kolar,1396.0,1200.0,333.0,2000.0,5,Kolar,Tomato,Karnataka,True,True
2023-10-29,kolar,1514.0,1330.0,333.0,2267.0,5,Kolar,Tomato,Karnataka,True,True
2023-10-30,kolar,1329.0,1233.0,333.0,2067.0,5,Kolar,Tomato,Karnataka,True,True
2023-10-31,kolar,1232.0,1000.0,330.0,2000.0,3,Kolar,Tomato,Karnataka,True,True
2023-11-01,kolar,1124.0,1000.0,400.0,2000.0,5,Kolar,Tomato,Karnataka,True,True
2023-11-02,kolar,1149.0,1070.0,400.0,1867.0,5,Kolar,Tomato,Karnataka,True,True
2023-11-03,kolar,1158.0,1085.0,330.0,2165.0,4,Kolar,Tomato,Karnataka,True,True
2023-11-04,kolar,1105.0,1100.0,330.0,2130.0,3,Kolar,Tomato,Karnataka,True,True
2023-11-05,kolar,1105.0,1100.0,330.0,2130.0,0,Kolar,Tomato,Karnataka,False,False
2023-11-06,kolar,1027.0,1060.0,500.0,2330.0,5,Kolar,Tomato,Karnataka,True,True
2023-11-07,kolar,1143.0,1250.0,331.5,2400.0,5,Kolar,Tomato,Karnataka,True,True
2023-11-08,kolar,1373.0,1400.0,500.0,2660.0,3,Kolar,Tomato,Karnataka,True,True
2023-11-09,kolar,1267.0,1315.0,330.0,2530.0,4,Kolar,Tomato,Karnataka,True,True
2023-11-10,kolar,1388.0,1470.0,330.0,2660.0,5,Kolar,Tomato,Karnataka,True,True
2023-11-11,kolar,1396.0,1200.0,333.0,2666.0,5,Kolar,Tomato,Karnataka,True,True
2023-11-12,kolar,1347.0,1200.0,416.5,2431.5,4,Kolar,Tomato,Karnataka,True,True
2023-11-13,kolar,985.0,1315.0,366.5,2550.0,4,Kolar,Tomato,Karnataka,True,True
2023-11-14,kolar,893.0,1500.0,330.0,3000.0,4,Kolar,Tomato,Karnataka,True,True
2023-11-15,kolar,1446.0,1330.0,330.0,3130.0,5,Kolar,Tomato,Karnataka,True,True
2023-11-16,kolar,1917.0,1330.0,330.0,2660.0,5,Kolar,Tomato,Karnataka,True,True
2023-11-17,kolar,1451.0,1260.0,330.0,2600.0,4,Kolar,Tomato,Karnataka,True,True
2023-11-18,kolar,1314.0,1400.0,333.0,2500.0,5,Kolar,Tomato,Karnataka,True,True
2023-11-19,kolar,1191.0,1365.0,333.0,2533.0,4,Kolar,Tomato,Karnataka,True,True
2023-11-20,kolar,1264.0,1467.0,400.0,2667.0,7,Kolar,Tomato,Karnataka,True,True
2023-11-21,kolar,933.0,1530.0,330.0,2800.0,4,Kolar,Tomato,Karnataka,True,True
2023-11-22,kolar,1373.0,1670.0,500.0,2860.0,5,Kolar,Tomato,Karnataka,True,True
2023-11-23,kolar,985.0,1530.0,450.0,2833.0,6,Kolar,Tomato,Karnataka,True,True
2023-11-24,kolar,1184.0,1670.0,500.0,3000.0,4,Kolar,Tomato,Karnataka,True,True
2023-11-25,kolar,1199.0,1530.0,400.0,3200.0,3,Kolar,Tomato,Karnataka,True,True
2023-11-26,kolar,1403.0,1600.0,400.0,3330.0,3,Kolar,Tomato,Karnataka,True,True
2023-11-27,kolar,1033.0,1585.0,515.0,2733.5,6,Kolar,Tomato,Karnataka,True,True
2023-11-28,kolar,1290.0,1330.0,400.0,2670.0,3,Kolar,Tomato,Karnataka,True,True
2023-11-29,kolar,1109.0,1400.0,530.0,2530.0,5,Kolar,Tomato,Karnataka,True,True
2023-11-30,kolar,1052.0,1330.0,667.0,2467.0,3,Kolar,Tomato,Karnataka,True,True
2023-12-01,kolar,1298.0,1400.0,330.0,2730.0,3,Kolar,Tomato,Karnataka,True,True
2023-12-02,kolar,1058.0,1315.0,330.0,2535.0,4,Kolar,Tomato,Karnataka,True,True
2023-12-03,kolar,1127.0,1366.5,450.0,2601.5,4,Kolar,Tomato,Karnataka,True,True
2023-12-04,kolar,938.0,1330.0,333.0,2400.0,5,Kolar,Tomato,Karnataka,True,True
2023-12-05,kolar,876.0,1400.0,330.0,2500.0,5,Kolar,Tomato,Karnataka,True,True
2023-12-06,kolar,992.0,1330.0,333.0,2533.0,5,Kolar,Tomato,Karnataka,True,True
2023-12-07,kolar,1066.0,1450.0,365.0,2465.0,4,Kolar,Tomato,Karnataka,True,True
2023-12-08,kolar,960.0,1500.0,1000.0,2000.0,2,Kolar,Tomato,Karnataka,True,True
2023-12-09,kolar,693.0,1331.5,330.0,2165.0,6,Kolar,Tomato,Karnataka,True,True
2023-12-10,kolar,892.0,1665.0,500.0,2267.0,5,Kolar,Tomato,Karnataka,True,True
2023-12-11,kolar,1095.0,1200.0,330.0,2000.0,6,Kolar,Tomato,Karnataka,True,True
2023-12-12,kolar,705.0,1115.0,331.5,2000.0,4,Kolar,Tomato,Karnataka,True,True
2023-12-13,kolar,1098.0,1000.0,450.0,1800.0,5,Kolar,Tomato,Karnataka,True,True
2023-12-14,kolar,1075.0,933.0,333.0,1800.0,5,Kolar,Tomato,Karnataka,True,True
2023-12-15,kolar,981.0,933.0,331.5,1600.0,5,Kolar,Tomato,Karnataka,True,True
2023-12-16,kolar,867.0,1000.0,416.5,1701.5,7,Kolar,Tomato,Karnataka,True,True
2023-12-17,kolar,823.0,870.0,333.0,1670.0,5,Kolar,Tomato,Karnataka,True,True
2023-12-18,kolar,799.0,1000.0,331.5,1670.0,5,Kolar,Tomato,Karnataka,True,True
2023-12-19,kolar,915.0,1070.0,333.0,1667.0,4,Kolar,Tomato,Karnataka,True,True
2023-12-20,kolar,967.0,1000.0,316.5,1800.0,3,Kolar,Tomato,Karnataka,True,True
2023-12-21,kolar,936.0,1200.0,333.0,2000.0,5,Kolar,Tomato,Karnataka,True,True
2023-12-22,kolar,914.0,1083.0,315.0,1900.0,4,Kolar,Tomato,Karnataka,True,True
2023-12-23,kolar,682.0,1200.0,330.0,1870.0,1,Kolar,Tomato,Karnataka,True,True
2023-12-24,kolar,682.0,1200.0,330.0,1870.0,1,Kolar,Tomato,Karnataka,True,True
2023-12-25,kolar,878.0,1033.0,315.0,1633.0,4,Kolar,Tomato,Karnataka,True,True
2023-12-26,kolar,914.0,1000.0,330.0,1660.0,5,Kolar,Tomato,Karnataka,True,True
2023-12-27,kolar,894.0,933.0,400.0,1733.0,4,Kolar,Tomato,Karnataka,True,True
2023-12-28,kolar,817.0,1070.0,330.0,1870.0,4,Kolar,Tomato,Karnataka,True,True
2023-12-29,kolar,849.0,1000.0,331.5,1663.0,6,Kolar,Tomato,Karnataka,True,True
2023-12-30,kolar,785.0,1135.0,331.5,2000.0,6,Kolar,Tomato,Karnataka,True,True
2023-12-31,kolar,966.0,1000.0,333.0,1733.0,1,Kolar,Tomato,Karnataka,True,True
2024-01-01,kolar,40.0,1200.0,533.0,1867.0,2,Kolar,Tomato,Karnataka,True,True
2024-01-02,kolar,659.0,1200.0,333.0,2133.0,5,Kolar,Tomato,Karnataka,True,True
2024-01-03,kolar,776.0,1350.0,315.0,2415.0,2,Kolar,Tomato,Karnataka,True,True
2024-01-04,kolar,964.0,1100.0,330.0,2000.0,5,Kolar,Tomato,Karnataka,True,True
2024-01-05,kolar,778.0,1316.5,315.0,1965.0,3,Kolar,Tomato,Karnataka,True,True
2024-01-06,kolar,660.0,933.0,533.0,1533.0,2,Kolar,Tomato,Karnataka,True,True
2024-01-07,kolar,697.0,1240.0,365.0,1935.0,4,Kolar,Tomato,Karnataka,True,True
2024-01-08,kolar,895.0,1098.0,331.5,1800.0,6,Kolar,Tomato,Karnataka,True,True
2024-01-09,kolar,594.0,1200.0,330.0,1870.0,3,Kolar,Tomato,Karnataka,True,True
2024-01-10,kolar,733.0,1000.0,330.0,1600.0,3,Kolar,Tomato,Karnataka,True,True
2024-01-11,kolar,943.0,1070.0,330.0,1730.0,5,Kolar,Tomato,Karnataka,True,True
2024-01-12,kolar,690.0,1070.0,330.0,1730.0,0,Kolar,Tomato,Karnataka,True,False
2024-01-13,kolar,770.0,1000.0,330.0,1870.0,1,Kolar,Tomato,Karnataka,True,True
2024-01-14,kolar,608.0,1000.0,330.0,1860.0,1,Kolar,Tomato,Karnataka,True,True
2024-01-15,kolar,669.0,1130.0,330.0,1800.0,5,Kolar,Tomato,Karnataka,True,True
2024-01-16,kolar,439.0,1000.0,300.0,1600.0,1,Kolar,Tomato,Karnataka,True,True
2024-01-17,kolar,408.0,1200.0,330.0,2000.0,3,Kolar,Tomato,Karnataka,True,True
2024-01-18,kolar,3.0,1000.0,300.0,1500.0,2,Kolar,Tomato,Karnataka,True,True
2024-01-19,kolar,1080.0,1130.0,330.0,1666.0,3,Kolar,Tomato,Karnataka,True,True
2024-01-20,kolar,634.0,1270.0,330.0,2000.0,1,Kolar,Tomato,Karnataka,True,True
2024-01-21,kolar,642.0,1130.0,330.0,1795.0,2,Kolar,Tomato,Karnataka,True,True
2024-01-22,kolar,764.0,1000.0,330.0,1200.0,3,Kolar,Tomato,Karnataka,True,True
2024-01-23,kolar,558.0,1200.0,330.0,2000.0,3,Kolar,Tomato,Karnataka,True,True
2024-01-24,kolar,601.0,1050.0,600.0,1500.0,2,Kolar,Tomato,Karnataka,True,True
2024-01-25,kolar,694.0,1065.0,350.0,1630.0,4,Kolar,Tomato,Karnataka,True,True
2024-01-26,kolar,819.0,1100.0,365.0,1763.0,6,Kolar,Tomato,Karnataka,True,True
2024-01-27,kolar,693.0,1200.0,333.0,1800.0,6,Kolar,Tomato,Karnataka,True,True
2024-01-28,kolar,558.0,1200.0,330.0,1800.0,3,Kolar,Tomato,Karnataka,True,True
2024-01-29,kolar,516.0,900.0,800.0,1000.0,1,Kolar,Tomato,Karnataka,True,True
2024-01-30,kolar,545.0,1200.0,300.0,1800.0,3,Kolar,Tomato,Karnataka,True,True
2024-01-31,kolar,771.0,1130.0,300.0,1800.0,4,Kolar,Tomato,Karnataka,True,True
2024-02-01,kolar,747.0,1185.0,350.0,2000.0,2,Kolar,Tomato,Karnataka,True,True
2024-02-02,kolar,846.0,1200.0,400.0,2000.0,7,Kolar,Tomato,Karnataka,True,True
2024-02-03,kolar,732.0,1416.5,515.0,2583.0,6,Kolar,Tomato,Karnataka,True,True
2024-02-04,kolar,843.0,1530.0,500.0,2533.0,5,Kolar,Tomato,Karnataka,True,True
2024-02-05,kolar,792.0,1200.0,330.0,2000.0,4,Kolar,Tomato,Karnataka,True,True
2024-02-06,kolar,865.0,1435.0,433.0,2466.5,5,Kolar,Tomato,Karnataka,True,True
2024-02-07,kolar,833.0,1230.0,295.0,1900.0,3,Kolar,Tomato,Karnataka,True,True
2024-02-08,kolar,837.0,1065.0,331.5,1835.0,6,Kolar,Tomato,Karnataka,True,True
2024-02-09,kolar,806.0,1035.0,331.5,1730.0,6,Kolar,Tomato,Karnataka,True,True
2024-02-10,kolar,829.0,1025.0,465.0,1663.5,6,Kolar,Tomato,Karnataka,True,True
2024-02-11,kolar,734.0,1068.0,516.5,1900.0,6,Kolar,Tomato,Karnataka,True,True
2024-02-12,kolar,921.0,933.0,333.0,1730.0,5,Kolar,Tomato,Karnataka,True,True
2024-02-13,kolar,914.0,966.5,330.0,1600.0,6,Kolar,Tomato,Karnataka,True,True
2024-02-14,kolar,962.0,800.0,300.0,1200.0,6,Kolar,Tomato,Karnataka,True,True
2024-02-15,kolar,855.0,765.0,316.5,1200.0,6,Kolar,Tomato,Karnataka,True,True
2024-02-16,kolar,835.0,800.0,333.0,1330.0,7,Kolar,Tomato,Karnataka,True,True
2024-02-17,kolar,849.0,833.5,550.0,1416.5,4,Kolar,Tomato,Karnataka,True,True
2024-02-18,kolar,842.0,933.5,365.0,1331.5,6,Kolar,Tomato,Karnataka,True,True
2024-02-19,kolar,694.0,1000.0,333.0,1460.0,6,Kolar,Tomato,Karnataka,True,True
2024-02-20,kolar,994.0,966.5,433.0,1395.0,6,Kolar,Tomato,Karnataka,True,True
2024-02-21,kolar,958.0,900.0,300.0,1400.0,4,Kolar,Tomato,Karnataka,True,True
2024-02-22,kolar,906.0,800.0,333.0,1330.0,5,Kolar,Tomato,Karnataka,True,True
2024-02-23,kolar,853.0,700.0,333.0,1500.0,6,Kolar,Tomato,Karnataka,True,True
2024-02-24,kolar,923.0,700.0,333.0,1066.0,7,Kolar,Tomato,Karnataka,True,True
2024-02-25,kolar,811.0,733.0,333.0,1130.0,6,Kolar,Tomato,Karnataka,True,True
2024-02-26,kolar,809.0,835.0,333.0,1266.5,6,Kolar,Tomato,Karnataka,True,True
2024-02-27,kolar,591.0,800.0,300.0,1200.0,4,Kolar,Tomato,Karnataka,True,True
2024-02-28,kolar,1153.0,766.5,331.5,1200.0,6,Kolar,Tomato,Karnataka,True,True
2024-02-29,kolar,730.0,670.0,300.0,1000.0,5,Kolar,Tomato,Karnataka,True,True
2024-03-01,kolar,778.0,900.0,400.0,1000.0,4,Kolar,Tomato,Karnataka,True,True
2024-03-02,kolar,710.0,716.5,331.5,1030.0,7,Kolar,Tomato,Karnataka,True,True
2024-03-03,kolar,820.0,796.5,366.5,1265.0,6,Kolar,Tomato,Karnataka,True,True
2024-03-04,kolar,725.0,800.0,333.0,1266.5,6,Kolar,Tomato,Karnataka,True,True
2024-03-05,kolar,782.0,933.0,333.0,1500.0,5,Kolar,Tomato,Karnataka,True,True
2024-03-06,kolar,902.0,800.0,333.0,1467.0,5,Kolar,Tomato,Karnataka,True,True
2024-03-07,kolar,906.0,900.0,331.5,1430.0,6,Kolar,Tomato,Karnataka,True,True
2024-03-08,kolar,736.0,900.0,330.0,1500.0,7,Kolar,Tomato,Karnataka,True,True
2024-03-09,kolar,592.0,1025.0,331.5,1683.0,6,Kolar,Tomato,Karnataka,True,True
2024-03-10,kolar,489.0,1141.5,366.5,2000.0,6,Kolar,Tomato,Karnataka,True,True
2024-03-11,kolar,893.0,1000.0,333.0,1667.0,5,Kolar,Tomato,Karnataka,True,True
2024-03-12,kolar,863.0,800.0,300.0,1666.0,4,Kolar,Tomato,Karnataka,True,True
2024-03-13,kolar,855.0,900.0,300.0,1400.0,5,Kolar,Tomato,Karnataka,True,True
2024-03-14,kolar,779.0,866.0,333.0,1400.0,4,Kolar,Tomato,Karnataka,True,True
2024-03-15,kolar,748.0,933.0,333.0,1660.0,7,Kolar,Tomato,Karnataka,True,True
2024-03-16,kolar,719.0,980.0,300.0,1583.5,6,Kolar,Tomato,Karnataka,True,True
2024-03-17,kolar,825.0,950.0,333.0,1666.0,5,Kolar,Tomato,Karnataka,True,True
2024-03-18,kolar,680.0,1000.0,333.0,1500.0,5,Kolar,Tomato,Karnataka,True,True
2024-03-19,kolar,769.0,1000.0,330.0,1666.0,5,Kolar,Tomato,Karnataka,True,True
2024-03-20,kolar,770.0,1000.0,333.0,1500.0,5,Kolar,Tomato,Karnataka,True,True
2024-03-21,kolar,748.0,850.0,333.0,1335.0,4,Kolar,Tomato,Karnataka,True,True
2024-03-22,kolar,677.0,866.0,333.0,1200.0,6,Kolar,Tomato,Karnataka,True,True
2024-03-23,kolar,689.0,800.0,300.0,1460.0,5,Kolar,Tomato,Karnataka,True,True
2024-03-24,kolar,697.0,833.0,315.0,1398.0,4,Kolar,Tomato,Karnataka,True,True
2024-03-25,kolar,734.0,800.0,300.0,1333.0,5,Kolar,Tomato,Karnataka,True,True
2024-03-26,kolar,404.0,900.0,315.0,1550.0,4,Kolar,Tomato,Karnataka,True,True
2024-03-27,kolar,657.0,900.0,333.0,1533.0,5,Kolar,Tomato,Karnataka,True,True
2024-03-28,kolar,496.0,1030.0,463.0,1630.0,2,Kolar,Tomato,Karnataka,True,True
2024-03-29,kolar,608.0,1000.0,331.5,1599.5,6,Kolar,Tomato,Karnataka,True,True
2024-03-30,kolar,593.0,1000.0,330.0,1600.0,7,Kolar,Tomato,Karnataka,True,True
2024-03-31,kolar,652.0,1000.0,330.0,1800.0,3,Kolar,Tomato,Karnataka,True,True
2024-04-01,kolar,388.0,1165.0,330.0,2000.0,4,Kolar,Tomato,Karnataka,True,True
2024-04-02,kolar,696.0,1133.0,330.0,2030.0,5,Kolar,Tomato,Karnataka,True,True
2024-04-03,kolar,631.0,1260.0,330.0,2330.0,5,Kolar,Tomato,Karnataka,True,True
2024-04-04,kolar,748.0,1330.0,330.0,2330.0,3,Kolar,Tomato,Karnataka,True,True
2024-04-05,kolar,644.0,1200.0,330.0,2000.0,6,Kolar,Tomato,Karnataka,True,True
2024-04-06,kolar,527.0,1260.0,330.0,2000.0,5,Kolar,Tomato,Karnataka,True,True
2024-04-07,kolar,17.0,1260.0,533.0,2000.0,3,Kolar,Tomato,Karnataka,True,True
2024-04-08,kolar,467.0,1100.0,330.0,2000.0,3,Kolar,Tomato,Karnataka,True,True
2024-04-09,kolar,467.0,1150.0,400.0,1900.0,1,Kolar,Tomato,Karnataka,False,True
2024-04-10,kolar,467.0,1150.0,400.0,1900.0,0,Kolar,Tomato,Karnataka,False,False
2024-04-11,kolar,,1150.0,400.0,1900.0,0,Kolar,Tomato,Karnataka,False,False
2024-04-12,kolar,264.0,930.0,295.0,1496.5,2,Kolar,Tomato,Karnataka,True,True
2024-04-13,kolar,311.0,1030.0,316.5,1333.5,4,Kolar,Tomato,Karnataka,True,True
2024-04-14,kolar,999.0,768.5,331.5,1265.0,4,Kolar,Tomato,Karnataka,True,True
2024-04-15,kolar,897.0,733.0,330.0,1200.0,5,Kolar,Tomato,Karnataka,True,True
2024-04-16,kolar,700.0,900.0,280.0,1265.0,3,Kolar,Tomato,Karnataka,True,True
2024-04-17,kolar,714.0,1030.0,580.0,1550.0,2,Kolar,Tomato,Karnataka,True,True
2024-04-18,kolar,538.0,866.5,330.0,1395.0,5,Kolar,Tomato,Karnataka,True,True
2024-04-19,kolar,957.0,860.0,330.0,1460.0,6,Kolar,Tomato,Karnataka,True,True
2024-04-20,kolar,992.0,1000.0,333.0,1500.0,7,Kolar,Tomato,Karnataka,True,True
2024-04-21,kolar,942.0,1200.0,333.0,2000.0,5,Kolar,Tomato,Karnataka,True,True
2024-04-22,kolar,951.0,1200.0,500.0,1660.0,5,Kolar,Tomato,Karnataka,True,True
2024-04-23,kolar,1199.0,1060.0,500.0,1670.0,4,Kolar,Tomato,Karnataka,True,True
2024-04-24,kolar,1039.0,1030.0,331.5,1599.5,6,Kolar,Tomato,Karnataka,True,True
2024-04-25,kolar,842.0,1200.0,333.0,1670.0,3,Kolar,Tomato,Karnataka,True,True
2024-04-26,kolar,883.0,1135.0,331.5,1730.0,5,Kolar,Tomato,Karnataka,True,True
2024-04-27,kolar,831.0,1060.0,330.0,1730.0,5,Kolar,Tomato,Karnataka,True,True
2024-04-28,kolar,881.0,1130.0,330.0,1730.0,3,Kolar,Tomato,Karnataka,True,True
2024-04-29,kolar,728.0,1130.0,330.0,1730.0,4,Kolar,Tomato,Karnataka,True,True
2024-04-30,kolar,1117.0,1035.0,315.0,1600.0,4,Kolar,Tomato,Karnataka,True,True
2024-05-01,kolar,1107.0,1030.0,315.0,1668.0,4,Kolar,Tomato,Karnataka,True,True
2024-05-02,kolar,1439.0,1000.0,300.0,1500.0,4,Kolar,Tomato,Karnataka,True,True
2024-05-03,kolar,1216.0,1000.0,333.0,1666.0,7,Kolar,Tomato,Karnataka,True,True
2024-05-04,kolar,975.0,1098.0,331.5,1730.0,6,Kolar,Tomato,Karnataka,True,True
2024-05-05,kolar,1276.0,975.0,396.5,1690.0,4,Kolar,Tomato,Karnataka,True,True
2024-05-06,kolar,1323.0,868.0,331.5,1498.0,2,Kolar,Tomato,Karnataka,True,True
2024-05-07,kolar,1003.0,870.0,330.0,1600.0,2,Kolar,Tomato,Karnataka,True,True
2024-05-08,kolar,1295.0,950.0,330.0,1535.0,6,Kolar,Tomato,Karnataka,True,True
2024-05-09,kolar,727.0,1266.0,500.0,1866.0,5,Kolar,Tomato,Karnataka,True,True
2024-05-10,kolar,2246.0,1033.5,416.5,1630.0,6,Kolar,Tomato,Karnataka,True,True
2024-05-11,kolar,1834.0,1000.0,415.0,1565.0,6,Kolar,Tomato,Karnataka,True,True
2024-05-12,kolar,1698.0,933.0,330.0,1600.0,5,Kolar,Tomato,Karnataka,True,True
2024-05-13,kolar,1826.0,1800.0,1500.0,2000.0,5,Kolar,Tomato,Karnataka,True,True
2024-05-14,kolar,1086.0,1060.0,330.0,1860.0,3,Kolar,Tomato,Karnataka,True,True
2024-05-15,kolar,1135.0,1060.0,333.0,1850.0,5,Kolar,Tomato,Karnataka,True,True
2024-05-16,kolar,1594.0,800.0,330.0,1730.0,4,Kolar,Tomato,Karnataka,True,True
2024-05-17,kolar,1410.0,1266.0,733.0,2000.0,6,Kolar,Tomato,Karnataka,True,True
2024-05-18,kolar,1099.0,1350.0,476.5,2000.0,6,Kolar,Tomato,Karnataka,True,True
2024-05-19,kolar,1122.0,1530.0,333.0,2530.0,5,Kolar,Tomato,Karnataka,True,True
2024-05-20,kolar,1238.0,2166.5,718.0,2830.0,6,Kolar,Tomato,Karnataka,True,True
2024-05-21,kolar,1369.0,1200.0,333.0,2000.0,2,Kolar,Tomato,Karnataka,True,True
2024-05-22,kolar,1141.0,2333.0,800.0,3000.0,3,Kolar,Tomato,Karnataka,True,True
2024-05-23,kolar,425.0,1660.0,400.0,3000.0,4,Kolar,Tomato,Karnataka,True,True
2024-05-24,kolar,1288.0,1765.0,366.5,3130.0,5,Kolar,Tomato,Karnataka,True,True
2024-05-25,kolar,856.0,2140.0,585.0,3165.0,4,Kolar,Tomato,Karnataka,True,True
2024-05-26,kolar,945.0,2000.0,530.0,4000.0,3,Kolar,Tomato,Karnataka,True,True
2024-05-27,kolar,1085.0,2250.0,650.0,3330.0,6,Kolar,Tomato,Karnataka,True,True
2024-05-28,kolar,1279.0,1598.0,365.0,3200.0,3,Kolar,Tomato,Karnataka,True,True
2024-05-29,kolar,1230.0,2180.0,1566.5,3000.0,4,Kolar,Tomato,Karnataka,True,True
2024-05-30,kolar,1218.0,1660.0,330.0,2670.0,3,Kolar,Tomato,Karnataka,True,True
2024-05-31,kolar,1176.0,1960.0,620.0,3000.0,4,Kolar,Tomato,Karnataka,True,True
2024-06-01,kolar,1178.0,1900.0,620.0,3000.0,5,Kolar,Tomato,Karnataka,True,True
2024-06-02,kolar,788.0,1660.0,400.0,3130.0,3,Kolar,Tomato,Karnataka,True,True
2024-06-03,kolar,1044.0,1660.0,400.0,3330.0,3,Kolar,Tomato,Karnataka,True,True
2024-06-04,kolar,845.0,2350.0,665.0,3665.0,4,Kolar,Tomato,Karnataka,True,True
2024-06-05,kolar,1248.0,2130.0,800.0,3500.0,5,Kolar,Tomato,Karnataka,True,True
2024-06-06,kolar,1153.0,2000.0,530.0,3666.0,5,Kolar,Tomato,Karnataka,True,True
2024-06-07,kolar,1466.0,1900.0,415.0,3331.5,4,Kolar,Tomato,Karnataka,True,True
2024-06-08,kolar,1139.0,1900.0,400.0,3666.5,4,Kolar,Tomato,Karnataka,True,True
2024-06-09,kolar,1169.0,2000.0,400.0,4000.0,3,Kolar,Tomato,Karnataka,True,True
2024-06-10,kolar,1203.0,1930.0,495.0,3765.0,2,Kolar,Tomato,Karnataka,True,True
2024-06-11,kolar,1314.0,3335.0,865.0,4966.5,4,Kolar,Tomato,Karnataka,True,True
2024-06-12,kolar,1313.0,2230.0,495.0,4265.0,2,Kolar,Tomato,Karnataka,True,True
2024-06-13,kolar,1614.0,2933.0,1200.0,4000.0,4,Kolar,Tomato,Karnataka,True,True
2024-06-14,kolar,1017.0,2530.0,530.0,4000.0,5,Kolar,Tomato,Karnataka,True,True
2024-06-15,kolar,1332.0,2660.0,530.0,4200.0,4,Kolar,Tomato,Karnataka,True,True
2024-06-16,kolar,1332.0,2660.0,530.0,4200.0,0,Kolar,Tomato,Karnataka,False,False
2024-06-17,kolar,746.0,3500.0,2000.0,4660.0,3,Kolar,Tomato,Karnataka,True,True
2024-06-18,kolar,915.0,4667.0,2667.0,6000.0,3,Kolar,Tomato,Karnataka,True,True
2024-06-19,kolar,1661.0,4166.5,1833.5,6000.0,4,Kolar,Tomato,Karnataka,True,True
2024-06-20,kolar,1481.0,4417.0,2667.0,6500.0,3,Kolar,Tomato,Karnataka,True,True
2024-06-21,kolar,1726.0,4400.0,3000.0,6133.0,3,Kolar,Tomato,Karnataka,True,True
2024-06-22,kolar,1620.0,4000.0,2333.0,5667.0,5,Kolar,Tomato,Karnataka,True,True
2024-06-23,kolar,1856.0,3500.0,1833.5,5166.5,4,Kolar,Tomato,Karnataka,True,True
2024-06-24,kolar,1780.0,3667.0,2333.0,5000.0,5,Kolar,Tomato,Karnataka,True,True
2024-06-25,kolar,1976.0,4083.0,3100.0,5000.0,2,Kolar,Tomato,Karnataka,True,True
2024-06-26,kolar,2226.0,2663.5,1666.5,4465.0,6,Kolar,Tomato,Karnataka,True,True
2024-06-27,kolar,2134.0,2667.0,1533.0,4333.0,5,Kolar,Tomato,Karnataka,True,True
2024-06-28,kolar,2122.0,2500.0,1333.5,4233.5,2,Kolar,Tomato,Karnataka,True,True
2024-06-29,kolar,2172.0,2733.0,2000.0,4333.0,3,Kolar,Tomato,Karnataka,True,True
2024-06-30,kolar,2198.0,2865.0,1330.0,4331.5,2,Kolar,Tomato,Karnataka,True,True
2024-07-01,kolar,2698.0,3133.0,2000.0,4530.0,3,Kolar,Tomato,Karnataka,True,True
2024-07-02,kolar,2798.0,2763.5,1666.5,4431.5,4,Kolar,Tomato,Karnataka,True,True
2024-07-03,kolar,3152.0,3035.0,1635.0,4690.0,2,Kolar,Tomato,Karnataka,True,True
2024-07-04,kolar,3087.0,3000.0,1660.0,4530.0,5,Kolar,Tomato,Karnataka,True,True
2024-07-05,kolar,3494.0,2880.0,1000.0,4667.0,7,Kolar,Tomato,Karnataka,True,True
2024-07-06,kolar,2825.0,3090.0,1750.0,4565.0,6,Kolar,Tomato,Karnataka,True,True
2024-07-07,kolar,3231.0,3070.0,1500.0,4000.0,5,Kolar,Tomato,Karnataka,True,True
2024-07-08,kolar,3103.0,3000.0,2500.0,4330.0,3,Kolar,Tomato,Karnataka,True,True
2024-07-09,kolar,2881.0,3663.5,1666.5,5000.0,4,Kolar,Tomato,Karnataka,True,True
2024-07-10,kolar,2678.0,3330.0,2000.0,5325.0,3,Kolar,Tomato,Karnataka,True,True
2024-07-11,kolar,3030.0,3415.0,2000.0,4966.5,6,Kolar,Tomato,Karnataka,True,True
2024-07-12,kolar,2601.0,3270.0,2065.0,5190.0,6,Kolar,Tomato,Karnataka,True,True
2024-07-13,kolar,2415.0,4000.0,800.0,5330.0,5,Kolar,Tomato,Karnataka,True,True
2024-07-14,kolar,2706.0,3230.0,1000.0,5905.0,4,Kolar,Tomato,Karnataka,True,True
2024-07-15,kolar,2687.0,2898.0,1100.0,5000.0,2,Kolar,Tomato,Karnataka,True,True
2024-07-16,kolar,2104.0,3330.0,1330.0,6660.0,1,Kolar,Tomato,Karnataka,True,True
2024-07-17,kolar,3681.0,3660.0,2000.0,6000.0,7,Kolar,Tomato,Karnataka,True,True
2024-07-18,kolar,3514.0,3333.0,2000.0,5000.0,6,Kolar,Tomato,Karnataka,True,True
2024-07-19,kolar,2922.0,3533.0,2000.0,6000.0,5,Kolar,Tomato,Karnataka,True,True
2024-07-20,kolar,2841.0,4133.0,2333.0,5660.0,3,Kolar,Tomato,Karnataka,True,True
2024-07-21,kolar,3000.0,3670.0,2000.0,6000.0,1,Kolar,Tomato,Karnataka,True,True
2024-07-22,kolar,3222.0,3230.0,1750.0,5600.0,4,Kolar,Tomato,Karnataka,True,True
2024-07-23,kolar,3584.0,3667.0,1333.0,4667.0,4,Kolar,Tomato,Karnataka,True,True
2024-07-24,kolar,3799.0,2330.0,900.0,4000.0,5,Kolar,Tomato,Karnataka,True,True
2024-07-25,kolar,3976.0,1830.0,598.5,2900.0,6,Kolar,Tomato,Karnataka,True,True
2024-07-26,kolar,3412.0,1665.0,530.0,3165.0,4,Kolar,Tomato,Karnataka,True,True
2024-07-27,kolar,3226.0,1870.0,460.0,3000.0,5,Kolar,Tomato,Karnataka,True,True
2024-07-28,kolar,3524.0,1933.0,495.0,3065.0,4,Kolar,Tomato,Karnataka,True,True
2024-07-29,kolar,3360.0,5500.0,5000.0,6000.0,1,Kolar,Tomato,Karnataka,True,True
2024-07-30,kolar,3538.0,1660.0,400.0,3060.0,3,Kolar,Tomato,Karnataka,True,True
2024-07-31,kolar,3488.0,2000.0,667.0,2667.0,5,Kolar,Tomato,Karnataka,True,True
2024-08-01,kolar,3395.0,1660.0,330.0,2660.0,3,Kolar,Tomato,Karnataka,True,True
2024-08-02,kolar,3435.0,1530.0,333.0,2500.0,5,Kolar,Tomato,Karnataka,True,True
2024-08-03,kolar,3705.0,1200.0,331.5,2000.0,3,Kolar,Tomato,Karnataka,True,True
2024-08-04,kolar,3070.0,1580.0,465.0,2515.0,4,Kolar,Tomato,Karnataka,True,True
2024-08-05,kolar,3390.0,1800.0,533.0,2601.5,5,Kolar,Tomato,Karnataka,True,True
2024-08-06,kolar,3603.0,1530.0,333.0,2670.0,5,Kolar,Tomato,Karnataka,True,True
2024-08-07,kolar,3555.0,1400.0,333.0,2660.0,5,Kolar,Tomato,Karnataka,True,True
2024-08-08,kolar,3301.0,1500.0,1000.0,2000.0,2,Kolar,Tomato,Karnataka,True,True
2024-08-09,kolar,3606.0,1330.0,330.0,2600.0,4,Kolar,Tomato,Karnataka,True,True
2024-08-10,kolar,3467.0,1533.5,500.0,2598.0,6,Kolar,Tomato,Karnataka,True,True
2024-08-11,kolar,3154.0,1400.0,331.5,2596.5,4,Kolar,Tomato,Karnataka,True,True
2024-08-12,kolar,3504.0,1365.0,331.5,2430.0,4,Kolar,Tomato,Karnataka,True,True
2024-08-13,kolar,2851.0,866.0,666.0,1933.0,2,Kolar,Tomato,Karnataka,True,True
2024-08-14,kolar,3295.0,1295.0,365.0,2530.0,4,Kolar,Tomato,Karnataka,True,True
2024-08-15,kolar,3202.0,1915.0,1165.0,2835.0,2,Kolar,Tomato,Karnataka,True,True
2024-08-16,kolar,2992.0,1330.0,333.0,2666.0,5,Kolar,Tomato,Karnataka,True,True
2024-08-17,kolar,2667.0,1800.0,330.0,2530.0,3,Kolar,Tomato,Karnataka,True,True
2024-08-18,kolar,3244.0,1200.0,330.0,2500.0,3,Kolar,Tomato,Karnataka,True,True
2024-08-19,kolar,3436.0,1265.0,330.0,2395.0,2,Kolar,Tomato,Karnataka,True,True
2024-08-20,kolar,2939.0,1000.0,533.0,1467.0,2,Kolar,Tomato,Karnataka,True,True
2024-08-21,kolar,2845.0,1195.0,280.0,2165.0,2,Kolar,Tomato,Karnataka,True,True
2024-08-22,kolar,2918.0,1195.0,280.0,2165.0,0,Kolar,Tomato,Karnataka,True,False
2024-08-23,kolar,2702.0,1130.0,300.0,2000.0,5,Kolar,Tomato,Karnataka,True,True
2024-08-24,kolar,2803.0,1200.0,333.0,2000.0,5,Kolar,Tomato,Karnataka,True,True
2024-08-25,kolar,2570.0,1250.0,333.0,2000.0,5,Kolar,Tomato,Karnataka,True,True
2024-08-26,kolar,2811.0,1100.0,333.0,2000.0,5,Kolar,Tomato,Karnataka,True,True
2024-08-27,kolar,2716.0,1230.0,331.5,2231.5,3,Kolar,Tomato,Karnataka,True,True
2024-08-28,kolar,2876.0,1130.0,433.0,1933.0,6,Kolar,Tomato,Karnataka,True,True
2024-08-29,kolar,2105.0,1290.0,665.0,1915.0,2,Kolar,Tomato,Karnataka,True,True
2024-08-30,kolar,2040.0,1200.0,400.0,1730.0,5,Kolar,Tomato,Karnataka,True,True
2024-08-31,kolar,1934.0,1480.0,915.0,2065.0,2,Kolar,Tomato,Karnataka,True,True
2024-09-01,kolar,1378.0,1330.0,330.0,2265.0,2,Kolar,Tomato,Karnataka,True,True
2024-09-02,kolar,2005.0,1330.0,333.0,2200.0,5,Kolar,Tomato,Karnataka,True,True
2024-09-03,kolar,1988.0,965.0,398.0,1998.0,2,Kolar,Tomato,Karnataka,True,True
2024-09-04,kolar,1789.0,1330.0,330.0,2530.0,3,Kolar,Tomato,Karnataka,True,True
2024-09-05,kolar,2010.0,1330.0,933.0,2500.0,5,Kolar,Tomato,Karnataka,True,True
2024-09-06,kolar,2368.0,1200.0,333.0,2000.0,5,Kolar,Tomato,Karnataka,True,True
2024-09-07,kolar,2146.0,1315.0,331.5,2315.0,4,Kolar,Tomato,Karnataka,True,True
2024-09-08,kolar,1452.0,1330.0,330.0,2330.0,3,Kolar,Tomato,Karnataka,True,True
2024-09-09,kolar,1835.0,1205.0,355.0,2060.0,2,Kolar,Tomato,Karnataka,True,True
2024-09-10,kolar,2028.0,1115.0,356.5,2000.0,6,Kolar,Tomato,Karnataka,True,True
2024-09-11,kolar,1448.0,1255.0,431.5,1965.0,4,Kolar,Tomato,Karnataka,True,True
2024-09-12,kolar,1580.0,1315.0,399.5,2595.0,6,Kolar,Tomato,Karnataka,True,True
2024-09-13,kolar,1721.0,1495.0,331.5,2730.0,4,Kolar,Tomato,Karnataka,True,True
2024-09-14,kolar,1383.0,1460.0,330.0,2870.0,1,Kolar,Tomato,Karnataka,True,True
2024-09-15,kolar,1383.0,1460.0,330.0,2870.0,0,Kolar,Tomato,Karnataka,False,False
2024-09-16,kolar,1295.0,1500.0,431.5,2665.0,4,Kolar,Tomato,Karnataka,True,True
2024-09-17,kolar,1524.0,2180.0,1415.0,3230.0,2,Kolar,Tomato,Karnataka,True,True
2024-09-18,kolar,1262.0,1860.0,531.5,3830.0,3,Kolar,Tomato,Karnataka,True,True
2024-09-19,kolar,1379.0,2090.0,1265.0,3200.0,4,Kolar,Tomato,Karnataka,True,True
2024-09-20,kolar,1497.0,1965.0,1050.0,3107.0,6,Kolar,Tomato,Karnataka,True,True
2024-09-21,kolar,1630.0,2000.0,530.0,3730.0,5,Kolar,Tomato,Karnataka,True,True
2024-09-22,kolar,1232.0,1930.0,530.0,3690.0,5,Kolar,Tomato,Karnataka,True,True
2024-09-23,kolar,1470.0,2000.0,530.0,4200.0,4,Kolar,Tomato,Karnataka,True,True
2024-09-24,kolar,1391.0,2715.0,1790.0,4000.0,3,Kolar,Tomato,Karnataka,True,True
2024-09-25,kolar,1586.0,1800.0,400.0,3730.0,4,Kolar,Tomato,Karnataka,True,True
2024-09-26,kolar,1161.0,1660.0,530.0,4000.0,3,Kolar,Tomato,Karnataka,True,True
2024-09-27,kolar,1569.0,2250.0,430.0,4375.0,5,Kolar,Tomato,Karnataka,True,True
2024-09-28,kolar,1338.0,2130.0,400.0,4330.0,4,Kolar,Tomato,Karnataka,True,True
2024-09-29,kolar,1401.0,2333.0,530.0,4666.0,5,Kolar,Tomato,Karnataka,True,True
2024-09-30,kolar,1075.0,2667.0,770.0,4460.0,5,Kolar,Tomato,Karnataka,True,True
2024-10-01,kolar,1512.0,2595.0,665.0,5660.0,3,Kolar,Tomato,Karnataka,True,True
2024-10-02,kolar,1010.0,2565.0,1330.0,5760.0,4,Kolar,Tomato,Karnataka,True,True
2024-10-03,kolar,1157.0,2595.0,1330.0,5665.0,4,Kolar,Tomato,Karnataka,True,True
2024-10-04,kolar,1190.0,2730.0,1580.0,4415.0,2,Kolar,Tomato,Karnataka,True,True
2024-10-05,kolar,1254.0,3500.0,2000.0,5200.0,5,Kolar,Tomato,Karnataka,True,True
2024-10-06,kolar,1063.0,2860.0,660.0,5860.0,3,Kolar,Tomato,Karnataka,True,True
2024-10-07,kolar,1739.0,3000.0,2500.0,4000.0,3,Kolar,Tomato,Karnataka,True,True
2024-10-08,kolar,1423.0,2615.0,665.0,4466.5,6,Kolar,Tomato,Karnataka,True,True
2024-10-09,kolar,1434.0,2530.0,800.0,4000.0,5,Kolar,Tomato,Karnataka,True,True
2024-10-10,kolar,1254.0,2500.0,1515.0,3915.0,2,Kolar,Tomato,Karnataka,True,True
2024-10-11,kolar,1269.0,2000.0,530.0,4330.0,3,Kolar,Tomato,Karnataka,True,True
2024-10-12,kolar,923.0,2065.0,595.0,4460.0,2,Kolar,Tomato,Karnataka,True,True
2024-10-13,kolar,1102.0,2230.0,595.0,4665.0,2,Kolar,Tomato,Karnataka,True,True
2024-10-14,kolar,1053.0,2500.0,2000.0,4133.0,4,Kolar,Tomato,Karnataka,True,True
2024-10-15,kolar,1254.0,2065.0,495.0,4266.5,4,Kolar,Tomato,Karnataka,True,True
2024-10-16,kolar,1021.0,2000.0,430.0,4265.0,2,Kolar,Tomato,Karnataka,True,True
2024-10-17,kolar,788.0,2060.0,400.0,4660.0,1,Kolar,Tomato,Karnataka,True,True
2024-10-18,kolar,1876.0,1950.0,500.0,3763.0,6,Kolar,Tomato,Karnataka,True,True
2024-10-19,kolar,1556.0,2250.0,500.0,3896.5,6,Kolar,Tomato,Karnataka,True,True
2024-10-20,kolar,1238.0,2200.0,530.0,4066.0,5,Kolar,Tomato,Karnataka,True,True
2024-10-21,kolar,1453.0,2300.0,540.0,4165.0,6,Kolar,Tomato,Karnataka,True,True
2024-10-22,kolar,1347.0,2533.0,750.0,4600.0,5,Kolar,Tomato,Karnataka,True,True
2024-10-23,kolar,1346.0,2400.0,540.0,4200.0,3,Kolar,Tomato,Karnataka,True,True
2024-10-24,kolar,1189.0,2333.0,1666.0,4000.0,5,Kolar,Tomato,Karnataka,True,True
2024-10-25,kolar,1355.0,2350.0,1041.5,3925.0,6,Kolar,Tomato,Karnataka,True,True
2024-10-26,kolar,1497.0,2200.0,550.0,3900.0,5,Kolar,Tomato,Karnataka,True,True
2024-10-27,kolar,1474.0,1930.0,505.0,3265.0,4,Kolar,Tomato,Karnataka,True,True
2024-10-28,kolar,1346.0,1560.0,365.0,3000.0,4,Kolar,Tomato,Karnataka,True,True
2024-10-29,kolar,1352.0,1565.0,365.0,2995.0,4,Kolar,Tomato,Karnataka,True,True
2024-10-30,kolar,1260.0,1165.0,365.0,2265.0,4,Kolar,Tomato,Karnataka,True,True
2024-10-31,kolar,1260.0,1165.0,365.0,2265.0,0,Kolar,Tomato,Karnataka,False,False
2024-11-01,kolar,1103.0,1330.0,366.5,2220.0,6,Kolar,Tomato,Karnataka,True,True
2024-11-02,kolar,966.0,1460.0,333.0,2660.0,5,Kolar,Tomato,Karnataka,True,True
2024-11-03,kolar,1559.0,1460.0,333.0,2660.0,5,Kolar,Tomato,Karnataka,True,True
2024-11-04,kolar,128.0,1955.0,1165.0,2580.0,2,Kolar,Tomato,Karnataka,True,True
2024-11-05,kolar,1932.0,1330.0,315.0,2400.0,2,Kolar,Tomato,Karnataka,True,True
2024-11-06,kolar,1876.0,1565.0,483.5,2315.0,4,Kolar,Tomato,Karnataka,True,True
2024-11-07,kolar,1803.0,1598.0,665.0,2415.0,4,Kolar,Tomato,Karnataka,True,True
2024-11-08,kolar,2066.0,1300.0,400.0,2200.0,5,Kolar,Tomato,Karnataka,True,True
2024-11-09,kolar,1741.0,1200.0,400.0,2000.0,5,Kolar,Tomato,Karnataka,True,True
2024-11-10,kolar,1979.0,1330.0,350.0,2230.0,4,Kolar,Tomato,Karnataka,True,True
2024-11-11,kolar,1790.0,2250.0,2000.0,2500.0,4,Kolar,Tomato,Karnataka,True,True
2024-11-12,kolar,1532.0,1915.0,1200.0,2565.0,3,Kolar,Tomato,Karnataka,True,True
2024-11-13,kolar,1360.0,1540.0,950.0,2000.0,5,Kolar,Tomato,Karnataka,True,True
2024-11-14,kolar,1721.0,1466.0,1000.0,2133.0,3,Kolar,Tomato,Karnataka,True,True
2024-11-15,kolar,1744.0,1331.5,700.0,2100.0,6,Kolar,Tomato,Karnataka,True,True
2024-11-16,kolar,1720.0,1500.0,400.0,2130.0,5,Kolar,Tomato,Karnataka,True,True
2024-11-17,kolar,1720.0,960.0,400.0,1540.0,1,Kolar,Tomato,Karnataka,False,True
2024-11-18,kolar,1915.0,1365.0,366.5,2333.0,6,Kolar,Tomato,Karnataka,True,True
2024-11-19,kolar,1749.0,1495.0,466.5,2366.5,6,Kolar,Tomato,Karnataka,True,True
2024-11-20,kolar,1380.0,1555.0,465.0,2595.0,4,Kolar,Tomato,Karnataka,True,True
2024-11-21,kolar,1.0,1700.0,1500.0,2000.0,1,Kolar,Tomato,Karnataka,True,True
2024-11-22,kolar,1.0,1700.0,1500.0,2000.0,0,Kolar,Tomato,Karnataka,False,False
2024-11-23,kolar,1.0,1700.0,1500.0,2000.0,0,Kolar,Tomato,Karnataka,False,False
2024-11-24,kolar,,1700.0,1500.0,2000.0,0,Kolar,Tomato,Karnataka,False,False
2024-11-25,kolar,1097.0,2096.5,900.0,4033.0,4,Kolar,Tomato,Karnataka,True,True
2024-11-26,kolar,1115.0,2000.0,530.0,4330.0,3,Kolar,Tomato,Karnataka,True,True
2024-11-27,kolar,1045.0,2000.0,530.0,3660.0,3,Kolar,Tomato,Karnataka,True,True
2024-11-28,kolar,1145.0,1660.0,530.0,4000.0,1,Kolar,Tomato,Karnataka,True,True
2024-11-29,kolar,1145.0,1660.0,530.0,4000.0,0,Kolar,Tomato,Karnataka,False,False
2024-11-30,kolar,1145.0,1660.0,530.0,4000.0,0,Kolar,Tomato,Karnataka,False,False
2024-12-01,kolar,943.0,2030.0,565.0,3925.0,2,Kolar,Tomato,Karnataka,True,True
2024-12-02,kolar,31.0,2300.0,1800.0,3950.0,3,Kolar,Tomato,Karnataka,True,True
2024-12-03,kolar,596.0,2330.0,600.0,4600.0,5,Kolar,Tomato,Karnataka,True,True
2024-12-04,kolar,1303.0,2333.0,1000.0,3667.0,1,Kolar,Tomato,Karnataka,True,True
2024-12-05,kolar,938.0,2330.0,866.5,4096.5,4,Kolar,Tomato,Karnataka,True,True
2024-12-06,kolar,1001.0,3200.0,1667.0,4000.0,3,Kolar,Tomato,Karnataka,True,True
2024-12-07,kolar,1165.0,1925.0,933.5,3925.0,4,Kolar,Tomato,Karnataka,True,True
2024-12-08,kolar,126.0,1060.0,600.0,2000.0,3,Kolar,Tomato,Karnataka,True,True
2024-12-09,kolar,1190.0,1100.0,400.0,1333.0,5,Kolar,Tomato,Karnataka,True,True
2024-12-10,kolar,1136.0,1200.0,365.0,2000.0,3,Kolar,Tomato,Karnataka,True,True
2024-12-11,kolar,1136.0,1200.0,365.0,2000.0,0,Kolar,Tomato,Karnataka,False,False
2024-12-12,kolar,1406.0,1100.0,330.0,1833.5,4,Kolar,Tomato,Karnataka,True,True
2024-12-13,kolar,1259.0,1030.0,366.5,1596.5,6,Kolar,Tomato,Karnataka,True,True
2024-12-14,kolar,1249.0,930.0,400.0,1600.0,5,Kolar,Tomato,Karnataka,True,True
2024-12-15,kolar,1177.0,960.0,400.0,1550.0,5,Kolar,Tomato,Karnataka,True,True
2024-12-16,kolar,1038.0,1590.0,1165.0,2080.0,2,Kolar,Tomato,Karnataka,True,True
2024-12-17,kolar,1053.0,930.0,366.5,1663.0,4,Kolar,Tomato,Karnataka,True,True
2024-12-18,kolar,1165.0,1000.0,400.0,1667.0,5,Kolar,Tomato,Karnataka,True,True
2024-12-19,kolar,1025.0,1100.0,800.0,1480.0,4,Kolar,Tomato,Karnataka,True,True
2024-12-20,kolar,1191.0,1000.0,400.0,1666.0,7,Kolar,Tomato,Karnataka,True,True
2024-12-21,kolar,847.0,1000.0,533.0,1670.0,3,Kolar,Tomato,Karnataka,True,True
2024-12-22,kolar,990.0,1166.5,465.0,1933.0,4,Kolar,Tomato,Karnataka,True,True
2024-12-23,kolar,1031.0,1030.0,466.5,1660.0,6,Kolar,Tomato,Karnataka,True,True
2024-12-24,kolar,1323.0,1000.0,300.0,1660.0,4,Kolar,Tomato,Karnataka,True,True
2024-12-25,kolar,952.0,1000.0,300.0,1670.0,1,Kolar,Tomato,Karnataka,True,True
2024-12-26,kolar,1018.0,1715.0,1150.0,2265.0,2,Kolar,Tomato,Karnataka,True,True
2024-12-27,kolar,672.0,945.0,315.0,1575.0,6,Kolar,Tomato,Karnataka,True,True
2024-12-28,kolar,622.0,1000.0,331.5,1680.0,6,Kolar,Tomato,Karnataka,True,True
2024-12-29,kolar,1469.0,960.0,400.0,1550.0,5,Kolar,Tomato,Karnataka,True,True
2024-12-30,kolar,1474.0,1000.0,400.0,1333.0,7,Kolar,Tomato,Karnataka,True,True
2024-12-31,kolar,783.0,600.0,300.0,1000.0,3,Kolar,Tomato,Karnataka,True,True
2025-01-01,kolar,696.0,1500.0,1000.0,2000.0,3,Kolar,Tomato,Karnataka,True,True
2025-01-02,kolar,818.0,600.0,333.0,1000.0,5,Kolar,Tomato,Karnataka,True,True
2025-01-03,kolar,1141.0,813.5,466.5,1250.0,6,Kolar,Tomato,Karnataka,True,True
2025-01-04,kolar,991.0,1500.0,1000.0,2000.0,5,Kolar,Tomato,Karnataka,True,True
2025-01-05,kolar,897.0,600.0,300.0,1000.0,3,Kolar,Tomato,Karnataka,True,True
2025-01-06,kolar,742.0,533.0,300.0,900.0,5,Kolar,Tomato,Karnataka,True,True
2025-01-07,kolar,837.0,533.0,300.0,867.0,4,Kolar,Tomato,Karnataka,True,True
2025-01-08,kolar,2.0,960.0,400.0,1540.0,2,Kolar,Tomato,Karnataka,True,True
2025-01-09,kolar,878.0,600.0,300.0,1000.0,5,Kolar,Tomato,Karnataka,True,True
2025-01-10,kolar,603.0,650.0,550.0,800.0,2,Kolar,Tomato,Karnataka,True,True
2025-01-11,kolar,700.0,660.0,300.0,1200.0,3,Kolar,Tomato,Karnataka,True,True
2025-01-12,kolar,1039.0,696.5,431.5,1033.0,2,Kolar,Tomato,Karnataka,True,True
2025-01-13,kolar,1080.0,533.0,300.0,700.0,3,Kolar,Tomato,Karnataka,True,True
2025-01-14,kolar,635.0,598.0,316.5,1000.0,4,Kolar,Tomato,Karnataka,True,True
2025-01-15,kolar,242.0,465.0,300.0,850.0,2,Kolar,Tomato,Karnataka,True,True
2025-01-16,kolar,529.0,660.0,300.0,1330.0,1,Kolar,Tomato,Karnataka,True,True
2025-01-17,kolar,871.0,663.0,365.0,1265.0,2,Kolar,Tomato,Karnataka,True,True
2025-01-18,kolar,990.0,730.0,333.0,1290.0,4,Kolar,Tomato,Karnataka,True,True
2025-01-19,kolar,945.0,725.0,350.0,1250.0,2,Kolar,Tomato,Karnataka,True,True
2025-01-20,kolar,676.0,600.0,300.0,800.0,3,Kolar,Tomato,Karnataka,True,True
2025-01-21,kolar,731.0,530.0,300.0,1200.0,3,Kolar,Tomato,Karnataka,True,True
2025-01-22,kolar,739.0,800.0,398.0,1130.0,4,Kolar,Tomato,Karnataka,True,True
2025-01-23,kolar,625.0,400.0,300.0,900.0,1,Kolar,Tomato,Karnataka,True,True
2025-01-24,kolar,646.0,800.0,540.0,1330.0,3,Kolar,Tomato,Karnataka,True,True
2025-01-25,kolar,722.0,730.0,300.0,1460.0,3,Kolar,Tomato,Karnataka,True,True
2025-01-26,kolar,632.0,1110.0,435.0,1920.0,2,Kolar,Tomato,Karnataka,True,True
2025-01-27,kolar,698.0,800.0,330.0,900.0,3,Kolar,Tomato,Karnataka,True,True
2025-01-28,kolar,774.0,800.0,330.0,1460.0,5,Kolar,Tomato,Karnataka,True,True
2025-01-29,kolar,723.0,795.0,415.0,1415.0,4,Kolar,Tomato,Karnataka,True,True
2025-01-30,kolar,649.0,800.0,295.0,1415.0,4,Kolar,Tomato,Karnataka,True,True
2025-01-31,kolar,964.0,1000.0,333.0,1460.0,6,Kolar,Tomato,Karnataka,True,True
2025-02-01,kolar,625.0,830.0,315.0,1496.5,4,Kolar,Tomato,Karnataka,True,True
2025-02-02,kolar,714.0,860.0,330.0,1460.0,3,Kolar,Tomato,Karnataka,True,True
2025-02-03,kolar,606.0,310.0,280.0,350.0,2,Kolar,Tomato,Karnataka,True,True
2025-02-04,kolar,676.0,830.0,330.0,1000.0,4,Kolar,Tomato,Karnataka,True,True
2025-02-05,kolar,85.0,1000.0,330.0,1660.0,3,Kolar,Tomato,Karnataka,True,True
2025-02-06,kolar,729.0,1230.0,865.0,1765.0,3,Kolar,Tomato,Karnataka,True,True
2025-02-07,kolar,609.0,860.0,330.0,1660.0,3,Kolar,Tomato,Karnataka,True,True
2025-02-08,kolar,580.0,900.0,330.0,1600.0,3,Kolar,Tomato,Karnataka,True,True
2025-02-09,kolar,685.0,900.0,330.0,1660.0,2,Kolar,Tomato,Karnataka,True,True
2025-02-10,kolar,647.0,1175.0,365.0,2050.0,2,Kolar,Tomato,Karnataka,True,True
2025-02-11,kolar,750.0,670.0,350.0,1200.0,3,Kolar,Tomato,Karnataka,True,True
2025-02-12,kolar,857.0,670.0,300.0,1200.0,3,Kolar,Tomato,Karnataka,True,True
2025-02-13,kolar,746.0,635.0,300.0,1165.0,4,Kolar,Tomato,Karnataka,True,True
2025-02-14,kolar,617.0,816.5,350.0,1390.0,5,Kolar,Tomato,Karnataka,True,True
2025-02-15,kolar,630.0,666.0,330.0,1330.0,5,Kolar,Tomato,Karnataka,True,True
2025-02-16,kolar,794.0,800.0,300.0,1330.0,3,Kolar,Tomato,Karnataka,True,True
2025-02-17,kolar,734.0,800.0,333.0,1200.0,5,Kolar,Tomato,Karnataka,True,True
2025-02-18,kolar,668.0,755.0,350.0,1250.0,2,Kolar,Tomato,Karnataka,True,True
2025-02-19,kolar,1.0,750.0,400.0,1200.0,1,Kolar,Tomato,Karnataka,True,True
2025-02-20,kolar,772.0,800.0,600.0,1650.0,3,Kolar,Tomato,Karnataka,True,True
2025-02-21,kolar,680.0,900.0,600.0,1540.0,3,Kolar,Tomato,Karnataka,True,True
2025-02-22,kolar,610.0,750.0,350.0,1315.0,4,Kolar,Tomato,Karnataka,True,True
2025-02-23,kolar,619.0,880.0,400.0,1000.0,3,Kolar,Tomato,Karnataka,True,True
2025-02-24,kolar,631.0,750.0,350.0,1180.0,6,Kolar,Tomato,Karnataka,True,True
2025-02-25,kolar,642.0,600.0,300.0,1000.0,2,Kolar,Tomato,Karnataka,True,True
2025-02-26,kolar,518.0,565.0,325.0,1000.0,4,Kolar,Tomato,Karnataka,True,True
2025-02-27,kolar,3.0,600.0,300.0,1000.0,3,Kolar,Tomato,Karnataka,True,True
2025-02-28,kolar,439.0,595.0,300.0,950.0,4,Kolar,Tomato,Karnataka,True,True
2025-03-01,kolar,651.0,530.0,300.0,1200.0,3,Kolar,Tomato,Karnataka,True,True
2025-03-02,kolar,651.0,530.0,300.0,1200.0,0,Kolar,Tomato,Karnataka,False,False
2025-03-03,kolar,4.0,600.0,265.0,1030.0,2,Kolar,Tomato,Karnataka,True,True
2025-03-04,kolar,4.0,530.0,230.0,800.0,1,Kolar,Tomato,Karnataka,False,True
2025-03-05,kolar,4.0,530.0,230.0,800.0,0,Kolar,Tomato,Karnataka,False,False
2025-03-06,kolar,,530.0,230.0,800.0,0,Kolar,Tomato,Karnataka,False,False
2025-03-07,kolar,,530.0,230.0,800.0,0,Kolar,Tomato,Karnataka,False,False
2025-03-08,kolar,,,,,0,Kolar,Tomato,Karnataka,False,False
2025-03-09,kolar,,,,,0,Kolar,Tomato,Karnataka,False,False
2025-03-10,kolar,,,,,0,Kolar,Tomato,Karnataka,False,False
2025-03-11,kolar,,600.0,330.0,1000.0,1,Kolar,Tomato,Karnataka,False,True
2025-03-12,kolar,701.0,530.0,265.0,830.0,2,Kolar,Tomato,Karnataka,True,True
2025-03-13,kolar,639.0,530.0,330.0,1000.0,2,Kolar,Tomato,Karnataka,True,True
2025-03-14,kolar,569.0,600.0,330.0,1000.0,3,Kolar,Tomato,Karnataka,True,True
2025-03-15,kolar,472.0,690.0,365.0,1155.0,2,Kolar,Tomato,Karnataka,True,True
2025-03-16,kolar,535.0,670.0,365.0,1080.0,2,Kolar,Tomato,Karnataka,True,True
2025-03-17,kolar,677.0,600.0,333.0,1000.0,2,Kolar,Tomato,Karnataka,True,True
2025-03-18,kolar,842.0,530.0,316.5,930.0,2,Kolar,Tomato,Karnataka,True,True
2025-03-19,kolar,542.0,460.0,300.0,860.0,1,Kolar,Tomato,Karnataka,True,True
2025-03-20,kolar,542.0,460.0,300.0,860.0,0,Kolar,Tomato,Karnataka,False,False
2025-03-21,kolar,571.0,530.0,300.0,930.0,1,Kolar,Tomato,Karnataka,True,True
2025-03-22,kolar,573.0,685.0,350.0,1105.0,2,Kolar,Tomato,Karnataka,True,True
2025-03-23,kolar,527.0,685.0,365.0,1105.0,2,Kolar,Tomato,Karnataka,True,True
2025-03-24,kolar,494.0,530.0,265.0,830.0,3,Kolar,Tomato,Karnataka,True,True
2025-03-25,kolar,507.0,460.0,200.0,630.0,1,Kolar,Tomato,Karnataka,True,True
2025-03-26,kolar,636.0,495.0,250.0,730.0,2,Kolar,Tomato,Karnataka,True,True
2025-03-27,kolar,531.0,460.0,300.0,930.0,3,Kolar,Tomato,Karnataka,True,True
2025-03-28,kolar,546.0,530.0,300.0,1000.0,3,Kolar,Tomato,Karnataka,True,True
2025-03-29,kolar,515.0,630.0,395.0,1000.0,2,Kolar,Tomato,Karnataka,True,True
2025-03-30,kolar,477.0,865.0,395.0,1435.0,2,Kolar,Tomato,Karnataka,True,True
2025-03-31,kolar,70.0,810.0,530.0,1150.0,3,Kolar,Tomato,Karnataka,True,True
2025-04-01,kolar,70.0,810.0,530.0,1150.0,0,Kolar,Tomato,Karnataka,False,False
2025-04-02,kolar,489.0,660.0,330.0,1000.0,1,Kolar,Tomato,Karnataka,True,True
2025-04-03,kolar,810.0,460.0,300.0,800.0,1,Kolar,Tomato,Karnataka,True,True
2025-04-04,kolar,588.0,565.0,265.0,865.0,2,Kolar,Tomato,Karnataka,True,True
2025-04-05,kolar,646.0,600.0,330.0,1060.0,3,Kolar,Tomato,Karnataka,True,True
2025-04-06,kolar,530.0,660.0,295.0,1030.0,2,Kolar,Tomato,Karnataka,True,True
2025-04-07,kolar,538.0,660.0,330.0,1060.0,1,Kolar,Tomato,Karnataka,True,True
2025-04-08,kolar,151.0,633.0,281.5,1000.0,2,Kolar,Tomato,Karnataka,True,True
2025-04-09,kolar,764.0,920.0,460.0,1390.0,2,Kolar,Tomato,Karnataka,True,True
2025-04-10,kolar,494.0,730.0,330.0,1130.0,1,Kolar,Tomato,Karnataka,True,True
2025-04-11,kolar,663.0,660.0,330.0,800.0,1,Kolar,Tomato,Karnataka,True,True
2025-04-12,kolar,524.0,660.0,330.0,800.0,1,Kolar,Tomato,Karnataka,True,True
2025-04-13,kolar,653.0,600.0,330.0,1066.0,1,Kolar,Tomato,Karnataka,True,True
2025-04-14,kolar,505.0,600.0,265.0,900.0,2,Kolar,Tomato,Karnataka,True,True
2025-04-15,kolar,672.0,530.0,200.0,660.0,1,Kolar,Tomato,Karnataka,True,True
2025-04-16,kolar,672.0,600.0,200.0,1330.0,1,Kolar,Tomato,Karnataka,False,True
2025-04-17,kolar,672.0,600.0,200.0,1330.0,0,Kolar,Tomato,Karnataka,False,False
2025-04-18,kolar,786.0,666.0,333.0,1000.0,5,Kolar,Tomato,Karnataka,True,True
2025-04-19,kolar,857.0,600.0,333.0,1000.0,5,Kolar,Tomato,Karnataka,True,True
2025-04-20,kolar,639.0,800.0,395.0,1270.0,2,Kolar,Tomato,Karnataka,True,True
2025-04-21,kolar,639.0,600.0,230.0,1000.0,2,Kolar,Tomato,Karnataka,True,True
2025-04-22,kolar,668.0,530.0,250.0,895.0,2,Kolar,Tomato,Karnataka,True,True
2025-04-23,kolar,698.0,495.0,250.0,895.0,2,Kolar,Tomato,Karnataka,True,True
2025-04-24,kolar,757.0,460.0,250.0,795.0,2,Kolar,Tomato,Karnataka,True,True
2025-04-25,kolar,757.0,460.0,300.0,860.0,3,Kolar,Tomato,Karnataka,True,True
2025-04-26,kolar,674.0,700.0,380.0,1127.0,2,Kolar,Tomato,Karnataka,True,True
2025-04-27,kolar,798.0,765.0,380.0,1200.0,2,Kolar,Tomato,Karnataka,True,True
2025-04-28,kolar,661.0,600.0,300.0,930.0,3,Kolar,Tomato,Karnataka,True,True
2025-04-29,kolar,661.0,600.0,300.0,930.0,0,Kolar,Tomato,Karnataka,False,False
2025-04-30,kolar,661.0,600.0,300.0,930.0,0,Kolar,Tomato,Karnataka,False,False
2025-05-01,kolar,1074.0,565.0,250.0,860.0,2,Kolar,Tomato,Karnataka,True,True
2025-05-02,kolar,1074.0,500.0,200.0,660.0,2,Kolar,Tomato,Karnataka,False,True
2025-05-03,kolar,5.0,850.0,450.0,1000.0,4,Kolar,Tomato,Karnataka,True,True
2025-05-04,kolar,5.0,842.5,500.0,1192.5,2,Kolar,Tomato,Karnataka,False,True
2025-05-05,kolar,894.0,690.0,350.0,1055.0,2,Kolar,Tomato,Karnataka,True,True
2025-05-06,kolar,1294.0,531.5,300.0,800.0,2,Kolar,Tomato,Karnataka,True,True
2025-05-07,kolar,1694.0,460.0,250.0,800.0,4,Kolar,Tomato,Karnataka,True,True
2025-05-08,kolar,1073.0,530.0,250.0,795.0,2,Kolar,Tomato,Karnataka,True,True
2025-05-09,kolar,1313.0,498.5,283.5,730.0,2,Kolar,Tomato,Karnataka,True,True
2025-05-10,kolar,1353.0,498.0,316.5,700.0,2,Kolar,Tomato,Karnataka,True,True
2025-05-11,kolar,1310.0,566.5,316.5,763.5,2,Kolar,Tomato,Karnataka,True,True
2025-05-12,kolar,1371.0,533.0,330.0,800.0,3,Kolar,Tomato,Karnataka,True,True
2025-05-13,kolar,1265.0,600.0,530.0,1000.0,1,Kolar,Tomato,Karnataka,True,True
2025-05-14,kolar,1328.0,530.0,265.0,4700.0,2,Kolar,Tomato,Karnataka,True,True
2025-05-15,kolar,1655.0,560.0,300.0,930.0,3,Kolar,Tomato,Karnataka,True,True
2025-05-16,kolar,1327.0,460.0,300.0,800.0,3,Kolar,Tomato,Karnataka,True,True
2025-05-17,kolar,1336.0,600.0,280.0,1030.0,2,Kolar,Tomato,Karnataka,True,True
2025-05-18,kolar,1336.0,600.0,280.0,1030.0,0,Kolar,Tomato,Karnataka,False,False
2025-05-19,kolar,1089.0,600.0,330.0,1130.0,1,Kolar,Tomato,Karnataka,True,True
2025-05-20,kolar,1317.0,630.0,365.0,1163.5,2,Kolar,Tomato,Karnataka,True,True
2025-05-21,kolar,1745.0,635.0,315.0,1230.0,2,Kolar,Tomato,Karnataka,True,True
2025-05-22,kolar,338.0,613.0,250.0,898.0,2,Kolar,Tomato,Karnataka,True,True
2025-05-23,kolar,227.0,596.5,233.5,866.5,2,Kolar,Tomato,Karnataka,True,True
2025-05-24,kolar,188.0,696.5,266.5,933.5,2,Kolar,Tomato,Karnataka,True,True
2025-05-25,kolar,165.0,696.5,281.5,998.5,2,Kolar,Tomato,Karnataka,True,True
2025-05-26,kolar,105.0,660.0,230.0,1060.0,1,Kolar,Tomato,Karnataka,True,True
2025-05-27,kolar,2361.0,316.5,191.5,525.0,2,Kolar,Tomato,Karnataka,True,True
2025-05-28,kolar,2211.0,596.5,266.5,930.0,2,Kolar,Tomato,Karnataka,True,True
2025-05-29,kolar,2921.0,630.0,298.5,965.0,4,Kolar,Tomato,Karnataka,True,True
2025-05-30,kolar,2526.0,717.5,366.5,833.0,2,Kolar,Tomato,Karnataka,True,True
2025-05-31,kolar,206.0,758.5,416.5,900.0,2,Kolar,Tomato,Karnataka,True,True
2025-06-01,kolar,268.0,600.0,400.0,1000.0,1,Kolar,Tomato,Karnataka,True,True
2025-06-02,kolar,2487.0,867.0,365.0,1065.0,3,Kolar,Tomato,Karnataka,True,True
2025-06-03,kolar,2160.0,1100.0,330.0,1860.0,2,Kolar,Tomato,Karnataka,True,True
2025-06-04,kolar,2719.0,1000.0,331.5,1596.5,4,Kolar,Tomato,Karnataka,True,True
2025-06-05,kolar,2350.0,1130.0,365.0,1830.0,2,Kolar,Tomato,Karnataka,True,True
2025-06-06,kolar,2492.0,1065.0,430.0,1495.0,4,Kolar,Tomato,Karnataka,True,True
2025-06-07,kolar,1809.0,1205.0,395.0,1695.0,4,Kolar,Tomato,Karnataka,True,True
2025-06-08,kolar,1980.0,1260.0,330.0,1860.0,3,Kolar,Tomato,Karnataka,True,True
2025-06-09,kolar,1842.0,1565.0,330.0,2000.0,3,Kolar,Tomato,Karnataka,True,True
2025-06-10,kolar,2507.0,1495.0,430.0,2415.0,2,Kolar,Tomato,Karnataka,True,True
2025-06-11,kolar,3359.0,1330.0,533.0,2150.0,3,Kolar,Tomato,Karnataka,True,True
2025-06-12,kolar,3834.0,1395.0,400.0,2033.5,4,Kolar,Tomato,Karnataka,True,True
2025-06-13,kolar,3848.0,1000.0,366.5,1833.0,4,Kolar,Tomato,Karnataka,True,True
2025-06-14,kolar,3885.0,1000.0,330.0,1666.0,3,Kolar,Tomato,Karnataka,True,True
2025-06-15,kolar,3220.0,1066.0,330.0,1866.0,3,Kolar,Tomato,Karnataka,True,True
2025-06-16,kolar,3441.0,1200.0,330.0,1660.0,3,Kolar,Tomato,Karnataka,True,True
2025-06-17,kolar,3343.0,1000.0,300.0,1666.0,3,Kolar,Tomato,Karnataka,True,True
2025-06-18,kolar,3614.0,1066.0,330.0,1666.0,3,Kolar,Tomato,Karnataka,True,True
2025-06-19,kolar,3614.0,855.0,415.0,1165.0,2,Kolar,Tomato,Karnataka,False,True
2025-06-20,kolar,2945.0,1000.0,400.0,1540.0,3,Kolar,Tomato,Karnataka,True,True
2025-06-21,kolar,361.0,1095.0,396.5,1515.0,4,Kolar,Tomato,Karnataka,True,True
2025-06-22,kolar,431.0,1125.0,396.5,1795.0,4,Kolar,Tomato,Karnataka,True,True
2025-06-23,kolar,2464.0,1330.0,333.0,1866.0,3,Kolar,Tomato,Karnataka,True,True
2025-06-24,kolar,2855.0,1400.0,330.0,2130.0,3,Kolar,Tomato,Karnataka,True,True
2025-06-25,kolar,319.0,1330.0,331.5,1898.0,2,Kolar,Tomato,Karnataka,True,True
2025-06-26,kolar,433.0,1331.5,331.5,2033.0,2,Kolar,Tomato,Karnataka,True,True
2025-06-27,kolar,2841.0,1460.0,330.0,2330.0,3,Kolar,Tomato,Karnataka,True,True
2025-06-28,kolar,2552.0,1595.0,395.0,2430.0,2,Kolar,Tomato,Karnataka,True,True
2025-06-29,kolar,2393.0,1630.0,415.0,2495.0,2,Kolar,Tomato,Karnataka,True,True
2025-06-30,kolar,2471.0,1600.0,400.0,2400.0,3,Kolar,Tomato,Karnataka,True,True
2025-07-01,kolar,2471.0,1600.0,330.0,2800.0,2,Kolar,Tomato,Karnataka,False,True
2025-07-02,kolar,2471.0,1500.0,1000.0,1800.0,1,Kolar,Tomato,Karnataka,False,True
2025-07-03,kolar,2414.0,1660.0,400.0,2660.0,3,Kolar,Tomato,Karnataka,True,True
2025-07-04,kolar,2326.0,1300.0,1000.0,1600.0,2,Kolar,Tomato,Karnataka,True,True
2025-07-05,kolar,2542.0,1600.0,330.0,2660.0,3,Kolar,Tomato,Karnataka,True,True
2025-07-06,kolar,2416.0,1500.0,330.0,2330.0,3,Kolar,Tomato,Karnataka,True,True
2025-07-07,kolar,2360.0,1530.0,330.0,2530.0,3,Kolar,Tomato,Karnataka,True,True
2025-07-08,kolar,2337.0,1630.0,330.0,2730.0,2,Kolar,Tomato,Karnataka,True,True
2025-07-09,kolar,2337.0,1700.0,915.0,2330.0,2,Kolar,Tomato,Karnataka,False,True
2025-07-10,kolar,2571.0,1735.0,915.0,2400.0,2,Kolar,Tomato,Karnataka,True,True
2025-07-11,kolar,2883.0,1460.0,330.0,2530.0,2,Kolar,Tomato,Karnataka,True,True
2025-07-12,kolar,2999.0,1460.0,330.0,2530.0,3,Kolar,Tomato,Karnataka,True,True
2025-07-13,kolar,2996.0,1560.0,330.0,2560.0,2,Kolar,Tomato,Karnataka,True,True
2025-07-14,kolar,2996.0,1415.0,565.0,2015.0,2,Kolar,Tomato,Karnataka,False,True
2025-07-15,kolar,2802.0,1600.0,330.0,2660.0,1,Kolar,Tomato,Karnataka,True,True
2025-07-16,kolar,2802.0,1415.0,465.0,2015.0,2,Kolar,Tomato,Karnataka,False,True
2025-07-17,kolar,2226.0,1460.0,330.0,2530.0,2,Kolar,Tomato,Karnataka,True,True
2025-07-18,kolar,2307.0,1530.0,330.0,2660.0,1,Kolar,Tomato,Karnataka,True,True
2025-07-19,kolar,1958.0,1330.0,330.0,2330.0,3,Kolar,Tomato,Karnataka,True,True
2025-07-20,kolar,2251.0,1530.0,530.0,2800.0,3,Kolar,Tomato,Karnataka,True,True
2025-07-21,kolar,2251.0,1460.0,330.0,2600.0,2,Kolar,Tomato,Karnataka,False,True
2025-07-22,kolar,2403.0,2095.0,495.0,3995.0,2,Kolar,Tomato,Karnataka,True,True
2025-07-23,kolar,2395.0,1860.0,530.0,3330.0,3,Kolar,Tomato,Karnataka,True,True
2025-07-24,kolar,2352.0,1660.0,530.0,3200.0,3,Kolar,Tomato,Karnataka,True,True
2025-07-25,kolar,2352.0,1660.0,530.0,3200.0,0,Kolar,Tomato,Karnataka,False,False
2025-07-26,kolar,2352.0,1800.0,530.0,3330.0,1,Kolar,Tomato,Karnataka,False,True
2025-07-27,kolar,,1660.0,530.0,3660.0,1,Kolar,Tomato,Karnataka,False,True
2025-07-28,kolar,94.0,2500.0,598.5,3800.0,2,Kolar,Tomato,Karnataka,True,True
2025-07-29,kolar,2004.0,2200.0,930.0,4133.0,2,Kolar,Tomato,Karnataka,True,True
2025-07-30,kolar,2317.0,2300.0,663.5,3463.5,4,Kolar,Tomato,Karnataka,True,True
2025-07-31,kolar,2331.0,2100.0,830.0,3500.0,4,Kolar,Tomato,Karnataka,True,True
2025-08-01,kolar,2366.0,2250.0,531.5,3600.0,4,Kolar,Tomato,Karnataka,True,True
2025-08-02,kolar,2089.0,1860.0,866.0,3000.0,3,Kolar,Tomato,Karnataka,True,True
2025-08-03,kolar,2382.0,2200.0,533.0,2667.0,3,Kolar,Tomato,Karnataka,True,True
2025-08-04,kolar,51.0,1816.5,1266.5,2516.5,2,Kolar,Tomato,Karnataka,True,True
2025-08-05,kolar,1975.0,2065.0,495.0,4430.0,2,Kolar,Tomato,Karnataka,True,True
2025-08-06,kolar,1934.0,2030.0,865.0,3750.0,4,Kolar,Tomato,Karnataka,True,True
2025-08-07,kolar,53.0,2333.0,467.0,3000.0,3,Kolar,Tomato,Karnataka,True,True
2025-08-08,kolar,1905.0,1965.0,563.0,3430.0,4,Kolar,Tomato,Karnataka,True,True
2025-08-09,kolar,1741.0,2233.5,496.5,3430.0,4,Kolar,Tomato,Karnataka,True,True
2025-08-10,kolar,10.0,1660.0,1066.0,3333.0,3,Kolar,Tomato,Karnataka,True,True
2025-08-11,kolar,1795.0,2250.0,1265.0,3500.0,3,Kolar,Tomato,Karnataka,True,True
2025-08-12,kolar,1706.0,2000.0,430.0,4130.0,3,Kolar,Tomato,Karnataka,True,True
2025-08-13,kolar,1461.0,2216.5,531.5,3333.5,4,Kolar,Tomato,Karnataka,True,True
2025-08-14,kolar,1461.0,2300.0,1800.0,2500.0,1,Kolar,Tomato,Karnataka,False,True
2025-08-15,kolar,1567.0,2030.0,531.5,4330.0,4,Kolar,Tomato,Karnataka,True,True
2025-08-16,kolar,1637.0,1930.0,530.0,4000.0,3,Kolar,Tomato,Karnataka,True,True
2025-08-17,kolar,1585.0,2000.0,400.0,4000.0,3,Kolar,Tomato,Karnataka,True,True
2025-08-18,kolar,151.0,1930.0,460.0,4000.0,3,Kolar,Tomato,Karnataka,True,True
2025-08-19,kolar,151.0,1800.0,460.0,3860.0,1,Kolar,Tomato,Karnataka,False,True
2025-08-20,kolar,1453.0,2000.0,460.0,4000.0,3,Kolar,Tomato,Karnataka,True,True
2025-08-21,kolar,1347.0,2000.0,460.0,4000.0,0,Kolar,Tomato,Karnataka,True,False
2025-08-22,kolar,1699.0,1900.0,465.0,3833.0,2,Kolar,Tomato,Karnataka,True,True
2025-08-23,kolar,1830.0,1860.0,530.0,3660.0,3,Kolar,Tomato,Karnataka,True,True
2025-08-24,kolar,1612.0,1733.0,465.0,3331.5,2,Kolar,Tomato,Karnataka,True,True
2025-08-25,kolar,145.0,1565.0,331.5,3163.0,2,Kolar,Tomato,Karnataka,True,True
2025-08-26,kolar,145.0,1565.0,331.5,3163.0,0,Kolar,Tomato,Karnataka,False,False
2025-08-27,kolar,145.0,3000.0,2500.0,3500.0,1,Kolar,Tomato,Karnataka,False,True
2025-08-28,kolar,1313.0,1660.0,330.0,2660.0,3,Kolar,Tomato,Karnataka,True,True
2025-08-29,kolar,1750.0,1165.0,280.0,2000.0,2,Kolar,Tomato,Karnataka,True,True
2025-08-30,kolar,1932.0,1200.0,280.0,2000.0,2,Kolar,Tomato,Karnataka,True,True
2025-08-31,kolar,1590.0,1265.0,295.0,2265.0,2,Kolar,Tomato,Karnataka,True,True
2025-09-01,kolar,1590.0,1265.0,295.0,2265.0,0,Kolar,Tomato,Karnataka,False,False
2025-09-02,kolar,1755.0,1530.0,300.0,2660.0,1,Kolar,Tomato,Karnataka,True,True
2025-09-03,kolar,1787.0,2455.0,1415.0,3150.0,2,Kolar,Tomato,Karnataka,True,True
2025-09-04,kolar,1787.0,2215.0,1130.0,2500.0,2,Kolar,Tomato,Karnataka,False,True
2025-09-05,kolar,1770.0,1130.0,333.0,1950.0,5,Kolar,Tomato,Karnataka,True,True
2025-09-06,kolar,1726.0,1060.0,333.0,1860.0,4,Kolar,Tomato,Karnataka,True,True
2025-09-07,kolar,1410.0,1500.0,900.0,2000.0,2,Kolar,Tomato,Karnataka,True,True
2025-09-08,kolar,1415.0,1130.0,300.0,2000.0,3,Kolar,Tomato,Karnataka,True,True
2025-09-09,kolar,1460.0,960.0,295.0,1630.0,2,Kolar,Tomato,Karnataka,True,True
2025-09-10,kolar,1635.0,1000.0,333.0,1660.0,5,Kolar,Tomato,Karnataka,True,True
2025-09-11,kolar,1422.0,1060.0,333.0,1730.0,5,Kolar,Tomato,Karnataka,True,True
2025-09-12,kolar,1434.0,1000.0,333.0,1600.0,2,Kolar,Tomato,Karnataka,True,True
2025-09-13,kolar,1510.0,1100.0,666.5,1865.0,4,Kolar,Tomato,Karnataka,True,True
2025-09-14,kolar,1569.0,930.0,333.0,1660.0,3,Kolar,Tomato,Karnataka,True,True
2025-09-15,kolar,1458.0,900.0,331.5,1550.0,4,Kolar,Tomato,Karnataka,True,True
2025-09-16,kolar,1277.0,1060.0,330.0,1860.0,3,Kolar,Tomato,Karnataka,True,True
2025-09-17,kolar,104.65,1130.0,330.0,1660.0,3,Kolar,Tomato,Karnataka,True,True
2025-09-18,kolar,120.44,1066.0,330.0,1866.0,4,Kolar,Tomato,Karnataka,True,True
2025-09-19,kolar,131.55,1200.0,333.0,2000.0,5,Kolar,Tomato,Karnataka,True,True
2025-09-20,kolar,106.7,1200.0,330.0,2000.0,3,Kolar,Tomato,Karnataka,True,True
2025-09-21,kolar,116.0,1515.0,700.0,2400.0,2,Kolar,Tomato,Karnataka,True,True
2025-09-22,kolar,126.71,1240.0,365.0,2290.0,2,Kolar,Tomato,Karnataka,True,True
2025-09-23,kolar,161.98,1330.0,333.0,2500.0,3,Kolar,Tomato,Karnataka,True,True
2025-09-24,kolar,156.67,1000.0,330.0,2000.0,1,Kolar,Tomato,Karnataka,True,True
2025-09-25,kolar,140.35,1350.0,665.0,2065.0,4,Kolar,Tomato,Karnataka,True,True
2025-09-26,kolar,150.66,1000.0,800.0,1660.0,3,Kolar,Tomato,Karnataka,True,True
2025-09-27,kolar,133.99,1600.0,1200.0,2000.0,3,Kolar,Tomato,Karnataka,True,True
2025-09-28,kolar,133.99,1500.0,1000.0,2000.0,1,Kolar,Tomato,Karnataka,False,True
2025-09-29,kolar,133.99,1600.0,1350.0,1800.0,2,Kolar,Tomato,Karnataka,False,True
2025-09-30,kolar,,1600.0,1350.0,1800.0,0,Kolar,Tomato,Karnataka,False,False
2025-10-01,kolar,,1600.0,1350.0,1800.0,0,Kolar,Tomato,Karnataka,False,False
2025-10-02,kolar,106.8,1200.0,330.0,2000.0,3,Kolar,Tomato,Karnataka,True,True
2025-10-03,kolar,95.52,1065.0,515.0,1860.0,4,Kolar,Tomato,Karnataka,True,True
2025-10-04,kolar,132.5,1200.0,330.0,2000.0,3,Kolar,Tomato,Karnataka,True,True
2025-10-05,kolar,132.5,1000.0,330.0,1660.0,1,Kolar,Tomato,Karnataka,False,True
2025-10-06,kolar,132.5,1000.0,330.0,1730.0,1,Kolar,Tomato,Karnataka,False,True
2025-10-07,kolar,,800.0,400.0,1000.0,1,Kolar,Tomato,Karnataka,False,True
2025-10-08,kolar,153.78,710.0,450.0,1000.0,1,Kolar,Tomato,Karnataka,True,True
2025-10-09,kolar,153.78,1000.0,900.0,1500.0,1,Kolar,Tomato,Karnataka,False,True
2025-10-10,kolar,16.22,1000.0,400.0,1540.0,3,Kolar,Tomato,Karnataka,True,True
2025-10-11,kolar,16.06,941.5,366.5,1590.0,4,Kolar,Tomato,Karnataka,True,True
2025-10-12,kolar,16.06,940.0,400.0,1500.0,1,Kolar,Tomato,Karnataka,False,True
2025-10-13,kolar,15.56,1020.0,366.5,1745.0,4,Kolar,Tomato,Karnataka,True,True
2025-10-14,kolar,129.64,1130.0,300.0,1660.0,1,Kolar,Tomato,Karnataka,True,True
2025-10-15,kolar,153.09,1230.0,330.0,2000.0,2,Kolar,Tomato,Karnataka,True,True
2025-10-16,kolar,158.69,1200.0,800.0,1800.0,2,Kolar,Tomato,Karnataka,True,True
2025-10-17,kolar,158.69,1000.0,800.0,1200.0,1,Kolar,Tomato,Karnataka,False,True
2025-10-18,kolar,158.69,1333.0,1000.0,1660.0,3,Kolar,Tomato,Karnataka,False,True
2025-10-19,kolar,,1333.0,1000.0,1660.0,0,Kolar,Tomato,Karnataka,False,False
2025-10-20,kolar,143.6,1010.0,366.5,1658.0,4,Kolar,Tomato,Karnataka,True,True
2025-10-21,kolar,95.98,1133.0,366.5,1770.0,4,Kolar,Tomato,Karnataka,True,True
2025-10-22,kolar,95.98,1500.0,1000.0,2000.0,3,Kolar,Tomato,Karnataka,False,True
2025-10-23,kolar,95.98,1330.0,700.0,2500.0,3,Kolar,Tomato,Karnataka,False,True
2025-10-24,kolar,,1000.0,300.0,1660.0,3,Kolar,Tomato,Karnataka,False,True
2025-10-25,kolar,,1500.0,1000.0,1800.0,1,Kolar,Tomato,Karnataka,False,True
2025-10-26,kolar,147.0,1330.0,330.0,2000.0,3,Kolar,Tomato,Karnataka,True,True
2025-10-27,kolar,134.32,1395.0,330.0,2200.0,3,Kolar,Tomato,Karnataka,True,True
2025-10-28,kolar,171.17,1330.0,330.0,2200.0,1,Kolar,Tomato,Karnataka,True,True
2025-10-29,kolar,109.67,1260.0,330.0,2000.0,3,Kolar,Tomato,Karnataka,True,True
2025-10-30,kolar,159.07,1415.0,440.0,2000.0,4,Kolar,Tomato,Karnataka,True,True
2025-10-31,kolar,144.37,1458.0,800.0,1885.0,2,Kolar,Tomato,Karnataka,True,True
2025-11-01,kolar,169.7,1058.0,365.0,1715.0,8,Kolar,Tomato,Karnataka,True,True
2025-11-02,kolar,169.7,1095.0,350.0,1790.0,4,Kolar,Tomato,Karnataka,False,True
2025-11-03,kolar,174.78,1400.0,430.0,2000.0,4,Kolar,Tomato,Karnataka,True,True
2025-11-04,kolar,22.9,1466.0,1000.0,2333.0,4,Kolar,Tomato,Karnataka,True,True
2025-11-05,kolar,22.9,1750.0,1350.0,2150.0,2,Kolar,Tomato,Karnataka,False,True
2025-11-06,kolar,1315.8,1130.0,415.0,1900.0,4,Kolar,Tomato,Karnataka,True,True
2025-11-07,kolar,1315.8,2000.0,1000.0,2692.0,1,Kolar,Tomato,Karnataka,False,True
2025-11-08,kolar,1476.5,1330.0,330.0,2000.0,1,Kolar,Tomato,Karnataka,True,True
2025-11-09,kolar,1476.5,1330.0,330.0,2000.0,0,Kolar,Tomato,Karnataka,False,False
2025-11-10,kolar,2.5,1650.0,1250.0,2000.0,3,Kolar,Tomato,Karnataka,True,True
2025-11-11,kolar,1.9,1165.0,700.0,2265.0,2,Kolar,Tomato,Karnataka,True,True
2025-11-12,kolar,1.5,1599.0,923.0,2484.0,4,Kolar,Tomato,Karnataka,True,True
2025-11-13,kolar,1703.5,2465.0,850.0,3416.5,5,Kolar,Tomato,Karnataka,True,True
2025-11-14,kolar,2.2,2000.0,1000.0,3000.0,4,Kolar,Tomato,Karnataka,True,True
2025-11-15,kolar,2.2,2154.0,846.0,2615.0,1,Kolar,Tomato,Karnataka,False,True
2025-11-16,kolar,2.2,2154.0,846.0,2615.0,0,Kolar,Tomato,Karnataka,False,False
2025-11-17,kolar,1323.0,1830.0,700.0,3065.0,4,Kolar,Tomato,Karnataka,True,True
2025-11-18,kolar,1032.4,1865.0,688.0,3203.5,4,Kolar,Tomato,Karnataka,True,True
2025-11-19,kolar,1186.8,1865.0,688.0,3011.0,4,Kolar,Tomato,Karnataka,True,True
2025-11-20,kolar,1064.5,2130.0,660.0,3400.0,3,Kolar,Tomato,Karnataka,True,True
2025-11-21,kolar,1.7,1915.0,765.0,2930.0,2,Kolar,Tomato,Karnataka,True,True
2025-11-22,kolar,1.7,1915.0,765.0,2930.0,0,Kolar,Tomato,Karnataka,False,False
2025-11-23,kolar,1.7,1915.0,765.0,2930.0,0,Kolar,Tomato,Karnataka,False,False
2025-11-24,kolar,2.5,1915.0,765.0,3165.0,2,Kolar,Tomato,Karnataka,True,True
2025-11-25,kolar,2.0,2165.0,1015.0,3415.0,2,Kolar,Tomato,Karnataka,True,True
2025-11-26,kolar,1.9,2130.0,1000.0,3846.0,3,Kolar,Tomato,Karnataka,True,True
2025-11-27,kolar,186.7,2266.5,1300.0,3396.0,4,Kolar,Tomato,Karnataka,True,True
2025-11-28,kolar,167.1,2500.0,1266.0,3533.0,3,Kolar,Tomato,Karnataka,True,True
2025-11-29,kolar,2.3,3250.0,1500.0,3503.5,2,Kolar,Tomato,Karnataka,True,True
2025-11-30,kolar,2.3,2693.0,770.0,4616.0,1,Kolar,Tomato,Karnataka,False,True
2025-12-01,kolar,89.5,2500.0,1333.0,3130.0,3,Kolar,Tomato,Karnataka,True,True
2025-12-02,kolar,167.5,2500.0,800.0,3200.0,3,Kolar,Tomato,Karnataka,True,True
2025-12-03,kolar,146.3,2300.0,2100.0,4000.0,3,Kolar,Tomato,Karnataka,True,True
2025-12-04,kolar,155.9,2580.0,1700.0,3533.0,2,Kolar,Tomato,Karnataka,True,True
2025-12-05,kolar,2.2,2150.0,1200.0,3180.0,2,Kolar,Tomato,Karnataka,True,True
2025-12-06,kolar,1058.7,2115.0,1200.0,3280.0,2,Kolar,Tomato,Karnataka,True,True
2025-12-07,kolar,1058.7,2115.0,1200.0,3280.0,0,Kolar,Tomato,Karnataka,False,False
2025-12-08,kolar,197.6,1530.0,400.0,3000.0,3,Kolar,Tomato,Karnataka,True,True
2025-12-09,kolar,220.0,1230.0,550.0,2050.0,3,Kolar,Tomato,Karnataka,True,True
2025-12-10,kolar,181.1,1500.0,666.5,2580.0,3,Kolar,Tomato,Karnataka,True,True
2025-12-11,kolar,113.7,1533.0,765.0,2999.5,2,Kolar,Tomato,Karnataka,True,True
2025-12-12,kolar,113.7,1460.0,700.0,2800.0,3,Kolar,Tomato,Karnataka,False,True
2025-12-13,kolar,113.7,1460.0,700.0,2800.0,0,Kolar,Tomato,Karnataka,False,False
2025-12-14,kolar,,1460.0,700.0,2800.0,0,Kolar,Tomato,Karnataka,False,False
2025-12-15,kolar,134.2,1666.0,400.0,3333.0,3,Kolar,Tomato,Karnataka,True,True
2025-12-16,kolar,171.9,2000.0,400.0,3666.0,1,Kolar,Tomato,Karnataka,True,True
2025-12-17,kolar,1186.5,1960.0,465.0,3995.0,3,Kolar,Tomato,Karnataka,True,True
2025-12-18,kolar,897.5,2250.0,1000.0,3038.5,4,Kolar,Tomato,Karnataka,True,True
2025-12-19,kolar,110.9,1750.0,1000.0,3365.0,3,Kolar,Tomato,Karnataka,True,True
2025-12-20,kolar,1018.6,2131.5,700.0,4231.5,6,Kolar,Tomato,Karnataka,True,True
2025-12-21,kolar,1018.6,2131.5,700.0,4231.5,0,Kolar,Tomato,Karnataka,False,False
2025-12-22,kolar,945.8,2065.0,1000.0,3150.0,3,Kolar,Tomato,Karnataka,True,True
2025-12-23,kolar,77.2,2215.0,866.5,4200.0,3,Kolar,Tomato,Karnataka,True,True
2025-12-24,kolar,150.6,2300.0,1000.0,4231.0,5,Kolar,Tomato,Karnataka,True,True
2025-12-25,kolar,150.6,2300.0,1000.0,4231.0,0,Kolar,Tomato,Karnataka,False,False
2025-12-26,kolar,2.1,2130.0,1000.0,4330.0,3,Kolar,Tomato,Karnataka,True,True
2025-12-27,kolar,2.1,2130.0,1000.0,4330.0,0,Kolar,Tomato,Karnataka,False,False
2025-12-28,kolar,2.1,2130.0,1000.0,4330.0,0,Kolar,Tomato,Karnataka,False,False
2025-12-29,kolar,162.2,2315.0,730.0,4431.5,4,Kolar,Tomato,Karnataka,True,True
2025-12-30,kolar,2.0,2130.0,575.0,4330.0,3,Kolar,Tomato,Karnataka,True,True
2025-12-31,kolar,33.1,2331.5,700.0,4266.5,3,Kolar,Tomato,Karnataka,True,True
2026-01-01,kolar,61.7,2500.0,866.5,3696.5,3,Kolar,Tomato,Karnataka,True,True
2026-01-02,kolar,871.9,2165.0,950.0,4196.5,4,Kolar,Tomato,Karnataka,True,True
2026-01-03,kolar,917.4,3250.0,1000.0,4665.0,4,Kolar,Tomato,Karnataka,True,True
2026-01-04,kolar,917.4,3250.0,1000.0,4665.0,0,Kolar,Tomato,Karnataka,False,False
2026-01-05,kolar,162.0,1833.0,400.0,3431.5,2,Kolar,Tomato,Karnataka,True,True
2026-01-06,kolar,171.3,1666.0,700.0,3000.0,3,Kolar,Tomato,Karnataka,True,True
2026-01-07,kolar,140.2,2000.0,1000.0,3660.0,3,Kolar,Tomato,Karnataka,True,True
2026-01-08,kolar,1.9,2000.0,1000.0,2660.0,3,Kolar,Tomato,Karnataka,True,True
2026-01-09,kolar,1.9,3096.0,2000.0,3461.5,2,Kolar,Tomato,Karnataka,False,True
2026-01-10,kolar,780.0,1400.0,330.0,2000.0,1,Kolar,Tomato,Karnataka,True,True
2026-01-11,kolar,780.0,1400.0,330.0,2000.0,0,Kolar,Tomato,Karnataka,False,False
2026-01-12,kolar,3.0,1535.0,730.0,2665.0,4,Kolar,Tomato,Karnataka,True,True
2026-01-13,kolar,1050.7,1330.0,330.0,2000.0,3,Kolar,Tomato,Karnataka,True,True
2026-01-14,kolar,844.0,1415.0,472.5,2000.0,4,Kolar,Tomato,Karnataka,True,True
2026-01-15,kolar,844.0,1415.0,472.5,2000.0,0,Kolar,Tomato,Karnataka,False,False
2026-01-16,kolar,47.2,1666.5,331.5,2165.0,2,Kolar,Tomato,Karnataka,True,True
2026-01-17,kolar,212.2,1200.0,333.0,2000.0,3,Kolar,Tomato,Karnataka,True,True
2026-01-18,kolar,212.2,1200.0,333.0,2000.0,0,Kolar,Tomato,Karnataka,False,False
2026-01-19,kolar,2.0,2000.0,1000.0,2154.0,3,Kolar,Tomato,Karnataka,True,True
2026-01-20,kolar,207.6,1150.0,630.0,1515.0,2,Kolar,Tomato,Karnataka,True,True
2026-01-21,kolar,992.0,1066.0,466.0,1666.0,4,Kolar,Tomato,Karnataka,True,True
2026-01-22,kolar,174.0,1299.5,640.5,1833.0,6,Kolar,Tomato,Karnataka,True,True
2026-01-23,kolar,7.7,866.0,533.0,1500.0,3,Kolar,Tomato,Karnataka,True,True
2026-01-24,kolar,7.7,866.0,533.0,1500.0,0,Kolar,Tomato,Karnataka,False,False
2026-01-25,kolar,7.7,866.0,533.0,1500.0,0,Kolar,Tomato,Karnataka,False,False
2026-01-26,kolar,247.0,1127.0,507.5,1692.5,4,Kolar,Tomato,Karnataka,True,True
2026-01-27,kolar,1130.0,1000.0,333.0,1500.0,5,Kolar,Tomato,Karnataka,True,True
2026-01-28,kolar,277.0,2250.0,2000.0,2500.0,2,Kolar,Tomato,Karnataka,True,True
2026-01-29,kolar,873.3,927.5,474.0,1331.5,6,Kolar,Tomato,Karnataka,True,True
2026-01-30,kolar,677.2,1077.0,423.0,1230.0,3,Kolar,Tomato,Karnataka,True,True
2026-01-31,kolar,463.7,1400.0,1000.0,1600.0,2,Kolar,Tomato,Karnataka,True,True
2026-02-01,kolar,630.0,730.0,280.0,1100.0,2,Kolar,Tomato,Karnataka,True,True
2026-02-02,kolar,168.0,1000.0,411.5,1215.0,6,Kolar,Tomato,Karnataka,True,True
2026-02-03,kolar,885.7,860.0,333.0,1154.0,5,Kolar,Tomato,Karnataka,True,True
2026-02-04,kolar,870.5,861.5,361.5,1265.0,6,Kolar,Tomato,Karnataka,True,True
2026-02-05,kolar,973.5,1000.0,423.0,1231.0,5,Kolar,Tomato,Karnataka,True,True
2026-02-06,kolar,751.4,733.0,333.0,1115.5,3,Kolar,Tomato,Karnataka,True,True
2026-02-07,kolar,482.3,730.0,300.0,1130.0,3,Kolar,Tomato,Karnataka,True,True
2026-02-08,kolar,153.5,900.0,333.0,1466.0,3,Kolar,Tomato,Karnataka,True,True
2026-02-09,kolar,700.8,865.0,358.5,1315.0,6,Kolar,Tomato,Karnataka,True,True
2026-02-10,kolar,2.8,965.0,630.0,1315.0,2,Kolar,Tomato,Karnataka,True,True
2026-02-11,kolar,934.3,833.0,359.0,1266.5,6,Kolar,Tomato,Karnataka,True,True
2026-02-12,kolar,757.3,861.5,378.0,1166.5,2,Kolar,Tomato,Karnataka,True,True
2026-02-13,kolar,2.5,1077.0,385.0,1500.0,4,Kolar,Tomato,Karnataka,True,True
2026-02-14,kolar,2.5,1058.0,385.0,1731.0,1,Kolar,Tomato,Karnataka,False,True
2026-02-15,kolar,495.0,880.5,357.5,1403.5,4,Kolar,Tomato,Karnataka,True,True
2026-02-16,kolar,495.0,1154.0,385.0,1924.0,3,Kolar,Tomato,Karnataka,False,True
2026-02-17,kolar,569.2,800.0,333.0,1200.0,4,Kolar,Tomato,Karnataka,True,True
2026-02-18,kolar,807.2,933.0,385.0,1200.0,7,Kolar,Tomato,Karnataka,True,True
2026-02-19,kolar,1186.9,660.0,300.0,1000.0,4,Kolar,Tomato,Karnataka,True,True
2026-02-20,kolar,915.8,846.0,333.0,1000.0,7,Kolar,Tomato,Karnataka,True,True
2026-02-21,kolar,937.5,929.0,429.0,1429.0,6,Kolar,Tomato,Karnataka,True,True
2026-02-22,kolar,881.5,753.0,342.0,1030.0,6,Kolar,Tomato,Karnataka,True,True
2026-02-23,kolar,789.0,666.0,358.5,1068.5,7,Kolar,Tomato,Karnataka,True,True
2026-02-24,kolar,684.6,666.0,333.0,1000.0,4,Kolar,Tomato,Karnataka,True,True
2026-02-25,kolar,763.5,846.0,384.0,1000.0,6,Kolar,Tomato,Karnataka,True,True
2026-02-26,kolar,700.7,630.0,316.5,1000.0,6,Kolar,Tomato,Karnataka,True,True
2026-02-27,kolar,932.3,600.0,384.0,1000.0,7,Kolar,Tomato,Karnataka,True,True
2026-02-28,kolar,758.0,660.0,333.0,950.0,6,Kolar,Tomato,Karnataka,True,True
2026-03-01,kolar,584.0,883.0,406.5,1247.0,5,Kolar,Tomato,Karnataka,True,True
2026-03-02,kolar,605.2,753.0,342.0,1000.0,6,Kolar,Tomato,Karnataka,True,True
2026-03-03,kolar,662.6,637.5,342.0,966.5,6,Kolar,Tomato,Karnataka,True,True
2026-03-04,kolar,627.6,1000.0,564.5,1500.0,5,Kolar,Tomato,Karnataka,True,True
2026-03-05,kolar,627.0,530.0,300.0,930.0,4,Kolar,Tomato,Karnataka,True,True
2026-03-06,kolar,679.6,1000.0,508.0,1500.0,5,Kolar,Tomato,Karnataka,True,True
2026-03-07,kolar,611.8,1182.0,429.0,1500.0,3,Kolar,Tomato,Karnataka,True,True
2026-03-08,kolar,601.6,791.5,357.0,1000.0,6,Kolar,Tomato,Karnataka,True,True
2026-03-09,kolar,540.3,1000.0,700.0,1300.0,3,Kolar,Tomato,Karnataka,True,True
2026-03-10,kolar,682.4,730.0,331.5,1000.0,6,Kolar,Tomato,Karnataka,True,True
2026-03-11,kolar,702.0,714.5,357.0,1060.0,5,Kolar,Tomato,Karnataka,True,True
2026-03-12,kolar,700.7,600.0,333.0,1000.0,6,Kolar,Tomato,Karnataka,True,True
2026-03-13,kolar,651.0,660.0,330.0,1060.0,6,Kolar,Tomato,Karnataka,True,True
2026-03-14,kolar,624.5,660.0,384.0,1060.0,7,Kolar,Tomato,Karnataka,True,True
2026-03-15,kolar,613.1,1051.0,492.0,1500.0,5,Kolar,Tomato,Karnataka,True,True
2026-03-16,kolar,522.1,769.0,384.0,1060.0,6,Kolar,Tomato,Karnataka,True,True
2026-03-17,kolar,495.4,733.0,315.0,1060.0,6,Kolar,Tomato,Karnataka,True,True
2026-03-18,kolar,833.8,615.0,333.0,1000.0,7,Kolar,Tomato,Karnataka,True,True
2026-03-19,kolar,529.0,866.0,384.0,1200.0,5,Kolar,Tomato,Karnataka,True,True
2026-03-20,kolar,519.4,833.0,333.0,1200.0,6,Kolar,Tomato,Karnataka,True,True
2026-03-21,kolar,567.8,660.0,330.0,1200.0,7,Kolar,Tomato,Karnataka,True,True
2026-03-22,kolar,797.9,600.0,300.0,1000.0,4,Kolar,Tomato,Karnataka,True,True
2026-03-23,kolar,641.4,637.5,342.0,1095.0,6,Kolar,Tomato,Karnataka,True,True
2026-03-24,kolar,696.5,600.0,330.0,1200.0,3,Kolar,Tomato,Karnataka,True,True
2026-03-25,kolar,853.9,640.5,300.0,1000.0,7,Kolar,Tomato,Karnataka,True,True
2026-03-26,kolar,620.4,734.5,442.0,950.0,4,Kolar,Tomato,Karnataka,True,True
2026-03-27,kolar,608.6,930.0,392.0,1250.0,7,Kolar,Tomato,Karnataka,True,True
2026-03-28,kolar,489.9,756.0,357.0,1100.0,7,Kolar,Tomato,Karnataka,True,True
2026-03-29,kolar,733.8,663.0,315.0,1000.0,4,Kolar,Tomato,Karnataka,True,True
2026-03-30,kolar,656.4,800.0,300.0,1330.0,5,Kolar,Tomato,Karnataka,True,True
2026-03-31,kolar,739.8,700.0,384.0,1000.0,6,Kolar,Tomato,Karnataka,True,True
2026-04-01,kolar,682.0,672.5,358.5,1150.0,8,Kolar,Tomato,Karnataka,True,True
2026-04-02,kolar,870.1,800.0,300.0,1130.0,5,Kolar,Tomato,Karnataka,True,True
2026-04-03,kolar,720.9,600.0,333.0,1060.0,7,Kolar,Tomato,Karnataka,True,True
2026-04-04,kolar,787.7,683.0,333.0,1066.0,8,Kolar,Tomato,Karnataka,True,True
2026-04-05,kolar,742.3,683.0,333.0,1066.0,0,Kolar,Tomato,Karnataka,True,False
2026-04-06,kolar,657.3,683.0,333.0,1066.0,0,Kolar,Tomato,Karnataka,True,False
2026-04-07,kolar,732.3,683.0,333.0,1066.0,0,Kolar,Tomato,Karnataka,True,False
2026-04-08,kolar,814.1,,,,0,Kolar,Tomato,Karnataka,True,False
2026-04-09,kolar,812.7,,,,0,Kolar,Tomato,Karnataka,True,False
2026-04-10,kolar,840.5,,,,0,Kolar,Tomato,Karnataka,True,False
2026-04-11,kolar,727.1,,,,0,Kolar,Tomato,Karnataka,True,False
2026-04-12,kolar,815.9,,,,0,Kolar,Tomato,Karnataka,True,False
2026-04-13,kolar,764.3,,,,0,Kolar,Tomato,Karnataka,True,False
2026-04-14,kolar,1021.9,,,,0,Kolar,Tomato,Karnataka,True,False
2026-04-15,kolar,865.6,,,,0,Kolar,Tomato,Karnataka,True,False
2026-04-16,kolar,950.1,,,,0,Kolar,Tomato,Karnataka,True,False
2026-04-17,kolar,798.5,,,,0,Kolar,Tomato,Karnataka,True,False
2026-04-18,kolar,866.9,,,,0,Kolar,Tomato,Karnataka,True,False
2026-04-19,kolar,781.6,,,,0,Kolar,Tomato,Karnataka,True,False
2026-04-20,kolar,740.9,,,,0,Kolar,Tomato,Karnataka,True,False
2026-04-21,kolar,877.2,,,,0,Kolar,Tomato,Karnataka,True,False
2026-04-22,kolar,877.2,,,,0,Kolar,Tomato,Karnataka,False,False
2026-04-23,kolar,877.2,,,,0,Kolar,Tomato,Karnataka,False,False
2026-04-24,kolar,,,,,0,Kolar,Tomato,Karnataka,False,False
2026-04-25,kolar,,,,,0,Kolar,Tomato,Karnataka,False,False
2026-04-26,kolar,,,,,0,Kolar,Tomato,Karnataka,False,False
2026-04-27,kolar,,,,,0,Kolar,Tomato,Karnataka,False,False
2026-04-28,kolar,,,,,0,Kolar,Tomato,Karnataka,False,False
2026-04-29,kolar,,,,,0,Kolar,Tomato,Karnataka,False,False
2026-04-30,kolar,,,,,0,Kolar,Tomato,Karnataka,False,False
2026-05-01,kolar,,,,,0,Kolar,Tomato,Karnataka,False,False
2026-05-02,kolar,,,,,0,Kolar,Tomato,Karnataka,False,False
2026-05-03,kolar,,,,,0,Kolar,Tomato,Karnataka,False,False
2026-05-04,kolar,,,,,0,Kolar,Tomato,Karnataka,False,False
2026-05-05,kolar,,,,,0,Kolar,Tomato,Karnataka,False,False
2026-05-06,kolar,,,,,0,Kolar,Tomato,Karnataka,False,False
2026-05-07,kolar,,,,,0,Kolar,Tomato,Karnataka,False,False
2026-05-08,kolar,,,,,0,Kolar,Tomato,Karnataka,False,False
2026-05-09,kolar,,,,,0,Kolar,Tomato,Karnataka,False,False
2026-05-10,kolar,,,,,0,Kolar,Tomato,Karnataka,False,False
2026-05-11,kolar,,,,,0,Kolar,Tomato,Karnataka,False,False
2026-05-12,kolar,,,,,0,Kolar,Tomato,Karnataka,False,False
2026-05-13,kolar,,,,,0,Kolar,Tomato,Karnataka,False,False
2026-05-14,kolar,,,,,0,Kolar,Tomato,Karnataka,False,False
2026-05-15,kolar,,,,,0,Kolar,Tomato,Karnataka,False,False
2026-05-16,kolar,,,,,0,Kolar,Tomato,Karnataka,False,False
2026-05-17,kolar,,,,,0,Kolar,Tomato,Karnataka,False,False
2026-05-18,kolar,,,,,0,Kolar,Tomato,Karnataka,False,False
2026-05-19,kolar,,,,,0,Kolar,Tomato,Karnataka,False,False
2026-05-20,kolar,,,,,0,Kolar,Tomato,Karnataka,False,False
2026-05-21,kolar,,,,,0,Kolar,Tomato,Karnataka,False,False
2026-05-22,kolar,,,,,0,Kolar,Tomato,Karnataka,False,False
2026-05-23,kolar,,,,,0,Kolar,Tomato,Karnataka,False,False
2026-05-24,kolar,,,,,0,Kolar,Tomato,Karnataka,False,False
2026-05-25,kolar,,,,,0,Kolar,Tomato,Karnataka,False,False
2026-05-26,kolar,,,,,0,Kolar,Tomato,Karnataka,False,False
2026-05-27,kolar,,,,,0,Kolar,Tomato,Karnataka,False,False
2026-05-28,kolar,,,,,0,Kolar,Tomato,Karnataka,False,False
2026-05-29,kolar,,,,,0,Kolar,Tomato,Karnataka,False,False
2026-05-30,kolar,,,,,0,Kolar,Tomato,Karnataka,False,False
2026-05-31,kolar,,,,,0,Kolar,Tomato,Karnataka,False,False
2026-06-01,kolar,,,,,0,Kolar,Tomato,Karnataka,False,False
2026-06-02,kolar,,,,,0,Kolar,Tomato,Karnataka,False,False
2026-06-03,kolar,,,,,0,Kolar,Tomato,Karnataka,False,False
2026-06-04,kolar,,,,,0,Kolar,Tomato,Karnataka,False,False
2026-06-05,kolar,,,,,0,Kolar,Tomato,Karnataka,False,False
2026-06-06,kolar,,,,,0,Kolar,Tomato,Karnataka,False,False
2026-06-07,kolar,,,,,0,Kolar,Tomato,Karnataka,False,False
2026-06-08,kolar,,,,,0,Kolar,Tomato,Karnataka,False,False
2026-06-09,kolar,,,,,0,Kolar,Tomato,Karnataka,False,False
2026-06-10,kolar,,,,,0,Kolar,Tomato,Karnataka,False,False
2026-06-11,kolar,,,,,0,Kolar,Tomato,Karnataka,False,False
2026-06-12,kolar,,,,,0,Kolar,Tomato,Karnataka,False,False
2026-06-13,kolar,,,,,0,Kolar,Tomato,Karnataka,False,False
2026-06-14,kolar,,,,,0,Kolar,Tomato,Karnataka,False,False
2026-06-15,kolar,,,,,0,Kolar,Tomato,Karnataka,False,False
2026-06-16,kolar,,,,,0,Kolar,Tomato,Karnataka,False,False
2026-06-17,kolar,,,,,0,Kolar,Tomato,Karnataka,False,False
2026-06-18,kolar,,,,,0,Kolar,Tomato,Karnataka,False,False
2026-06-19,kolar,,,,,0,Kolar,Tomato,Karnataka,False,False
2026-06-20,kolar,,,,,0,Kolar,Tomato,Karnataka,False,False
2026-06-21,kolar,,,,,0,Kolar,Tomato,Karnataka,False,False
2026-06-22,kolar,,,,,0,Kolar,Tomato,Karnataka,False,False
2026-06-23,kolar,,,,,0,Kolar,Tomato,Karnataka,False,False
2026-06-24,kolar,,,,,0,Kolar,Tomato,Karnataka,False,False
2026-06-25,kolar,,,,,0,Kolar,Tomato,Karnataka,False,False
2026-06-26,kolar,,,,,0,Kolar,Tomato,Karnataka,False,False
2026-06-27,kolar,,,,,0,Kolar,Tomato,Karnataka,False,False
2026-06-28,kolar,,,,,0,Kolar,Tomato,Karnataka,False,False
2026-06-29,kolar,,,,,0,Kolar,Tomato,Karnataka,False,False
2026-06-30,kolar,,,,,0,Kolar,Tomato,Karnataka,False,False
2026-07-01,kolar,,,,,0,Kolar,Tomato,Karnataka,False,False
2026-07-02,kolar,,,,,0,Kolar,Tomato,Karnataka,False,False
2026-07-03,kolar,,,,,0,Kolar,Tomato,Karnataka,False,False
2026-07-04,kolar,,,,,0,Kolar,Tomato,Karnataka,False,False
2026-07-05,kolar,,,,,0,Kolar,Tomato,Karnataka,False,False
2026-07-06,kolar,,,,,0,Kolar,Tomato,Karnataka,False,False
2026-07-07,kolar,,,,,0,Kolar,Tomato,Karnataka,False,False
2026-07-08,kolar,,,,,0,Kolar,Tomato,Karnataka,False,False
2026-07-09,kolar,,,,,0,Kolar,Tomato,Karnataka,False,False
2026-07-10,kolar,,,,,0,Kolar,Tomato,Karnataka,False,False
2026-07-11,kolar,,,,,0,Kolar,Tomato,Karnataka,False,False
2026-07-12,kolar,,,,,0,Kolar,Tomato,Karnataka,False,False
2026-07-13,kolar,,,,,0,Kolar,Tomato,Karnataka,False,False
2026-07-14,kolar,,,,,0,Kolar,Tomato,Karnataka,False,False
2026-07-15,kolar,,,,,0,Kolar,Tomato,Karnataka,False,False
2026-07-16,kolar,,,,,0,Kolar,Tomato,Karnataka,False,False
2026-07-17,kolar,,,,,0,Kolar,Tomato,Karnataka,False,False
2026-07-18,kolar,,,,,0,Kolar,Tomato,Karnataka,False,False
2026-07-19,kolar,,,,,0,Kolar,Tomato,Karnataka,False,False
2026-07-20,kolar,,,,,0,Kolar,Tomato,Karnataka,False,False
2026-07-21,kolar,,,,,0,Kolar,Tomato,Karnataka,False,False
2026-07-22,kolar,,,,,0,Kolar,Tomato,Karnataka,False,False
2026-07-23,kolar,,,,,0,Kolar,Tomato,Karnataka,False,False
2026-07-24,kolar,,,,,0,Kolar,Tomato,Karnataka,False,False
2026-07-25,kolar,,,,,0,Kolar,Tomato,Karnataka,False,False
2026-07-26,kolar,,,,,0,Kolar,Tomato,Karnataka,False,False
2026-07-27,kolar,,,,,0,Kolar,Tomato,Karnataka,False,False
2026-07-28,kolar,,,,,0,Kolar,Tomato,Karnataka,False,False
2026-07-29,kolar,,,,,0,Kolar,Tomato,Karnataka,False,False
2026-07-30,kolar,,,,,0,Kolar,Tomato,Karnataka,False,False
2026-07-31,kolar,,,,,0,Kolar,Tomato,Karnataka,False,False
2026-08-01,kolar,,,,,0,Kolar,Tomato,Karnataka,False,False
2026-08-02,kolar,,,,,0,Kolar,Tomato,Karnataka,False,False
2026-08-03,kolar,,,,,0,Kolar,Tomato,Karnataka,False,False
2026-08-04,kolar,,,,,0,Kolar,Tomato,Karnataka,False,False
2026-08-05,kolar,,,,,0,Kolar,Tomato,Karnataka,False,False
2026-08-06,kolar,,,,,0,Kolar,Tomato,Karnataka,False,False
2026-08-07,kolar,,,,,0,Kolar,Tomato,Karnataka,False,False
2026-08-08,kolar,,,,,0,Kolar,Tomato,Karnataka,False,False
2026-08-09,kolar,,,,,0,Kolar,Tomato,Karnataka,False,False
2026-08-10,kolar,,,,,0,Kolar,Tomato,Karnataka,False,False
2026-08-11,kolar,,,,,0,Kolar,Tomato,Karnataka,False,False
2026-08-12,kolar,,,,,0,Kolar,Tomato,Karnataka,False,False
2026-08-13,kolar,,,,,0,Kolar,Tomato,Karnataka,False,False
2026-08-14,kolar,,,,,0,Kolar,Tomato,Karnataka,False,False
2026-08-15,kolar,,,,,0,Kolar,Tomato,Karnataka,False,False
2026-08-16,kolar,,,,,0,Kolar,Tomato,Karnataka,False,False
2026-08-17,kolar,,,,,0,Kolar,Tomato,Karnataka,False,False
2026-08-18,kolar,,,,,0,Kolar,Tomato,Karnataka,False,False
2026-08-19,kolar,,,,,0,Kolar,Tomato,Karnataka,False,False
2026-08-20,kolar,,,,,0,Kolar,Tomato,Karnataka,False,False
2026-08-21,kolar,,,,,0,Kolar,Tomato,Karnataka,False,False
2026-08-22,kolar,,,,,0,Kolar,Tomato,Karnataka,False,False
2026-08-23,kolar,,,,,0,Kolar,Tomato,Karnataka,False,False
2026-08-24,kolar,,,,,0,Kolar,Tomato,Karnataka,False,False
2026-08-25,kolar,,,,,0,Kolar,Tomato,Karnataka,False,False
2026-08-26,kolar,,,,,0,Kolar,Tomato,Karnataka,False,False
2026-08-27,kolar,,,,,0,Kolar,Tomato,Karnataka,False,False
2026-08-28,kolar,,,,,0,Kolar,Tomato,Karnataka,False,False
2026-08-29,kolar,,,,,0,Kolar,Tomato,Karnataka,False,False
2026-08-30,kolar,,,,,0,Kolar,Tomato,Karnataka,False,False
2026-08-31,kolar,,,,,0,Kolar,Tomato,Karnataka,False,False
2026-09-01,kolar,,,,,0,Kolar,Tomato,Karnataka,False,False
2026-09-02,kolar,,,,,0,Kolar,Tomato,Karnataka,False,False
2026-09-03,kolar,,,,,0,Kolar,Tomato,Karnataka,False,False
2026-09-04,kolar,,,,,0,Kolar,Tomato,Karnataka,False,False
2026-09-05,kolar,,,,,0,Kolar,Tomato,Karnataka,False,False
2026-09-06,kolar,,,,,0,Kolar,Tomato,Karnataka,False,False
2026-09-07,kolar,,,,,0,Kolar,Tomato,Karnataka,False,False
2026-09-08,kolar,,,,,0,Kolar,Tomato,Karnataka,False,False
2026-09-09,kolar,,,,,0,Kolar,Tomato,Karnataka,False,False
2026-09-10,kolar,,,,,0,Kolar,Tomato,Karnataka,False,False
2026-09-11,kolar,,,,,0,Kolar,Tomato,Karnataka,False,False
2026-09-12,kolar,,,,,0,Kolar,Tomato,Karnataka,False,False
2026-09-13,kolar,,,,,0,Kolar,Tomato,Karnataka,False,False
2026-09-14,kolar,,,,,0,Kolar,Tomato,Karnataka,False,False
2026-09-15,kolar,,,,,0,Kolar,Tomato,Karnataka,False,False
2026-09-16,kolar,,,,,0,Kolar,Tomato,Karnataka,False,False
2022-01-01,mandya,,,,,0,Mandya,Tomato,Karnataka,False,False
2022-01-02,mandya,,,,,0,Mandya,Tomato,Karnataka,False,False
2022-01-03,mandya,,,,,0,Mandya,Tomato,Karnataka,False,False
2022-01-04,mandya,4.0,3500.0,3000.0,3500.0,2,Mandya,Tomato,Karnataka,True,True
2022-01-05,mandya,5.0,4000.0,2000.0,4000.0,1,Mandya,Tomato,Karnataka,True,True
2022-01-06,mandya,1.0,1500.0,1500.0,1500.0,1,Mandya,Tomato,Karnataka,True,True
2022-01-07,mandya,2.0,1000.0,1000.0,1500.0,1,Mandya,Tomato,Karnataka,True,True
2022-01-08,mandya,2.0,1000.0,1000.0,1500.0,0,Mandya,Tomato,Karnataka,False,False
2022-01-09,mandya,1.0,1500.0,1500.0,1500.0,1,Mandya,Tomato,Karnataka,True,True
2022-01-10,mandya,1.0,1500.0,1500.0,1500.0,0,Mandya,Tomato,Karnataka,False,False
2022-01-11,mandya,4.0,3200.0,3000.0,3300.0,2,Mandya,Tomato,Karnataka,True,True
2022-01-12,mandya,3.0,600.0,600.0,600.0,1,Mandya,Tomato,Karnataka,True,True
2022-01-13,mandya,3.0,600.0,600.0,600.0,0,Mandya,Tomato,Karnataka,False,False
2022-01-14,mandya,1.0,2500.0,2500.0,2500.0,1,Mandya,Tomato,Karnataka,True,True
2022-01-15,mandya,1.0,2500.0,2500.0,2500.0,0,Mandya,Tomato,Karnataka,False,False
2022-01-16,mandya,1.0,2500.0,2500.0,2500.0,0,Mandya,Tomato,Karnataka,False,False
2022-01-17,mandya,,2500.0,2500.0,2500.0,0,Mandya,Tomato,Karnataka,False,False
2022-01-18,mandya,,,,,0,Mandya,Tomato,Karnataka,False,False
2022-01-19,mandya,,,,,0,Mandya,Tomato,Karnataka,False,False
2022-01-20,mandya,,,,,0,Mandya,Tomato,Karnataka,False,False
2022-01-21,mandya,,,,,0,Mandya,Tomato,Karnataka,False,False
2022-01-22,mandya,,,,,0,Mandya,Tomato,Karnataka,False,False
2022-01-23,mandya,2.0,1000.0,1000.0,1000.0,1,Mandya,Tomato,Karnataka,True,True
2022-01-24,mandya,2.0,1000.0,1000.0,1000.0,0,Mandya,Tomato,Karnataka,False,False
2022-01-25,mandya,1.0,1000.0,1000.0,1000.0,1,Mandya,Tomato,Karnataka,True,True
2022-01-26,mandya,1.0,1000.0,1000.0,1000.0,0,Mandya,Tomato,Karnataka,False,False
2022-01-27,mandya,3.0,2000.0,2000.0,2000.0,1,Mandya,Tomato,Karnataka,True,True
2022-01-28,mandya,12.0,1250.0,1100.0,1650.0,2,Mandya,Tomato,Karnataka,True,True
2022-01-29,mandya,12.0,1250.0,1100.0,1650.0,0,Mandya,Tomato,Karnataka,False,False
2022-01-30,mandya,4.0,1000.0,1000.0,1000.0,1,Mandya,Tomato,Karnataka,True,True
2022-01-31,mandya,5.0,2750.0,1900.0,3500.0,2,Mandya,Tomato,Karnataka,True,True
2022-02-01,mandya,5.0,1000.0,1000.0,1000.0,1,Mandya,Tomato,Karnataka,True,True
2022-02-02,mandya,5.0,1000.0,1000.0,1000.0,0,Mandya,Tomato,Karnataka,False,False
2022-02-03,mandya,45.0,1450.0,1350.0,1550.0,2,Mandya,Tomato,Karnataka,True,True
2022-02-04,mandya,4.0,1000.0,1000.0,1000.0,1,Mandya,Tomato,Karnataka,True,True
2022-02-05,mandya,2.0,1500.0,1500.0,1500.0,1,Mandya,Tomato,Karnataka,True,True
2022-02-06,mandya,2.0,1500.0,1500.0,1500.0,0,Mandya,Tomato,Karnataka,False,False
2022-02-07,mandya,3.0,1000.0,1000.0,1000.0,1,Mandya,Tomato,Karnataka,True,True
2022-02-08,mandya,3.0,1000.0,1000.0,2000.0,1,Mandya,Tomato,Karnataka,True,True
2022-02-09,mandya,12.0,1100.0,1000.0,1200.0,1,Mandya,Tomato,Karnataka,True,True
2022-02-10,mandya,35.0,1100.0,1000.0,1200.0,0,Mandya,Tomato,Karnataka,True,False
2022-02-11,mandya,7.0,950.0,900.0,1400.0,2,Mandya,Tomato,Karnataka,True,True
2022-02-12,mandya,7.0,950.0,900.0,1400.0,0,Mandya,Tomato,Karnataka,False,False
2022-02-13,mandya,7.0,950.0,900.0,1400.0,0,Mandya,Tomato,Karnataka,False,False
2022-02-14,mandya,5.0,1000.0,1000.0,1000.0,1,Mandya,Tomato,Karnataka,True,True
2022-02-15,mandya,2.0,1000.0,1000.0,1000.0,1,Mandya,Tomato,Karnataka,True,True
2022-02-16,mandya,2.0,1200.0,1200.0,1200.0,1,Mandya,Tomato,Karnataka,True,True
2022-02-17,mandya,51.0,900.0,600.0,1200.0,1,Mandya,Tomato,Karnataka,True,True
2022-02-18,mandya,1.0,1000.0,1000.0,1000.0,1,Mandya,Tomato,Karnataka,True,True
2022-02-19,mandya,1.0,1000.0,1000.0,1000.0,0,Mandya,Tomato,Karnataka,False,False
2022-02-20,mandya,1.0,1000.0,1000.0,1000.0,0,Mandya,Tomato,Karnataka,False,False
2022-02-21,mandya,,1000.0,1000.0,1000.0,0,Mandya,Tomato,Karnataka,False,False
2022-02-22,mandya,26.0,700.0,700.0,800.0,3,Mandya,Tomato,Karnataka,True,True
2022-02-23,mandya,4.0,500.0,500.0,500.0,1,Mandya,Tomato,Karnataka,True,True
2022-02-24,mandya,48.0,900.0,800.0,1000.0,2,Mandya,Tomato,Karnataka,True,True
2022-02-25,mandya,5.0,1000.0,1000.0,1000.0,1,Mandya,Tomato,Karnataka,True,True
2022-02-26,mandya,5.0,1000.0,1000.0,1000.0,0,Mandya,Tomato,Karnataka,False,False
2022-02-27,mandya,3.0,1000.0,1000.0,1000.0,1,Mandya,Tomato,Karnataka,True,True
2022-02-28,mandya,2.0,1000.0,1000.0,1000.0,1,Mandya,Tomato,Karnataka,True,True
2022-03-01,mandya,2.0,1000.0,1000.0,1000.0,0,Mandya,Tomato,Karnataka,False,False
2022-03-02,mandya,2.0,1000.0,1000.0,1000.0,0,Mandya,Tomato,Karnataka,False,False
2022-03-03,mandya,6.0,750.0,750.0,750.0,2,Mandya,Tomato,Karnataka,True,True
2022-03-04,mandya,47.0,750.0,750.0,800.0,2,Mandya,Tomato,Karnataka,True,True
2022-03-05,mandya,47.0,750.0,750.0,800.0,0,Mandya,Tomato,Karnataka,False,False
2022-03-06,mandya,47.0,750.0,750.0,800.0,0,Mandya,Tomato,Karnataka,False,False
2022-03-07,mandya,3.0,1000.0,1000.0,1000.0,1,Mandya,Tomato,Karnataka,True,True
2022-03-08,mandya,8.0,800.0,750.0,1000.0,2,Mandya,Tomato,Karnataka,True,True
2022-03-09,mandya,7.0,500.0,500.0,600.0,1,Mandya,Tomato,Karnataka,True,True
2022-03-10,mandya,37.0,1000.0,1000.0,1000.0,1,Mandya,Tomato,Karnataka,True,True
2022-03-11,mandya,4.0,500.0,500.0,500.0,1,Mandya,Tomato,Karnataka,True,True
2022-03-12,mandya,4.0,500.0,500.0,500.0,0,Mandya,Tomato,Karnataka,False,False
2022-03-13,mandya,3.0,1000.0,1000.0,1000.0,1,Mandya,Tomato,Karnataka,True,True
2022-03-14,mandya,3.0,1000.0,1000.0,1000.0,0,Mandya,Tomato,Karnataka,False,False
2022-03-15,mandya,1.0,1000.0,1000.0,1000.0,1,Mandya,Tomato,Karnataka,True,True
2022-03-16,mandya,1.0,1000.0,1000.0,1000.0,0,Mandya,Tomato,Karnataka,False,False
2022-03-17,mandya,62.0,500.0,400.0,600.0,1,Mandya,Tomato,Karnataka,True,True
2022-03-18,mandya,6.0,500.0,400.0,1000.0,1,Mandya,Tomato,Karnataka,True,True
2022-03-19,mandya,6.0,500.0,400.0,1000.0,0,Mandya,Tomato,Karnataka,False,False
2022-03-20,mandya,2.0,1000.0,1000.0,1000.0,1,Mandya,Tomato,Karnataka,True,True
2022-03-21,mandya,2.0,1000.0,1000.0,1000.0,0,Mandya,Tomato,Karnataka,False,False
2022-03-22,mandya,1.0,1000.0,1000.0,1000.0,1,Mandya,Tomato,Karnataka,True,True
2022-03-23,mandya,3.0,500.0,500.0,500.0,1,Mandya,Tomato,Karnataka,True,True
2022-03-24,mandya,28.0,500.0,500.0,600.0,1,Mandya,Tomato,Karnataka,True,True
2022-03-25,mandya,3.0,1000.0,1000.0,1500.0,1,Mandya,Tomato,Karnataka,True,True
2022-03-26,mandya,3.0,1000.0,1000.0,1500.0,0,Mandya,Tomato,Karnataka,False,False
2022-03-27,mandya,3.0,1000.0,1000.0,1500.0,0,Mandya,Tomato,Karnataka,False,False
2022-03-28,mandya,120.0,500.0,400.0,500.0,1,Mandya,Tomato,Karnataka,True,True
2022-03-29,mandya,4.0,500.0,400.0,500.0,0,Mandya,Tomato,Karnataka,True,False
2022-03-30,mandya,4.0,500.0,400.0,500.0,0,Mandya,Tomato,Karnataka,False,False
2022-03-31,mandya,116.0,1000.0,1000.0,1000.0,1,Mandya,Tomato,Karnataka,True,True
2022-04-01,mandya,4.0,1000.0,1000.0,1000.0,1,Mandya,Tomato,Karnataka,True,True
2022-04-02,mandya,4.0,1000.0,1000.0,1000.0,0,Mandya,Tomato,Karnataka,False,False
2022-04-03,mandya,4.0,1000.0,1000.0,1000.0,0,Mandya,Tomato,Karnataka,False,False
2022-04-04,mandya,1.0,1000.0,1000.0,1000.0,0,Mandya,Tomato,Karnataka,True,False
2022-04-05,mandya,1.0,,,,0,Mandya,Tomato,Karnataka,False,False
2022-04-06,mandya,5.0,500.0,500.0,500.0,1,Mandya,Tomato,Karnataka,True,True
2022-04-07,mandya,41.0,450.0,450.0,1000.0,2,Mandya,Tomato,Karnataka,True,True
2022-04-08,mandya,5.0,1000.0,1000.0,1000.0,1,Mandya,Tomato,Karnataka,True,True
2022-04-09,mandya,5.0,1000.0,1000.0,1000.0,0,Mandya,Tomato,Karnataka,False,False
2022-04-10,mandya,5.0,1000.0,1000.0,1000.0,0,Mandya,Tomato,Karnataka,False,False
2022-04-11,mandya,1.0,1000.0,1000.0,1000.0,1,Mandya,Tomato,Karnataka,True,True
2022-04-12,mandya,1.0,1000.0,1000.0,1000.0,1,Mandya,Tomato,Karnataka,True,True
2022-04-13,mandya,1.0,1000.0,1000.0,1000.0,0,Mandya,Tomato,Karnataka,False,False
2022-04-14,mandya,3.0,1000.0,1000.0,1000.0,1,Mandya,Tomato,Karnataka,True,True
2022-04-15,mandya,3.0,1000.0,1000.0,1000.0,0,Mandya,Tomato,Karnataka,False,False
2022-04-16,mandya,20.0,1000.0,800.0,1200.0,1,Mandya,Tomato,Karnataka,True,True
2022-04-17,mandya,20.0,1000.0,800.0,1200.0,0,Mandya,Tomato,Karnataka,False,False
2022-04-18,mandya,20.0,1000.0,800.0,1200.0,0,Mandya,Tomato,Karnataka,False,False
2022-04-19,mandya,1.0,1000.0,1000.0,1000.0,1,Mandya,Tomato,Karnataka,True,True
2022-04-20,mandya,1.0,1000.0,1000.0,1000.0,0,Mandya,Tomato,Karnataka,False,False
2022-04-21,mandya,31.0,1000.0,1000.0,1000.0,0,Mandya,Tomato,Karnataka,True,False
2022-04-22,mandya,4.0,750.0,750.0,1000.0,1,Mandya,Tomato,Karnataka,True,True
2022-04-23,mandya,4.0,750.0,750.0,1000.0,0,Mandya,Tomato,Karnataka,False,False
2022-04-24,mandya,2.0,1500.0,1500.0,2000.0,1,Mandya,Tomato,Karnataka,True,True
2022-04-25,mandya,2.0,1500.0,1500.0,2000.0,0,Mandya,Tomato,Karnataka,False,False
2022-04-26,mandya,2.0,1500.0,1500.0,2000.0,0,Mandya,Tomato,Karnataka,True,False
2022-04-27,mandya,2.0,1500.0,1500.0,2000.0,0,Mandya,Tomato,Karnataka,False,False
2022-04-28,mandya,21.0,1200.0,800.0,2500.0,2,Mandya,Tomato,Karnataka,True,True
2022-04-29,mandya,1.0,1000.0,1000.0,1000.0,1,Mandya,Tomato,Karnataka,True,True
2022-04-30,mandya,1.0,1000.0,1000.0,1000.0,0,Mandya,Tomato,Karnataka,False,False
2022-05-01,mandya,1.0,1000.0,1000.0,1000.0,0,Mandya,Tomato,Karnataka,False,False
2022-05-02,mandya,,1000.0,1000.0,1000.0,0,Mandya,Tomato,Karnataka,False,False
2022-05-03,mandya,,,,,0,Mandya,Tomato,Karnataka,False,False
2022-05-04,mandya,,,,,0,Mandya,Tomato,Karnataka,False,False
2022-05-05,mandya,18.0,3000.0,2000.0,4200.0,1,Mandya,Tomato,Karnataka,True,True
2022-05-06,mandya,1.0,2000.0,2000.0,2000.0,1,Mandya,Tomato,Karnataka,True,True
2022-05-07,mandya,1.0,2000.0,2000.0,2000.0,0,Mandya,Tomato,Karnataka,False,False
2022-05-08,mandya,1.0,2000.0,2000.0,2000.0,0,Mandya,Tomato,Karnataka,False,False
2022-05-09,mandya,,2000.0,2000.0,2000.0,0,Mandya,Tomato,Karnataka,False,False
2022-05-10,mandya,2.0,,,,0,Mandya,Tomato,Karnataka,True,False
2022-05-11,mandya,2.0,,,,0,Mandya,Tomato,Karnataka,False,False
2022-05-12,mandya,15.0,5500.0,2500.0,5500.0,1,Mandya,Tomato,Karnataka,True,True
2022-05-13,mandya,1.0,5500.0,2500.0,5500.0,0,Mandya,Tomato,Karnataka,True,False
2022-05-14,mandya,1.0,5500.0,2500.0,5500.0,0,Mandya,Tomato,Karnataka,False,False
2022-05-15,mandya,1.0,5500.0,2500.0,5500.0,0,Mandya,Tomato,Karnataka,False,False
2022-05-16,mandya,,,,,0,Mandya,Tomato,Karnataka,False,False
2022-05-17,mandya,1.0,2500.0,2500.0,2500.0,1,Mandya,Tomato,Karnataka,True,True
2022-05-18,mandya,1.0,2500.0,2500.0,2500.0,0,Mandya,Tomato,Karnataka,False,False
2022-05-19,mandya,8.0,1500.0,1500.0,20000.0,1,Mandya,Tomato,Karnataka,True,True
2022-05-20,mandya,1.0,5000.0,5000.0,5000.0,1,Mandya,Tomato,Karnataka,True,True
2022-05-21,mandya,1.0,5000.0,5000.0,5000.0,0,Mandya,Tomato,Karnataka,False,False
2022-05-22,mandya,1.0,5000.0,5000.0,5000.0,1,Mandya,Tomato,Karnataka,False,True
2022-05-23,mandya,,5000.0,5000.0,5000.0,0,Mandya,Tomato,Karnataka,False,False
2022-05-24,mandya,,5000.0,5000.0,5000.0,1,Mandya,Tomato,Karnataka,False,True
2022-05-25,mandya,,5000.0,5000.0,5000.0,0,Mandya,Tomato,Karnataka,False,False
2022-05-26,mandya,8.0,5000.0,5000.0,5000.0,0,Mandya,Tomato,Karnataka,True,False
2022-05-27,mandya,8.0,5000.0,5000.0,5000.0,0,Mandya,Tomato,Karnataka,False,False
2022-05-28,mandya,8.0,,,,0,Mandya,Tomato,Karnataka,False,False
2022-05-29,mandya,,,,,0,Mandya,Tomato,Karnataka,False,False
2022-05-30,mandya,,,,,0,Mandya,Tomato,Karnataka,False,False
2022-05-31,mandya,,5000.0,5000.0,5000.0,1,Mandya,Tomato,Karnataka,False,True
2022-06-01,mandya,,5000.0,5000.0,5000.0,0,Mandya,Tomato,Karnataka,False,False
2022-06-02,mandya,7.0,4000.0,4000.0,6000.0,1,Mandya,Tomato,Karnataka,True,True
2022-06-03,mandya,7.0,5000.0,5000.0,5000.0,1,Mandya,Tomato,Karnataka,False,True
2022-06-04,mandya,7.0,5000.0,5000.0,5000.0,0,Mandya,Tomato,Karnataka,False,False
2022-06-05,mandya,,5000.0,5000.0,5000.0,1,Mandya,Tomato,Karnataka,False,True
2022-06-06,mandya,,5000.0,5000.0,5000.0,0,Mandya,Tomato,Karnataka,False,False
2022-06-07,mandya,,5000.0,5000.0,5000.0,1,Mandya,Tomato,Karnataka,False,True
2022-06-08,mandya,,5000.0,5000.0,5000.0,0,Mandya,Tomato,Karnataka,False,False
2022-06-09,mandya,19.0,5000.0,5000.0,5000.0,0,Mandya,Tomato,Karnataka,True,False
2022-06-10,mandya,19.0,5000.0,5000.0,5000.0,0,Mandya,Tomato,Karnataka,False,False
2022-06-11,mandya,19.0,,,,0,Mandya,Tomato,Karnataka,False,False
2022-06-12,mandya,,,,,0,Mandya,Tomato,Karnataka,False,False
2022-06-13,mandya,,5000.0,5000.0,5000.0,1,Mandya,Tomato,Karnataka,False,True
2022-06-14,mandya,,5000.0,5000.0,5000.0,0,Mandya,Tomato,Karnataka,False,False
2022-06-15,mandya,,5000.0,5000.0,5000.0,0,Mandya,Tomato,Karnataka,False,False
2022-06-16,mandya,8.0,3000.0,2500.0,4000.0,1,Mandya,Tomato,Karnataka,True,True
2022-06-17,mandya,8.0,3000.0,2500.0,4000.0,0,Mandya,Tomato,Karnataka,False,False
2022-06-18,mandya,8.0,3000.0,2500.0,4000.0,0,Mandya,Tomato,Karnataka,False,False
2022-06-19,mandya,,3000.0,2500.0,4000.0,0,Mandya,Tomato,Karnataka,False,False
2022-06-20,mandya,,,,,0,Mandya,Tomato,Karnataka,False,False
2022-06-21,mandya,,5000.0,5000.0,5000.0,1,Mandya,Tomato,Karnataka,False,True
2022-06-22,mandya,,5000.0,5000.0,5000.0,0,Mandya,Tomato,Karnataka,False,False
2022-06-23,mandya,,5000.0,5000.0,5000.0,0,Mandya,Tomato,Karnataka,False,False
2022-06-24,mandya,,5000.0,5000.0,5000.0,1,Mandya,Tomato,Karnataka,False,True
2022-06-25,mandya,,5000.0,5000.0,5000.0,0,Mandya,Tomato,Karnataka,False,False
2022-06-26,mandya,1.0,5000.0,5000.0,5000.0,1,Mandya,Tomato,Karnataka,True,True
2022-06-27,mandya,4.0,2600.0,2400.0,2600.0,1,Mandya,Tomato,Karnataka,True,True
2022-06-28,mandya,1.0,2500.0,2500.0,2500.0,1,Mandya,Tomato,Karnataka,True,True
2022-06-29,mandya,1.0,2500.0,2500.0,2500.0,0,Mandya,Tomato,Karnataka,False,False
2022-06-30,mandya,1.0,2500.0,2500.0,2500.0,1,Mandya,Tomato,Karnataka,False,True
2022-07-01,mandya,,2500.0,2500.0,2500.0,0,Mandya,Tomato,Karnataka,False,False
2022-07-02,mandya,,2500.0,2500.0,2500.0,0,Mandya,Tomato,Karnataka,False,False
2022-07-03,mandya,,2500.0,2500.0,2500.0,0,Mandya,Tomato,Karnataka,False,False
2022-07-04,mandya,,,,,0,Mandya,Tomato,Karnataka,False,False
2022-07-05,mandya,1.0,1000.0,1000.0,2500.0,1,Mandya,Tomato,Karnataka,True,True
2022-07-06,mandya,1.0,1000.0,1000.0,2500.0,0,Mandya,Tomato,Karnataka,False,False
2022-07-07,mandya,13.0,1950.0,1750.0,2250.0,2,Mandya,Tomato,Karnataka,True,True
2022-07-08,mandya,2.0,1950.0,1750.0,2250.0,0,Mandya,Tomato,Karnataka,True,False
2022-07-09,mandya,2.0,1950.0,1750.0,2250.0,0,Mandya,Tomato,Karnataka,False,False
2022-07-10,mandya,1.0,1000.0,1000.0,1000.0,1,Mandya,Tomato,Karnataka,True,True
2022-07-11,mandya,1.0,1000.0,1000.0,1000.0,0,Mandya,Tomato,Karnataka,False,False
2022-07-12,mandya,2.0,1000.0,1000.0,1000.0,1,Mandya,Tomato,Karnataka,True,True
2022-07-13,mandya,2.0,1000.0,1000.0,1000.0,0,Mandya,Tomato,Karnataka,False,False
2022-07-14,mandya,35.0,1000.0,800.0,1500.0,2,Mandya,Tomato,Karnataka,True,True
2022-07-15,mandya,1.0,1000.0,1000.0,1000.0,1,Mandya,Tomato,Karnataka,True,True
2022-07-16,mandya,1.0,1000.0,1000.0,1000.0,0,Mandya,Tomato,Karnataka,False,False
2022-07-17,mandya,1.0,1000.0,1000.0,1000.0,1,Mandya,Tomato,Karnataka,True,True
2022-07-18,mandya,1.0,1000.0,1000.0,1000.0,0,Mandya,Tomato,Karnataka,False,False
2022-07-19,mandya,2.0,1000.0,1000.0,1000.0,0,Mandya,Tomato,Karnataka,True,False
2022-07-20,mandya,2.0,1000.0,1000.0,1000.0,0,Mandya,Tomato,Karnataka,False,False
2022-07-21,mandya,29.0,700.0,500.0,800.0,1,Mandya,Tomato,Karnataka,True,True
2022-07-22,mandya,2.0,700.0,500.0,800.0,0,Mandya,Tomato,Karnataka,True,False
2022-07-23,mandya,2.0,700.0,500.0,800.0,0,Mandya,Tomato,Karnataka,False,False
2022-07-24,mandya,3.0,1000.0,1000.0,1000.0,1,Mandya,Tomato,Karnataka,True,True
2022-07-25,mandya,1.0,1000.0,1000.0,1000.0,1,Mandya,Tomato,Karnataka,True,True
2022-07-26,mandya,2.0,1000.0,1000.0,1000.0,1,Mandya,Tomato,Karnataka,True,True
2022-07-27,mandya,2.0,1000.0,1000.0,1000.0,0,Mandya,Tomato,Karnataka,False,False
2022-07-28,mandya,19.0,500.0,500.0,600.0,2,Mandya,Tomato,Karnataka,True,True
2022-07-29,mandya,6.0,1000.0,1000.0,1000.0,2,Mandya,Tomato,Karnataka,True,True
2022-07-30,mandya,6.0,1000.0,1000.0,1000.0,0,Mandya,Tomato,Karnataka,False,False
2022-07-31,mandya,1.0,1000.0,1000.0,1000.0,1,Mandya,Tomato,Karnataka,True,True
2022-08-01,mandya,1.0,1000.0,1000.0,1000.0,1,Mandya,Tomato,Karnataka,True,True
2022-08-02,mandya,2.0,1000.0,1000.0,1000.0,1,Mandya,Tomato,Karnataka,True,True
2022-08-03,mandya,2.0,1000.0,1000.0,1000.0,0,Mandya,Tomato,Karnataka,False,False
2022-08-04,mandya,8.0,750.0,750.0,900.0,2,Mandya,Tomato,Karnataka,True,True
2022-08-05,mandya,2.0,1000.0,1000.0,1000.0,1,Mandya,Tomato,Karnataka,True,True
2022-08-06,mandya,2.0,1000.0,1000.0,1000.0,0,Mandya,Tomato,Karnataka,False,False
2022-08-07,mandya,1.0,1000.0,1000.0,1000.0,1,Mandya,Tomato,Karnataka,True,True
2022-08-08,mandya,1.0,1000.0,1000.0,1000.0,1,Mandya,Tomato,Karnataka,True,True
2022-08-09,mandya,1.0,1000.0,1000.0,1000.0,1,Mandya,Tomato,Karnataka,True,True
2022-08-10,mandya,1.0,1000.0,1000.0,1000.0,1,Mandya,Tomato,Karnataka,True,True
2022-08-11,mandya,19.0,1000.0,1000.0,1000.0,2,Mandya,Tomato,Karnataka,True,True
2022-08-12,mandya,19.0,1000.0,1000.0,1000.0,0,Mandya,Tomato,Karnataka,False,False
2022-08-13,mandya,19.0,1000.0,1000.0,1000.0,0,Mandya,Tomato,Karnataka,False,False
2022-08-14,mandya,1.0,1000.0,1000.0,1000.0,1,Mandya,Tomato,Karnataka,True,True
2022-08-15,mandya,1.0,1000.0,1000.0,1000.0,1,Mandya,Tomato,Karnataka,True,True
2022-08-16,mandya,2.0,1000.0,1000.0,1000.0,1,Mandya,Tomato,Karnataka,True,True
2022-08-17,mandya,2.0,1000.0,1000.0,1000.0,0,Mandya,Tomato,Karnataka,False,False
2022-08-18,mandya,2.0,900.0,900.0,900.0,2,Mandya,Tomato,Karnataka,True,True
2022-08-19,mandya,4.0,1000.0,1000.0,1000.0,1,Mandya,Tomato,Karnataka,True,True
2022-08-20,mandya,4.0,1000.0,1000.0,1000.0,0,Mandya,Tomato,Karnataka,False,False
2022-08-21,mandya,3.0,1000.0,1000.0,1000.0,1,Mandya,Tomato,Karnataka,True,True
2022-08-22,mandya,1.0,1000.0,1000.0,1000.0,0,Mandya,Tomato,Karnataka,True,False
2022-08-23,mandya,2.0,1000.0,1000.0,1000.0,1,Mandya,Tomato,Karnataka,True,True
2022-08-24,mandya,2.0,1000.0,1000.0,1000.0,0,Mandya,Tomato,Karnataka,False,False
2022-08-25,mandya,31.0,900.0,750.0,1000.0,2,Mandya,Tomato,Karnataka,True,True
2022-08-26,mandya,2.0,1000.0,1000.0,1000.0,1,Mandya,Tomato,Karnataka,True,True
2022-08-27,mandya,2.0,1000.0,1000.0,1000.0,0,Mandya,Tomato,Karnataka,False,False
2022-08-28,mandya,1.0,1000.0,1000.0,1000.0,1,Mandya,Tomato,Karnataka,True,True
2022-08-29,mandya,1.0,1000.0,1000.0,1000.0,1,Mandya,Tomato,Karnataka,True,True
2022-08-30,mandya,4.0,1000.0,1000.0,1000.0,1,Mandya,Tomato,Karnataka,True,True
2022-08-31,mandya,4.0,1000.0,1000.0,1000.0,0,Mandya,Tomato,Karnataka,False,False
2022-09-01,mandya,2.0,1000.0,1000.0,1000.0,1,Mandya,Tomato,Karnataka,True,True
2022-09-02,mandya,7.0,1000.0,1000.0,1500.0,2,Mandya,Tomato,Karnataka,True,True
2022-09-03,mandya,7.0,1000.0,1000.0,1500.0,0,Mandya,Tomato,Karnataka,False,False
2022-09-04,mandya,1.0,1000.0,1000.0,1000.0,1,Mandya,Tomato,Karnataka,True,True
2022-09-05,mandya,1.0,1000.0,1000.0,1000.0,1,Mandya,Tomato,Karnataka,True,True
2022-09-06,mandya,2.0,1000.0,1000.0,1000.0,1,Mandya,Tomato,Karnataka,True,True
2022-09-07,mandya,2.0,1000.0,1000.0,1000.0,0,Mandya,Tomato,Karnataka,False,False
2022-09-08,mandya,7.0,2000.0,2000.0,3000.0,1,Mandya,Tomato,Karnataka,True,True
2022-09-09,mandya,7.0,2000.0,2000.0,3000.0,0,Mandya,Tomato,Karnataka,False,False
2022-09-10,mandya,7.0,2000.0,2000.0,3000.0,0,Mandya,Tomato,Karnataka,False,False
2022-09-11,mandya,,2000.0,2000.0,3000.0,0,Mandya,Tomato,Karnataka,False,False
2022-09-12,mandya,1.0,1000.0,1000.0,1000.0,1,Mandya,Tomato,Karnataka,True,True
2022-09-13,mandya,2.0,1000.0,1000.0,1000.0,1,Mandya,Tomato,Karnataka,True,True
2022-09-14,mandya,2.0,1000.0,1000.0,1000.0,0,Mandya,Tomato,Karnataka,False,False
2022-09-15,mandya,11.0,2000.0,1200.0,4000.0,1,Mandya,Tomato,Karnataka,True,True
2022-09-16,mandya,5.0,2000.0,1200.0,4000.0,0,Mandya,Tomato,Karnataka,True,False
2022-09-17,mandya,5.0,2000.0,1200.0,4000.0,0,Mandya,Tomato,Karnataka,False,False
2022-09-18,mandya,1.0,1000.0,1000.0,1000.0,1,Mandya,Tomato,Karnataka,True,True
2022-09-19,mandya,1.0,1000.0,1000.0,1000.0,1,Mandya,Tomato,Karnataka,True,True
2022-09-20,mandya,1.0,1000.0,1000.0,1000.0,0,Mandya,Tomato,Karnataka,False,False
2022-09-21,mandya,1.0,1000.0,1000.0,1000.0,0,Mandya,Tomato,Karnataka,False,False
2022-09-22,mandya,7.0,2000.0,2000.0,3200.0,1,Mandya,Tomato,Karnataka,True,True
2022-09-23,mandya,2.0,1000.0,1000.0,1000.0,1,Mandya,Tomato,Karnataka,True,True
2022-09-24,mandya,2.0,1000.0,1000.0,1000.0,0,Mandya,Tomato,Karnataka,False,False
2022-09-25,mandya,2.0,1000.0,1000.0,1000.0,0,Mandya,Tomato,Karnataka,False,False
2022-09-26,mandya,,1000.0,1000.0,1000.0,0,Mandya,Tomato,Karnataka,False,False
2022-09-27,mandya,2.0,,,,0,Mandya,Tomato,Karnataka,True,False
2022-09-28,mandya,2.0,,,,0,Mandya,Tomato,Karnataka,False,False
2022-09-29,mandya,1.0,1000.0,1000.0,1000.0,1,Mandya,Tomato,Karnataka,True,True
2022-09-30,mandya,2.0,1000.0,1000.0,1000.0,1,Mandya,Tomato,Karnataka,True,True
2022-10-01,mandya,2.0,1000.0,1000.0,1000.0,0,Mandya,Tomato,Karnataka,False,False
2022-10-02,mandya,1.0,1000.0,1000.0,1000.0,1,Mandya,Tomato,Karnataka,True,True
2022-10-03,mandya,1.0,1000.0,1000.0,1000.0,0,Mandya,Tomato,Karnataka,True,False
2022-10-04,mandya,1.0,1000.0,1000.0,1000.0,0,Mandya,Tomato,Karnataka,False,False
2022-10-05,mandya,1.0,1000.0,1000.0,1000.0,0,Mandya,Tomato,Karnataka,False,False
2022-10-06,mandya,1.0,1000.0,1000.0,1000.0,1,Mandya,Tomato,Karnataka,True,True
2022-10-07,mandya,8.0,1750.0,1600.0,2000.0,2,Mandya,Tomato,Karnataka,True,True
2022-10-08,mandya,8.0,1750.0,1600.0,2000.0,0,Mandya,Tomato,Karnataka,False,False
2022-10-09,mandya,1.0,1000.0,1000.0,1000.0,1,Mandya,Tomato,Karnataka,True,True
2022-10-10,mandya,1.0,1000.0,1000.0,1000.0,1,Mandya,Tomato,Karnataka,True,True
2022-10-11,mandya,2.0,1000.0,1000.0,1000.0,1,Mandya,Tomato,Karnataka,True,True
2022-10-12,mandya,2.0,1000.0,1000.0,1000.0,0,Mandya,Tomato,Karnataka,False,False
2022-10-13,mandya,8.0,3000.0,2400.0,4000.0,1,Mandya,Tomato,Karnataka,True,True
2022-10-14,mandya,1.0,1000.0,1000.0,1000.0,1,Mandya,Tomato,Karnataka,True,True
2022-10-15,mandya,1.0,1000.0,1000.0,1000.0,0,Mandya,Tomato,Karnataka,False,False
2022-10-16,mandya,1.0,1000.0,1000.0,1000.0,0,Mandya,Tomato,Karnataka,False,False
2022-10-17,mandya,1.0,1000.0,1000.0,1000.0,0,Mandya,Tomato,Karnataka,True,False
2022-10-18,mandya,2.0,1000.0,1000.0,1000.0,1,Mandya,Tomato,Karnataka,True,True
2022-10-19,mandya,2.0,1000.0,1000.0,1000.0,0,Mandya,Tomato,Karnataka,False,False
2022-10-20,mandya,7.0,1750.0,1750.0,2000.0,2,Mandya,Tomato,Karnataka,True,True
2022-10-21,mandya,2.0,1000.0,1000.0,1000.0,1,Mandya,Tomato,Karnataka,True,True
2022-10-22,mandya,2.0,1000.0,1000.0,1000.0,0,Mandya,Tomato,Karnataka,False,False
2022-10-23,mandya,1.0,1000.0,1000.0,1000.0,1,Mandya,Tomato,Karnataka,True,True
2022-10-24,mandya,1.0,1000.0,1000.0,1000.0,1,Mandya,Tomato,Karnataka,True,True
2022-10-25,mandya,4.0,1000.0,1000.0,1000.0,1,Mandya,Tomato,Karnataka,True,True
2022-10-26,mandya,4.0,1000.0,1000.0,1000.0,0,Mandya,Tomato,Karnataka,False,False
2022-10-27,mandya,2.0,1000.0,1000.0,1000.0,0,Mandya,Tomato,Karnataka,True,False
2022-10-28,mandya,4.0,1000.0,1000.0,1000.0,1,Mandya,Tomato,Karnataka,True,True
2022-10-29,mandya,4.0,1000.0,1000.0,1000.0,0,Mandya,Tomato,Karnataka,False,False
2022-10-30,mandya,3.0,1000.0,1000.0,1000.0,1,Mandya,Tomato,Karnataka,True,True
2022-10-31,mandya,1.0,1000.0,1000.0,1000.0,1,Mandya,Tomato,Karnataka,True,True
2022-11-01,mandya,1.0,1000.0,1000.0,1000.0,1,Mandya,Tomato,Karnataka,True,True
2022-11-02,mandya,1.0,1000.0,1000.0,1000.0,0,Mandya,Tomato,Karnataka,False,False
2022-11-03,mandya,4.0,1000.0,1000.0,2500.0,1,Mandya,Tomato,Karnataka,True,True
2022-11-04,mandya,2.0,1000.0,1000.0,1000.0,1,Mandya,Tomato,Karnataka,True,True
2022-11-05,mandya,2.0,1000.0,1000.0,1000.0,0,Mandya,Tomato,Karnataka,False,False
2022-11-06,mandya,1.0,1000.0,1000.0,1000.0,1,Mandya,Tomato,Karnataka,True,True
2022-11-07,mandya,1.0,1000.0,1000.0,1000.0,1,Mandya,Tomato,Karnataka,True,True
2022-11-08,mandya,1.0,1000.0,1000.0,1000.0,1,Mandya,Tomato,Karnataka,True,True
2022-11-09,mandya,1.0,1000.0,1000.0,1000.0,0,Mandya,Tomato,Karnataka,False,False
2022-11-10,mandya,2.0,1000.0,1000.0,1000.0,1,Mandya,Tomato,Karnataka,True,True
2022-11-11,mandya,2.0,1000.0,1000.0,1000.0,1,Mandya,Tomato,Karnataka,True,True
2022-11-12,mandya,2.0,1000.0,1000.0,1000.0,0,Mandya,Tomato,Karnataka,False,False
2022-11-13,mandya,2.0,1000.0,1000.0,1000.0,0,Mandya,Tomato,Karnataka,False,False
2022-11-14,mandya,4.0,500.0,500.0,500.0,2,Mandya,Tomato,Karnataka,True,True
2022-11-15,mandya,7.0,800.0,800.0,800.0,2,Mandya,Tomato,Karnataka,True,True
2022-11-16,mandya,7.0,800.0,800.0,800.0,0,Mandya,Tomato,Karnataka,False,False
2022-11-17,mandya,2.0,750.0,720.0,750.0,1,Mandya,Tomato,Karnataka,True,True
2022-11-18,mandya,2.0,750.0,720.0,750.0,0,Mandya,Tomato,Karnataka,False,False
2022-11-19,mandya,2.0,750.0,720.0,750.0,0,Mandya,Tomato,Karnataka,False,False
2022-11-20,mandya,1.0,1000.0,1000.0,1000.0,1,Mandya,Tomato,Karnataka,True,True
2022-11-21,mandya,4.0,1000.0,1000.0,1000.0,2,Mandya,Tomato,Karnataka,True,True
2022-11-22,mandya,3.0,1000.0,1000.0,1000.0,1,Mandya,Tomato,Karnataka,True,True
2022-11-23,mandya,3.0,1000.0,1000.0,1000.0,0,Mandya,Tomato,Karnataka,False,False
2022-11-24,mandya,10.0,1000.0,1000.0,1000.0,0,Mandya,Tomato,Karnataka,True,False
2022-11-25,mandya,1.0,1000.0,1000.0,1000.0,1,Mandya,Tomato,Karnataka,True,True
2022-11-26,mandya,1.0,1000.0,1000.0,1000.0,0,Mandya,Tomato,Karnataka,False,False
2022-11-27,mandya,1.0,1000.0,1000.0,1000.0,1,Mandya,Tomato,Karnataka,True,True
2022-11-28,mandya,3.0,875.0,850.0,900.0,2,Mandya,Tomato,Karnataka,True,True
2022-11-29,mandya,2.0,1000.0,1000.0,1000.0,1,Mandya,Tomato,Karnataka,True,True
2022-11-30,mandya,2.0,1000.0,1000.0,1000.0,0,Mandya,Tomato,Karnataka,False,False
2022-12-01,mandya,20.0,900.0,900.0,1000.0,2,Mandya,Tomato,Karnataka,True,True
2022-12-02,mandya,1.0,1000.0,1000.0,1000.0,1,Mandya,Tomato,Karnataka,True,True
2022-12-03,mandya,1.0,1000.0,1000.0,1000.0,0,Mandya,Tomato,Karnataka,False,False
2022-12-04,mandya,1.0,1000.0,1000.0,1000.0,1,Mandya,Tomato,Karnataka,True,True
2022-12-05,mandya,4.0,1000.0,1000.0,1000.0,2,Mandya,Tomato,Karnataka,True,True
2022-12-06,mandya,2.0,1000.0,1000.0,1000.0,1,Mandya,Tomato,Karnataka,True,True
2022-12-07,mandya,2.0,1000.0,1000.0,1000.0,0,Mandya,Tomato,Karnataka,False,False
2022-12-08,mandya,9.0,900.0,900.0,1100.0,2,Mandya,Tomato,Karnataka,True,True
2022-12-09,mandya,3.0,1000.0,1000.0,1000.0,1,Mandya,Tomato,Karnataka,True,True
2022-12-10,mandya,3.0,1000.0,1000.0,1000.0,0,Mandya,Tomato,Karnataka,False,False
2022-12-11,mandya,1.0,1000.0,1000.0,1000.0,1,Mandya,Tomato,Karnataka,True,True
2022-12-12,mandya,1.0,1000.0,1000.0,1000.0,1,Mandya,Tomato,Karnataka,True,True
2022-12-13,mandya,2.0,1000.0,1000.0,1000.0,1,Mandya,Tomato,Karnataka,True,True
2022-12-14,mandya,2.0,1000.0,1000.0,1000.0,0,Mandya,Tomato,Karnataka,False,False
2022-12-15,mandya,10.0,1000.0,800.0,1600.0,1,Mandya,Tomato,Karnataka,True,True
2022-12-16,mandya,11.0,1200.0,1200.0,1200.0,1,Mandya,Tomato,Karnataka,True,True
2022-12-17,mandya,11.0,1200.0,1200.0,1200.0,0,Mandya,Tomato,Karnataka,False,False
2022-12-18,mandya,1.0,1000.0,1000.0,1000.0,1,Mandya,Tomato,Karnataka,True,True
2022-12-19,mandya,1.0,1000.0,1000.0,1000.0,1,Mandya,Tomato,Karnataka,True,True
2022-12-20,mandya,2.0,1000.0,1000.0,1000.0,1,Mandya,Tomato,Karnataka,True,True
2022-12-21,mandya,2.0,1000.0,1000.0,1000.0,0,Mandya,Tomato,Karnataka,False,False
2022-12-22,mandya,14.0,1000.0,1000.0,1000.0,1,Mandya,Tomato,Karnataka,True,True
2022-12-23,mandya,2.0,1000.0,1000.0,1000.0,1,Mandya,Tomato,Karnataka,True,True
2022-12-24,mandya,2.0,1000.0,1000.0,1000.0,0,Mandya,Tomato,Karnataka,False,False
2022-12-25,mandya,1.0,1000.0,1000.0,1000.0,1,Mandya,Tomato,Karnataka,True,True
2022-12-26,mandya,1.0,1000.0,1000.0,1000.0,1,Mandya,Tomato,Karnataka,True,True
2022-12-27,mandya,2.0,1000.0,1000.0,1000.0,1,Mandya,Tomato,Karnataka,True,True
2022-12-28,mandya,2.0,1000.0,1000.0,1000.0,0,Mandya,Tomato,Karnataka,False,False
2022-12-29,mandya,22.0,1000.0,1000.0,1000.0,0,Mandya,Tomato,Karnataka,True,False
2022-12-30,mandya,2.0,1000.0,1000.0,1000.0,1,Mandya,Tomato,Karnataka,True,True
2022-12-31,mandya,2.0,1000.0,1000.0,1000.0,0,Mandya,Tomato,Karnataka,False,False
2023-01-01,mandya,3.0,1000.0,1000.0,1000.0,1,Mandya,Tomato,Karnataka,True,True
2023-01-02,mandya,4.0,1050.0,1050.0,1050.0,2,Mandya,Tomato,Karnataka,True,True
2023-01-03,mandya,3.0,1000.0,1000.0,1000.0,1,Mandya,Tomato,Karnataka,True,True
2023-01-04,mandya,3.0,1000.0,1000.0,1000.0,0,Mandya,Tomato,Karnataka,False,False
2023-01-05,mandya,15.0,1100.0,1000.0,1150.0,2,Mandya,Tomato,Karnataka,True,True
2023-01-06,mandya,15.0,1100.0,1000.0,1150.0,0,Mandya,Tomato,Karnataka,False,False
2023-01-07,mandya,1.0,1200.0,1200.0,1200.0,1,Mandya,Tomato,Karnataka,True,True
2023-01-08,mandya,1.0,1000.0,1000.0,1000.0,1,Mandya,Tomato,Karnataka,True,True
2023-01-09,mandya,1.0,1000.0,1000.0,1000.0,0,Mandya,Tomato,Karnataka,False,False
2023-01-10,mandya,2.0,1000.0,1000.0,1000.0,1,Mandya,Tomato,Karnataka,True,True
2023-01-11,mandya,6.0,1200.0,1200.0,1500.0,1,Mandya,Tomato,Karnataka,True,True
2023-01-12,mandya,1.0,1000.0,1000.0,1000.0,1,Mandya,Tomato,Karnataka,True,True
2023-01-13,mandya,3.0,1400.0,1400.0,1400.0,1,Mandya,Tomato,Karnataka,True,True
2023-01-14,mandya,3.0,1400.0,1400.0,1400.0,0,Mandya,Tomato,Karnataka,False,False
2023-01-15,mandya,1.0,1000.0,1000.0,1000.0,1,Mandya,Tomato,Karnataka,True,True
2023-01-16,mandya,1.0,1000.0,1000.0,1000.0,0,Mandya,Tomato,Karnataka,False,False
2023-01-17,mandya,2.0,1000.0,1000.0,1000.0,1,Mandya,Tomato,Karnataka,True,True
2023-01-18,mandya,9.0,2200.0,2000.0,2200.0,1,Mandya,Tomato,Karnataka,True,True
2023-01-19,mandya,26.0,1300.0,1300.0,1500.0,2,Mandya,Tomato,Karnataka,True,True
2023-01-20,mandya,4.0,1000.0,1000.0,1000.0,1,Mandya,Tomato,Karnataka,True,True
2023-01-21,mandya,4.0,1000.0,1000.0,1000.0,0,Mandya,Tomato,Karnataka,False,False
2023-01-22,mandya,4.0,1000.0,1000.0,1000.0,0,Mandya,Tomato,Karnataka,False,False
2023-01-23,mandya,1.0,1000.0,1000.0,1000.0,1,Mandya,Tomato,Karnataka,True,True
2023-01-24,mandya,2.0,1000.0,1000.0,1000.0,1,Mandya,Tomato,Karnataka,True,True
2023-01-25,mandya,2.0,1000.0,1000.0,1000.0,0,Mandya,Tomato,Karnataka,False,False
2023-01-26,mandya,1.0,1000.0,1000.0,1000.0,1,Mandya,Tomato,Karnataka,True,True
2023-01-27,mandya,15.0,1250.0,1250.0,1250.0,2,Mandya,Tomato,Karnataka,True,True
2023-01-28,mandya,15.0,1250.0,1250.0,1250.0,0,Mandya,Tomato,Karnataka,False,False
2023-01-29,mandya,1.0,1000.0,1000.0,1000.0,1,Mandya,Tomato,Karnataka,True,True
2023-01-30,mandya,3.0,1400.0,1400.0,1400.0,2,Mandya,Tomato,Karnataka,True,True
2023-01-31,mandya,2.0,1000.0,1000.0,1000.0,1,Mandya,Tomato,Karnataka,True,True
2023-02-01,mandya,16.0,1000.0,1000.0,1000.0,0,Mandya,Tomato,Karnataka,True,False
2023-02-02,mandya,3.0,1500.0,1500.0,1500.0,2,Mandya,Tomato,Karnataka,True,True
2023-02-03,mandya,5.0,1000.0,1000.0,1000.0,1,Mandya,Tomato,Karnataka,True,True
2023-02-04,mandya,5.0,1000.0,1000.0,1000.0,0,Mandya,Tomato,Karnataka,False,False
2023-02-05,mandya,1.0,1000.0,1000.0,1000.0,1,Mandya,Tomato,Karnataka,True,True
2023-02-06,mandya,1.0,1000.0,1000.0,1000.0,1,Mandya,Tomato,Karnataka,True,True
2023-02-07,mandya,3.0,1000.0,1000.0,1000.0,1,Mandya,Tomato,Karnataka,True,True
2023-02-08,mandya,1.0,1000.0,1000.0,1000.0,1,Mandya,Tomato,Karnataka,True,True
2023-02-09,mandya,19.0,1000.0,1000.0,1000.0,1,Mandya,Tomato,Karnataka,True,True
2023-02-10,mandya,2.0,1000.0,1000.0,1000.0,1,Mandya,Tomato,Karnataka,True,True
2023-02-11,mandya,2.0,1000.0,1000.0,1000.0,0,Mandya,Tomato,Karnataka,False,False
2023-02-12,mandya,3.0,1000.0,1000.0,1000.0,1,Mandya,Tomato,Karnataka,True,True
2023-02-13,mandya,3.0,1000.0,1000.0,1000.0,0,Mandya,Tomato,Karnataka,False,False
2023-02-14,mandya,3.0,1000.0,1000.0,1000.0,1,Mandya,Tomato,Karnataka,True,True
2023-02-15,mandya,3.0,1000.0,1000.0,1000.0,0,Mandya,Tomato,Karnataka,False,False
2023-02-16,mandya,14.0,2000.0,1600.0,3000.0,1,Mandya,Tomato,Karnataka,True,True
2023-02-17,mandya,3.0,1000.0,1000.0,1000.0,1,Mandya,Tomato,Karnataka,True,True
2023-02-18,mandya,3.0,1000.0,1000.0,1000.0,0,Mandya,Tomato,Karnataka,False,False
2023-02-19,mandya,3.0,1000.0,1000.0,1000.0,1,Mandya,Tomato,Karnataka,True,True
2023-02-20,mandya,4.0,1400.0,1400.0,1600.0,2,Mandya,Tomato,Karnataka,True,True
2023-02-21,mandya,5.0,1000.0,1000.0,1000.0,1,Mandya,Tomato,Karnataka,True,True
2023-02-22,mandya,1.0,2500.0,2500.0,2500.0,1,Mandya,Tomato,Karnataka,True,True
2023-02-23,mandya,18.0,1500.0,1500.0,1600.0,2,Mandya,Tomato,Karnataka,True,True
2023-02-24,mandya,5.0,1000.0,1000.0,1000.0,1,Mandya,Tomato,Karnataka,True,True
2023-02-25,mandya,5.0,1000.0,1000.0,1000.0,0,Mandya,Tomato,Karnataka,False,False
2023-02-26,mandya,3.0,1000.0,1000.0,1000.0,1,Mandya,Tomato,Karnataka,True,True
2023-02-27,mandya,1.0,1000.0,1000.0,1000.0,1,Mandya,Tomato,Karnataka,True,True
2023-02-28,mandya,1.0,1000.0,1000.0,1000.0,1,Mandya,Tomato,Karnataka,True,True
2023-03-01,mandya,1.0,1000.0,1000.0,1000.0,0,Mandya,Tomato,Karnataka,False,False
2023-03-02,mandya,17.0,1000.0,1000.0,1000.0,2,Mandya,Tomato,Karnataka,True,True
2023-03-03,mandya,3.0,1000.0,1000.0,1250.0,2,Mandya,Tomato,Karnataka,True,True
2023-03-04,mandya,3.0,1000.0,1000.0,1250.0,0,Mandya,Tomato,Karnataka,False,False
2023-03-05,mandya,1.0,1000.0,1000.0,1000.0,1,Mandya,Tomato,Karnataka,True,True
2023-03-06,mandya,2.0,1000.0,1000.0,1000.0,1,Mandya,Tomato,Karnataka,True,True
2023-03-07,mandya,4.0,1250.0,1250.0,1250.0,2,Mandya,Tomato,Karnataka,True,True
2023-03-08,mandya,4.0,1250.0,1250.0,1250.0,0,Mandya,Tomato,Karnataka,False,False
2023-03-09,mandya,17.0,1500.0,1100.0,1500.0,2,Mandya,Tomato,Karnataka,True,True
2023-03-10,mandya,2.0,1000.0,1000.0,1000.0,1,Mandya,Tomato,Karnataka,True,True
2023-03-11,mandya,2.0,1000.0,1000.0,1000.0,0,Mandya,Tomato,Karnataka,False,False
2023-03-12,mandya,2.0,1000.0,1000.0,1000.0,1,Mandya,Tomato,Karnataka,True,True
2023-03-13,mandya,2.0,1500.0,1500.0,1500.0,2,Mandya,Tomato,Karnataka,True,True
2023-03-14,mandya,2.0,1500.0,1500.0,1500.0,0,Mandya,Tomato,Karnataka,True,False
2023-03-15,mandya,10.0,1200.0,1200.0,2000.0,1,Mandya,Tomato,Karnataka,True,True
2023-03-16,mandya,1.0,1000.0,1000.0,1000.0,1,Mandya,Tomato,Karnataka,True,True
2023-03-17,mandya,4.0,1000.0,1000.0,1000.0,0,Mandya,Tomato,Karnataka,True,False
2023-03-18,mandya,1.0,2000.0,2000.0,2000.0,1,Mandya,Tomato,Karnataka,True,True
2023-03-19,mandya,2.0,1000.0,1000.0,1000.0,1,Mandya,Tomato,Karnataka,True,True
2023-03-20,mandya,1.0,1000.0,1000.0,1000.0,1,Mandya,Tomato,Karnataka,True,True
2023-03-21,mandya,7.0,1500.0,1500.0,1500.0,2,Mandya,Tomato,Karnataka,True,True
2023-03-22,mandya,7.0,1500.0,1500.0,1500.0,0,Mandya,Tomato,Karnataka,False,False
2023-03-23,mandya,27.0,1500.0,1500.0,1500.0,0,Mandya,Tomato,Karnataka,True,False
2023-03-24,mandya,2.0,1000.0,1000.0,1000.0,1,Mandya,Tomato,Karnataka,True,True
2023-03-25,mandya,2.0,1000.0,1000.0,1000.0,0,Mandya,Tomato,Karnataka,False,False
2023-03-26,mandya,2.0,1000.0,1000.0,1000.0,1,Mandya,Tomato,Karnataka,True,True
2023-03-27,mandya,8.0,1000.0,1000.0,1200.0,1,Mandya,Tomato,Karnataka,True,True
2023-03-28,mandya,2.0,1000.0,1000.0,1000.0,1,Mandya,Tomato,Karnataka,True,True
2023-03-29,mandya,2.0,1000.0,1000.0,1000.0,1,Mandya,Tomato,Karnataka,True,True
2023-03-30,mandya,22.0,1000.0,500.0,1000.0,2,Mandya,Tomato,Karnataka,True,True
2023-03-31,mandya,13.0,850.0,750.0,1000.0,2,Mandya,Tomato,Karnataka,True,True
2023-04-01,mandya,13.0,850.0,750.0,1000.0,0,Mandya,Tomato,Karnataka,False,False
2023-04-02,mandya,1.0,1000.0,1000.0,1000.0,1,Mandya,Tomato,Karnataka,True,True
2023-04-03,mandya,6.0,1000.0,1000.0,1000.0,0,Mandya,Tomato,Karnataka,True,False
2023-04-04,mandya,6.0,1000.0,1000.0,1000.0,0,Mandya,Tomato,Karnataka,False,False
2023-04-05,mandya,6.0,1000.0,1000.0,1000.0,0,Mandya,Tomato,Karnataka,False,False
2023-04-06,mandya,,,,,0,Mandya,Tomato,Karnataka,False,False
2023-04-07,mandya,1.0,1000.0,1000.0,1000.0,1,Mandya,Tomato,Karnataka,True,True
2023-04-08,mandya,1.0,1000.0,1000.0,1000.0,0,Mandya,Tomato,Karnataka,False,False
2023-04-09,mandya,5.0,1000.0,1000.0,1000.0,1,Mandya,Tomato,Karnataka,True,True
2023-04-10,mandya,27.0,600.0,590.0,800.0,3,Mandya,Tomato,Karnataka,True,True
2023-04-11,mandya,1.0,1000.0,1000.0,1000.0,1,Mandya,Tomato,Karnataka,True,True
2023-04-12,mandya,13.0,1000.0,1000.0,1000.0,1,Mandya,Tomato,Karnataka,True,True
2023-04-13,mandya,34.0,850.0,750.0,1000.0,2,Mandya,Tomato,Karnataka,True,True
2023-04-14,mandya,34.0,850.0,750.0,1000.0,0,Mandya,Tomato,Karnataka,False,False
2023-04-15,mandya,34.0,850.0,750.0,1000.0,0,Mandya,Tomato,Karnataka,False,False
2023-04-16,mandya,13.0,1000.0,1000.0,1000.0,1,Mandya,Tomato,Karnataka,True,True
2023-04-17,mandya,11.0,800.0,797.5,800.0,2,Mandya,Tomato,Karnataka,True,True
2023-04-18,mandya,24.0,750.0,750.0,800.0,2,Mandya,Tomato,Karnataka,True,True
2023-04-19,mandya,8.0,1000.0,1000.0,1000.0,1,Mandya,Tomato,Karnataka,True,True
2023-04-20,mandya,26.0,900.0,800.0,900.0,2,Mandya,Tomato,Karnataka,True,True
2023-04-21,mandya,5.0,1000.0,1000.0,1000.0,1,Mandya,Tomato,Karnataka,True,True
2023-04-22,mandya,5.0,1000.0,1000.0,1000.0,0,Mandya,Tomato,Karnataka,False,False
2023-04-23,mandya,12.0,1000.0,1000.0,1000.0,1,Mandya,Tomato,Karnataka,True,True
2023-04-24,mandya,16.0,800.0,750.0,800.0,2,Mandya,Tomato,Karnataka,True,True
2023-04-25,mandya,11.0,1000.0,1000.0,1000.0,1,Mandya,Tomato,Karnataka,True,True
2023-04-26,mandya,3.0,800.0,800.0,800.0,2,Mandya,Tomato,Karnataka,True,True
2023-04-27,mandya,19.0,800.0,800.0,850.0,2,Mandya,Tomato,Karnataka,True,True
2023-04-28,mandya,11.0,1000.0,1000.0,1000.0,1,Mandya,Tomato,Karnataka,True,True
2023-04-29,mandya,11.0,1000.0,1000.0,1000.0,0,Mandya,Tomato,Karnataka,False,False
2023-04-30,mandya,9.0,1000.0,1000.0,1000.0,0,Mandya,Tomato,Karnataka,True,False
2023-05-01,mandya,3.0,1000.0,1000.0,1000.0,1,Mandya,Tomato,Karnataka,True,True
2023-05-02,mandya,11.0,1000.0,1000.0,1000.0,1,Mandya,Tomato,Karnataka,True,True
2023-05-03,mandya,8.0,500.0,500.0,500.0,1,Mandya,Tomato,Karnataka,True,True
2023-05-04,mandya,18.0,800.0,750.0,800.0,2,Mandya,Tomato,Karnataka,True,True
2023-05-05,mandya,17.0,800.0,800.0,800.0,3,Mandya,Tomato,Karnataka,True,True
2023-05-06,mandya,17.0,800.0,800.0,800.0,0,Mandya,Tomato,Karnataka,False,False
2023-05-07,mandya,11.0,1000.0,500.0,1000.0,1,Mandya,Tomato,Karnataka,True,True
2023-05-08,mandya,5.0,900.0,900.0,900.0,2,Mandya,Tomato,Karnataka,True,True
2023-05-09,mandya,6.0,1000.0,1000.0,1000.0,1,Mandya,Tomato,Karnataka,True,True
2023-05-10,mandya,6.0,1000.0,1000.0,1000.0,0,Mandya,Tomato,Karnataka,False,False
2023-05-11,mandya,5.0,1000.0,1000.0,1000.0,1,Mandya,Tomato,Karnataka,True,True
2023-05-12,mandya,22.0,800.0,500.0,1000.0,3,Mandya,Tomato,Karnataka,True,True
2023-05-13,mandya,22.0,800.0,500.0,1000.0,0,Mandya,Tomato,Karnataka,False,False
2023-05-14,mandya,4.0,1000.0,1000.0,1000.0,1,Mandya,Tomato,Karnataka,True,True
2023-05-15,mandya,7.0,1000.0,1000.0,1000.0,0,Mandya,Tomato,Karnataka,True,False
2023-05-16,mandya,5.0,1000.0,1000.0,1000.0,1,Mandya,Tomato,Karnataka,True,True
2023-05-17,mandya,13.0,1000.0,900.0,1100.0,2,Mandya,Tomato,Karnataka,True,True
2023-05-18,mandya,5.0,1000.0,600.0,1000.0,1,Mandya,Tomato,Karnataka,True,True
2023-05-19,mandya,3.0,1000.0,1000.0,1000.0,1,Mandya,Tomato,Karnataka,True,True
2023-05-20,mandya,3.0,1000.0,1000.0,1000.0,0,Mandya,Tomato,Karnataka,False,False
2023-05-21,mandya,4.0,1000.0,1000.0,1000.0,1,Mandya,Tomato,Karnataka,True,True
2023-05-22,mandya,5.0,950.0,950.0,950.0,2,Mandya,Tomato,Karnataka,True,True
2023-05-23,mandya,3.0,1000.0,1000.0,1000.0,1,Mandya,Tomato,Karnataka,True,True
2023-05-24,mandya,3.0,1000.0,1000.0,1000.0,0,Mandya,Tomato,Karnataka,True,False
2023-05-25,mandya,18.0,1000.0,1000.0,1000.0,2,Mandya,Tomato,Karnataka,True,True
2023-05-26,mandya,4.0,1000.0,1000.0,1000.0,1,Mandya,Tomato,Karnataka,True,True
2023-05-27,mandya,4.0,1000.0,1000.0,1000.0,0,Mandya,Tomato,Karnataka,False,False
2023-05-28,mandya,5.0,1000.0,1000.0,1000.0,1,Mandya,Tomato,Karnataka,True,True
2023-05-29,mandya,3.0,600.0,600.0,600.0,1,Mandya,Tomato,Karnataka,True,True
2023-05-30,mandya,5.0,900.0,900.0,900.0,2,Mandya,Tomato,Karnataka,True,True
2023-05-31,mandya,4.0,1000.0,1000.0,1000.0,1,Mandya,Tomato,Karnataka,True,True
2023-06-01,mandya,13.0,1200.0,1200.0,1200.0,1,Mandya,Tomato,Karnataka,True,True
2023-06-02,mandya,10.0,1000.0,1000.0,1100.0,2,Mandya,Tomato,Karnataka,True,True
2023-06-03,mandya,10.0,1000.0,1000.0,1100.0,0,Mandya,Tomato,Karnataka,False,False
2023-06-04,mandya,4.0,1000.0,1000.0,1000.0,1,Mandya,Tomato,Karnataka,True,True
2023-06-05,mandya,6.0,1250.0,1250.0,1250.0,2,Mandya,Tomato,Karnataka,True,True
2023-06-06,mandya,8.0,1000.0,1000.0,1000.0,2,Mandya,Tomato,Karnataka,True,True
2023-06-07,mandya,4.0,1000.0,1000.0,2000.0,1,Mandya,Tomato,Karnataka,True,True
2023-06-08,mandya,14.0,1500.0,1250.0,1600.0,2,Mandya,Tomato,Karnataka,True,True
2023-06-09,mandya,4.0,1000.0,1000.0,1000.0,1,Mandya,Tomato,Karnataka,True,True
2023-06-10,mandya,4.0,1000.0,1000.0,1000.0,0,Mandya,Tomato,Karnataka,False,False
2023-06-11,mandya,5.0,1000.0,1000.0,1000.0,1,Mandya,Tomato,Karnataka,True,True
2023-06-12,mandya,2.0,1690.0,1500.0,1700.0,2,Mandya,Tomato,Karnataka,True,True
2023-06-13,mandya,6.0,1690.0,1500.0,1700.0,0,Mandya,Tomato,Karnataka,True,False
2023-06-14,mandya,2.0,1000.0,1000.0,1000.0,1,Mandya,Tomato,Karnataka,True,True
2023-06-15,mandya,9.0,1700.0,1500.0,1750.0,2,Mandya,Tomato,Karnataka,True,True
2023-06-16,mandya,5.0,1000.0,1000.0,1000.0,1,Mandya,Tomato,Karnataka,True,True
2023-06-17,mandya,5.0,1000.0,1000.0,1000.0,0,Mandya,Tomato,Karnataka,False,False
2023-06-18,mandya,4.0,1000.0,1000.0,1000.0,1,Mandya,Tomato,Karnataka,True,True
2023-06-19,mandya,3.0,2080.0,200.0,2100.0,2,Mandya,Tomato,Karnataka,True,True
2023-06-20,mandya,5.0,1000.0,1000.0,1000.0,1,Mandya,Tomato,Karnataka,True,True
2023-06-21,mandya,5.0,1000.0,1000.0,1000.0,0,Mandya,Tomato,Karnataka,False,False
2023-06-22,mandya,11.0,1000.0,1000.0,1000.0,2,Mandya,Tomato,Karnataka,True,True
2023-06-23,mandya,5.0,1000.0,1000.0,1000.0,0,Mandya,Tomato,Karnataka,True,False
2023-06-24,mandya,5.0,1000.0,1000.0,1000.0,0,Mandya,Tomato,Karnataka,False,False
2023-06-25,mandya,4.0,1000.0,1000.0,1000.0,1,Mandya,Tomato,Karnataka,True,True
2023-06-26,mandya,3.0,2385.0,2300.0,2400.0,2,Mandya,Tomato,Karnataka,True,True
2023-06-27,mandya,4.0,1000.0,1000.0,1000.0,1,Mandya,Tomato,Karnataka,True,True
2023-06-28,mandya,1.0,6000.0,4000.0,6000.0,1,Mandya,Tomato,Karnataka,True,True
2023-06-29,mandya,2.0,1000.0,1000.0,1000.0,1,Mandya,Tomato,Karnataka,True,True
2023-06-30,mandya,3.0,1000.0,1000.0,1000.0,1,Mandya,Tomato,Karnataka,True,True
2023-07-01,mandya,3.0,1000.0,1000.0,1000.0,0,Mandya,Tomato,Karnataka,False,False
2023-07-02,mandya,2.0,1000.0,1000.0,1000.0,0,Mandya,Tomato,Karnataka,True,False
2023-07-03,mandya,2.0,3350.0,3350.0,3350.0,2,Mandya,Tomato,Karnataka,True,True
2023-07-04,mandya,1.0,5000.0,5000.0,5000.0,1,Mandya,Tomato,Karnataka,True,True
2023-07-05,mandya,1.0,5000.0,5000.0,5000.0,0,Mandya,Tomato,Karnataka,False,False
2023-07-06,mandya,6.0,5000.0,5000.0,6500.0,2,Mandya,Tomato,Karnataka,True,True
2023-07-07,mandya,1.0,5000.0,5000.0,5000.0,1,Mandya,Tomato,Karnataka,True,True
2023-07-08,mandya,1.0,5000.0,5000.0,5000.0,0,Mandya,Tomato,Karnataka,False,False
2023-07-09,mandya,1.0,5000.0,5000.0,5000.0,1,Mandya,Tomato,Karnataka,True,True
2023-07-10,mandya,1.0,5000.0,5000.0,5000.0,2,Mandya,Tomato,Karnataka,False,True
2023-07-11,mandya,3.0,5000.0,5000.0,5000.0,2,Mandya,Tomato,Karnataka,True,True
2023-07-12,mandya,3.0,5000.0,5000.0,5000.0,0,Mandya,Tomato,Karnataka,False,False
2023-07-13,mandya,2.0,6500.0,6500.0,6500.0,2,Mandya,Tomato,Karnataka,True,True
2023-07-14,mandya,1.0,5000.0,5000.0,5000.0,1,Mandya,Tomato,Karnataka,True,True
2023-07-15,mandya,9.0,8000.0,8000.0,8000.0,1,Mandya,Tomato,Karnataka,True,True
2023-07-16,mandya,1.0,5000.0,5000.0,5000.0,1,Mandya,Tomato,Karnataka,True,True
2023-07-17,mandya,2.0,8100.0,8100.0,8100.0,1,Mandya,Tomato,Karnataka,True,True
2023-07-18,mandya,12.0,8100.0,8100.0,8100.0,2,Mandya,Tomato,Karnataka,True,True
2023-07-19,mandya,10.0,8000.0,8000.0,8000.0,1,Mandya,Tomato,Karnataka,True,True
2023-07-20,mandya,10.0,8000.0,8000.0,8000.0,1,Mandya,Tomato,Karnataka,True,True
2023-07-21,mandya,11.0,8000.0,7500.0,8000.0,2,Mandya,Tomato,Karnataka,True,True
2023-07-22,mandya,7.0,7300.0,7000.0,7300.0,1,Mandya,Tomato,Karnataka,True,True
2023-07-23,mandya,7.0,7300.0,7000.0,7300.0,0,Mandya,Tomato,Karnataka,False,False
2023-07-24,mandya,5.0,7500.0,7000.0,7500.0,1,Mandya,Tomato,Karnataka,True,True
2023-07-25,mandya,9.0,9300.0,7500.0,9300.0,1,Mandya,Tomato,Karnataka,True,True
2023-07-26,mandya,11.0,7600.0,7600.0,7600.0,2,Mandya,Tomato,Karnataka,True,True
2023-07-27,mandya,11.0,8500.0,8500.0,8500.0,2,Mandya,Tomato,Karnataka,True,True
2023-07-28,mandya,6.0,9000.0,8000.0,9000.0,2,Mandya,Tomato,Karnataka,True,True
2023-07-29,mandya,8.0,9500.0,9500.0,9500.0,1,Mandya,Tomato,Karnataka,True,True
2023-07-30,mandya,6.0,10000.0,10000.0,10050.0,1,Mandya,Tomato,Karnataka,True,True
2023-07-31,mandya,5.0,10050.0,10050.0,10050.0,1,Mandya,Tomato,Karnataka,True,True
2023-08-01,mandya,6.0,10000.0,9500.0,10000.0,2,Mandya,Tomato,Karnataka,True,True
2023-08-02,mandya,8.0,11250.0,10250.0,11250.0,1,Mandya,Tomato,Karnataka,True,True
2023-08-03,mandya,16.0,10000.0,9000.0,10000.0,2,Mandya,Tomato,Karnataka,True,True
2023-08-04,mandya,10.0,8000.0,7500.0,8000.0,1,Mandya,Tomato,Karnataka,True,True
2023-08-05,mandya,9.0,6500.0,6500.0,6500.0,1,Mandya,Tomato,Karnataka,True,True
2023-08-06,mandya,3.0,6250.0,6250.0,6250.0,1,Mandya,Tomato,Karnataka,True,True
2023-08-07,mandya,5.0,6000.0,5500.0,6000.0,1,Mandya,Tomato,Karnataka,True,True
2023-08-08,mandya,5.0,5500.0,5500.0,6000.0,3,Mandya,Tomato,Karnataka,True,True
2023-08-09,mandya,9.0,6000.0,5500.0,6000.0,1,Mandya,Tomato,Karnataka,True,True
2023-08-10,mandya,4.0,5000.0,5000.0,5000.0,1,Mandya,Tomato,Karnataka,True,True
2023-08-11,mandya,15.0,3500.0,3500.0,3500.0,2,Mandya,Tomato,Karnataka,True,True
2023-08-12,mandya,5.0,3200.0,3200.0,3200.0,1,Mandya,Tomato,Karnataka,True,True
2023-08-13,mandya,6.0,3600.0,3600.0,3600.0,1,Mandya,Tomato,Karnataka,True,True
2023-08-14,mandya,5.0,3500.0,3500.0,3500.0,1,Mandya,Tomato,Karnataka,True,True
2023-08-15,mandya,3.0,3600.0,3600.0,3600.0,1,Mandya,Tomato,Karnataka,True,True
2023-08-16,mandya,10.0,3750.0,3550.0,3750.0,1,Mandya,Tomato,Karnataka,True,True
2023-08-17,mandya,9.0,3000.0,3000.0,3000.0,2,Mandya,Tomato,Karnataka,True,True
2023-08-18,mandya,7.0,2000.0,2000.0,2000.0,1,Mandya,Tomato,Karnataka,True,True
2023-08-19,mandya,8.0,1800.0,1800.0,1800.0,1,Mandya,Tomato,Karnataka,True,True
2023-08-20,mandya,5.0,2000.0,2000.0,2000.0,1,Mandya,Tomato,Karnataka,True,True
2023-08-21,mandya,5.0,2000.0,2000.0,2000.0,0,Mandya,Tomato,Karnataka,False,False
2023-08-22,mandya,2.0,2000.0,2000.0,2000.0,0,Mandya,Tomato,Karnataka,True,False
2023-08-23,mandya,11.0,2200.0,2200.0,2200.0,1,Mandya,Tomato,Karnataka,True,True
2023-08-24,mandya,17.0,2250.0,2250.0,2250.0,2,Mandya,Tomato,Karnataka,True,True
2023-08-25,mandya,6.0,5250.0,5250.0,6250.0,2,Mandya,Tomato,Karnataka,True,True
2023-08-26,mandya,1.0,5250.0,5250.0,6250.0,0,Mandya,Tomato,Karnataka,True,False
2023-08-27,mandya,2.0,2500.0,2500.0,2500.0,1,Mandya,Tomato,Karnataka,True,True
2023-08-28,mandya,2.0,2500.0,2500.0,2500.0,0,Mandya,Tomato,Karnataka,False,False
2023-08-29,mandya,1.0,2500.0,2500.0,2500.0,0,Mandya,Tomato,Karnataka,True,False
2023-08-30,mandya,1.0,2500.0,2500.0,2500.0,0,Mandya,Tomato,Karnataka,True,False
2023-08-31,mandya,1.0,2500.0,2500.0,2500.0,1,Mandya,Tomato,Karnataka,True,True
2023-09-01,mandya,1.0,2500.0,2500.0,2500.0,1,Mandya,Tomato,Karnataka,True,True
2023-09-02,mandya,1.0,2500.0,2500.0,2500.0,0,Mandya,Tomato,Karnataka,False,False
2023-09-03,mandya,1.0,2500.0,2500.0,2500.0,1,Mandya,Tomato,Karnataka,True,True
2023-09-04,mandya,2.0,1850.0,1850.0,1850.0,2,Mandya,Tomato,Karnataka,True,True
2023-09-05,mandya,1.0,1850.0,1850.0,1850.0,0,Mandya,Tomato,Karnataka,True,False
2023-09-06,mandya,1.0,1850.0,1850.0,1850.0,0,Mandya,Tomato,Karnataka,False,False
2023-09-07,mandya,1.0,1850.0,1850.0,1850.0,0,Mandya,Tomato,Karnataka,False,False
2023-09-08,mandya,1.0,2500.0,2500.0,2500.0,1,Mandya,Tomato,Karnataka,True,True
2023-09-09,mandya,2.0,800.0,800.0,800.0,1,Mandya,Tomato,Karnataka,True,True
2023-09-10,mandya,2.0,2500.0,2500.0,2500.0,1,Mandya,Tomato,Karnataka,True,True
2023-09-11,mandya,2.0,700.0,700.0,700.0,1,Mandya,Tomato,Karnataka,True,True
2023-09-12,mandya,2.0,2500.0,2500.0,2500.0,1,Mandya,Tomato,Karnataka,True,True
2023-09-13,mandya,2.0,2500.0,2500.0,2500.0,0,Mandya,Tomato,Karnataka,False,False
2023-09-14,mandya,1.0,2500.0,2500.0,2500.0,1,Mandya,Tomato,Karnataka,True,True
2023-09-15,mandya,1.0,2500.0,2500.0,2500.0,0,Mandya,Tomato,Karnataka,False,False
2023-09-16,mandya,1.0,2500.0,2500.0,2500.0,0,Mandya,Tomato,Karnataka,False,False
2023-09-17,mandya,2.0,2500.0,2500.0,2500.0,1,Mandya,Tomato,Karnataka,True,True
2023-09-18,mandya,1.0,2500.0,2500.0,2500.0,1,Mandya,Tomato,Karnataka,True,True
2023-09-19,mandya,2.0,2500.0,2500.0,2500.0,1,Mandya,Tomato,Karnataka,True,True
2023-09-20,mandya,4.0,1550.0,1550.0,1550.0,2,Mandya,Tomato,Karnataka,True,True
2023-09-21,mandya,2.0,2500.0,2500.0,2500.0,1,Mandya,Tomato,Karnataka,True,True
2023-09-22,mandya,2.0,2500.0,2500.0,2500.0,1,Mandya,Tomato,Karnataka,True,True
2023-09-23,mandya,3.0,600.0,600.0,600.0,1,Mandya,Tomato,Karnataka,True,True
2023-09-24,mandya,2.0,2500.0,2500.0,2500.0,1,Mandya,Tomato,Karnataka,True,True
2023-09-25,mandya,13.0,800.0,800.0,800.0,2,Mandya,Tomato,Karnataka,True,True
2023-09-26,mandya,2.0,1000.0,1000.0,1000.0,1,Mandya,Tomato,Karnataka,True,True
2023-09-27,mandya,2.0,1000.0,1000.0,1000.0,0,Mandya,Tomato,Karnataka,False,False
2023-09-28,mandya,4.0,1000.0,1000.0,1000.0,1,Mandya,Tomato,Karnataka,True,True
2023-09-29,mandya,3.0,1000.0,1000.0,1000.0,1,Mandya,Tomato,Karnataka,True,True
2023-09-30,mandya,3.0,1000.0,1000.0,1000.0,0,Mandya,Tomato,Karnataka,False,False
2023-10-01,mandya,3.0,1000.0,1000.0,1000.0,1,Mandya,Tomato,Karnataka,True,True
2023-10-02,mandya,2.0,1000.0,1000.0,1000.0,1,Mandya,Tomato,Karnataka,True,True
2023-10-03,mandya,3.0,1000.0,1000.0,1000.0,1,Mandya,Tomato,Karnataka,True,True
2023-10-04,mandya,3.0,1000.0,1000.0,1000.0,0,Mandya,Tomato,Karnataka,False,False
2023-10-05,mandya,60.0,850.0,800.0,1000.0,2,Mandya,Tomato,Karnataka,True,True
2023-10-06,mandya,5.0,1000.0,1000.0,1000.0,1,Mandya,Tomato,Karnataka,True,True
2023-10-07,mandya,5.0,700.0,700.0,700.0,2,Mandya,Tomato,Karnataka,True,True
2023-10-08,mandya,5.0,1000.0,1000.0,1000.0,1,Mandya,Tomato,Karnataka,True,True
2023-10-09,mandya,27.0,800.0,800.0,800.0,2,Mandya,Tomato,Karnataka,True,True
2023-10-10,mandya,10.0,800.0,800.0,1000.0,2,Mandya,Tomato,Karnataka,True,True
2023-10-11,mandya,5.0,850.0,850.0,850.0,2,Mandya,Tomato,Karnataka,True,True
2023-10-12,mandya,40.0,1000.0,1000.0,1000.0,1,Mandya,Tomato,Karnataka,True,True
2023-10-13,mandya,5.0,1000.0,1000.0,1000.0,1,Mandya,Tomato,Karnataka,True,True
2023-10-14,mandya,5.0,1000.0,1000.0,1000.0,0,Mandya,Tomato,Karnataka,False,False
2023-10-15,mandya,3.0,1000.0,1000.0,1000.0,1,Mandya,Tomato,Karnataka,True,True
2023-10-16,mandya,11.0,900.0,900.0,900.0,2,Mandya,Tomato,Karnataka,True,True
2023-10-17,mandya,6.0,900.0,900.0,900.0,0,Mandya,Tomato,Karnataka,True,False
2023-10-18,mandya,2.0,900.0,900.0,900.0,0,Mandya,Tomato,Karnataka,True,False
2023-10-19,mandya,3.0,1000.0,1000.0,1000.0,1,Mandya,Tomato,Karnataka,True,True
2023-10-20,mandya,4.0,1000.0,1000.0,1000.0,0,Mandya,Tomato,Karnataka,True,False
2023-10-21,mandya,4.0,1000.0,1000.0,1000.0,0,Mandya,Tomato,Karnataka,False,False
2023-10-22,mandya,4.0,1000.0,1000.0,1000.0,0,Mandya,Tomato,Karnataka,False,False
2023-10-23,mandya,,,,,0,Mandya,Tomato,Karnataka,False,False
2023-10-24,mandya,,,,,0,Mandya,Tomato,Karnataka,False,False
2023-10-25,mandya,,,,,0,Mandya,Tomato,Karnataka,False,False
2023-10-26,mandya,3.0,1000.0,1000.0,1000.0,1,Mandya,Tomato,Karnataka,True,True
2023-10-27,mandya,3.0,1000.0,1000.0,1000.0,1,Mandya,Tomato,Karnataka,True,True
2023-10-28,mandya,3.0,1000.0,1000.0,1000.0,0,Mandya,Tomato,Karnataka,False,False
2023-10-29,mandya,6.0,1000.0,1000.0,1000.0,1,Mandya,Tomato,Karnataka,True,True
2023-10-30,mandya,20.0,1250.0,1250.0,1250.0,2,Mandya,Tomato,Karnataka,True,True
2023-10-31,mandya,5.0,1000.0,1000.0,1000.0,1,Mandya,Tomato,Karnataka,True,True
2023-11-01,mandya,5.0,1000.0,1000.0,1000.0,0,Mandya,Tomato,Karnataka,False,False
2023-11-02,mandya,3.0,1000.0,1000.0,1000.0,1,Mandya,Tomato,Karnataka,True,True
2023-11-03,mandya,7.0,1200.0,1200.0,1200.0,2,Mandya,Tomato,Karnataka,True,True
2023-11-04,mandya,7.0,1200.0,1200.0,1200.0,0,Mandya,Tomato,Karnataka,False,False
2023-11-05,mandya,7.0,1200.0,1200.0,1200.0,0,Mandya,Tomato,Karnataka,False,False
2023-11-06,mandya,2.0,1000.0,1000.0,1000.0,1,Mandya,Tomato,Karnataka,True,True
2023-11-07,mandya,6.0,1250.0,1250.0,1250.0,2,Mandya,Tomato,Karnataka,True,True
2023-11-08,mandya,5.0,2000.0,2000.0,2000.0,1,Mandya,Tomato,Karnataka,True,True
2023-11-09,mandya,4.0,2000.0,2000.0,2000.0,0,Mandya,Tomato,Karnataka,True,False
2023-11-10,mandya,14.0,1000.0,1000.0,1000.0,1,Mandya,Tomato,Karnataka,True,True
2023-11-11,mandya,15.0,2000.0,1900.0,2000.0,1,Mandya,Tomato,Karnataka,True,True
2023-11-12,mandya,3.0,1000.0,1000.0,1000.0,1,Mandya,Tomato,Karnataka,True,True
2023-11-13,mandya,3.0,1000.0,1000.0,1000.0,0,Mandya,Tomato,Karnataka,False,False
2023-11-14,mandya,3.0,1000.0,1000.0,1000.0,0,Mandya,Tomato,Karnataka,False,False
2023-11-15,mandya,7.0,2500.0,2300.0,2500.0,1,Mandya,Tomato,Karnataka,True,True
2023-11-16,mandya,1.0,2500.0,2300.0,2500.0,0,Mandya,Tomato,Karnataka,True,False
2023-11-17,mandya,2.0,2000.0,2000.0,2000.0,1,Mandya,Tomato,Karnataka,True,True
2023-11-18,mandya,16.0,2000.0,1000.0,2000.0,2,Mandya,Tomato,Karnataka,True,True
2023-11-19,mandya,16.0,2000.0,1000.0,2000.0,0,Mandya,Tomato,Karnataka,False,False
2023-11-20,mandya,16.0,2000.0,1000.0,2000.0,0,Mandya,Tomato,Karnataka,False,False
2023-11-21,mandya,,2000.0,1000.0,2000.0,0,Mandya,Tomato,Karnataka,False,False
2023-11-22,mandya,,,,,0,Mandya,Tomato,Karnataka,False,False
2023-11-23,mandya,,,,,0,Mandya,Tomato,Karnataka,False,False
2023-11-24,mandya,1.0,2000.0,2000.0,2000.0,1,Mandya,Tomato,Karnataka,True,True
2023-11-25,mandya,1.0,2000.0,2000.0,2000.0,0,Mandya,Tomato,Karnataka,False,False
2023-11-26,mandya,1.0,2000.0,2000.0,2000.0,0,Mandya,Tomato,Karnataka,False,False
2023-11-27,mandya,1.0,2300.0,2300.0,2300.0,1,Mandya,Tomato,Karnataka,True,True
2023-11-28,mandya,3.0,2000.0,2000.0,2000.0,1,Mandya,Tomato,Karnataka,True,True
2023-11-29,mandya,3.0,2000.0,2000.0,2000.0,0,Mandya,Tomato,Karnataka,False,False
2023-11-30,mandya,3.0,2000.0,2000.0,2000.0,0,Mandya,Tomato,Karnataka,False,False
2023-12-01,mandya,23.0,2500.0,1500.0,2500.0,2,Mandya,Tomato,Karnataka,True,True
2023-12-02,mandya,1.0,2500.0,2500.0,2500.0,1,Mandya,Tomato,Karnataka,True,True
2023-12-03,mandya,1.0,2500.0,2500.0,2500.0,0,Mandya,Tomato,Karnataka,False,False
2023-12-04,mandya,2.0,2500.0,2500.0,2500.0,3,Mandya,Tomato,Karnataka,True,True
2023-12-05,mandya,3.0,2000.0,2000.0,2000.0,1,Mandya,Tomato,Karnataka,True,True
2023-12-06,mandya,2.0,2000.0,2000.0,2000.0,1,Mandya,Tomato,Karnataka,True,True
2023-12-07,mandya,2.0,2000.0,2000.0,2000.0,1,Mandya,Tomato,Karnataka,True,True
2023-12-08,mandya,1.0,2000.0,2000.0,2000.0,1,Mandya,Tomato,Karnataka,True,True
2023-12-09,mandya,9.0,2200.0,2200.0,2200.0,1,Mandya,Tomato,Karnataka,True,True
2023-12-10,mandya,9.0,2200.0,2200.0,2200.0,0,Mandya,Tomato,Karnataka,False,False
2023-12-11,mandya,1.0,2200.0,2200.0,2200.0,0,Mandya,Tomato,Karnataka,True,False
2023-12-12,mandya,3.0,2000.0,2000.0,2000.0,1,Mandya,Tomato,Karnataka,True,True
2023-12-13,mandya,1.0,2300.0,2300.0,2300.0,1,Mandya,Tomato,Karnataka,True,True
2023-12-14,mandya,1.0,2300.0,2300.0,2300.0,0,Mandya,Tomato,Karnataka,False,False
2023-12-15,mandya,1.0,2000.0,2000.0,2000.0,1,Mandya,Tomato,Karnataka,True,True
2023-12-16,mandya,3.0,2000.0,2000.0,2000.0,1,Mandya,Tomato,Karnataka,True,True
2023-12-17,mandya,1.0,2000.0,2000.0,2000.0,1,Mandya,Tomato,Karnataka,True,True
2023-12-18,mandya,1.0,1800.0,1800.0,1800.0,1,Mandya,Tomato,Karnataka,True,True
2023-12-19,mandya,1.0,1800.0,1800.0,1800.0,0,Mandya,Tomato,Karnataka,True,False
2023-12-20,mandya,1.0,2000.0,2000.0,2000.0,1,Mandya,Tomato,Karnataka,True,True
2023-12-21,mandya,1.0,2000.0,2000.0,2000.0,1,Mandya,Tomato,Karnataka,True,True
2023-12-22,mandya,1.0,2000.0,2000.0,2000.0,1,Mandya,Tomato,Karnataka,True,True
2023-12-23,mandya,1.0,2000.0,2000.0,2000.0,0,Mandya,Tomato,Karnataka,False,False
2023-12-24,mandya,1.0,2000.0,2000.0,2000.0,0,Mandya,Tomato,Karnataka,False,False
2023-12-25,mandya,1.0,2000.0,2000.0,2000.0,1,Mandya,Tomato,Karnataka,True,True
2023-12-26,mandya,2.0,2000.0,2000.0,2000.0,1,Mandya,Tomato,Karnataka,True,True
2023-12-27,mandya,1.0,2200.0,2200.0,2200.0,1,Mandya,Tomato,Karnataka,True,True
2023-12-28,mandya,1.0,2000.0,2000.0,2000.0,1,Mandya,Tomato,Karnataka,True,True
2023-12-29,mandya,3.0,2000.0,1500.0,2000.0,1,Mandya,Tomato,Karnataka,True,True
2023-12-30,mandya,3.0,2000.0,1500.0,2000.0,0,Mandya,Tomato,Karnataka,False,False
2023-12-31,mandya,1.0,2000.0,2000.0,2000.0,1,Mandya,Tomato,Karnataka,True,True
2024-01-01,mandya,1.0,2400.0,2400.0,2400.0,1,Mandya,Tomato,Karnataka,True,True
2024-01-02,mandya,4.0,2000.0,1000.0,2000.0,1,Mandya,Tomato,Karnataka,True,True
2024-01-03,mandya,1.0,2000.0,1000.0,2000.0,0,Mandya,Tomato,Karnataka,True,False
2024-01-04,mandya,1.0,2000.0,2000.0,2000.0,1,Mandya,Tomato,Karnataka,True,True
2024-01-05,mandya,3.0,2200.0,2200.0,2200.0,2,Mandya,Tomato,Karnataka,True,True
2024-01-06,mandya,3.0,2200.0,2200.0,2200.0,0,Mandya,Tomato,Karnataka,False,False
2024-01-07,mandya,3.0,2200.0,2200.0,2200.0,0,Mandya,Tomato,Karnataka,False,False
2024-01-08,mandya,,2200.0,2200.0,2200.0,0,Mandya,Tomato,Karnataka,False,False
2024-01-09,mandya,2.0,2000.0,2000.0,2500.0,1,Mandya,Tomato,Karnataka,True,True
2024-01-10,mandya,1.0,2000.0,2000.0,2000.0,1,Mandya,Tomato,Karnataka,True,True
2024-01-11,mandya,1.0,2000.0,2000.0,2000.0,0,Mandya,Tomato,Karnataka,False,False
2024-01-12,mandya,4.0,1500.0,1500.0,2000.0,1,Mandya,Tomato,Karnataka,True,True
2024-01-13,mandya,4.0,1500.0,1500.0,2000.0,0,Mandya,Tomato,Karnataka,False,False
2024-01-14,mandya,2.0,2000.0,2000.0,2000.0,1,Mandya,Tomato,Karnataka,True,True
2024-01-15,mandya,2.0,2000.0,2000.0,2000.0,0,Mandya,Tomato,Karnataka,False,False
2024-01-16,mandya,1.0,2000.0,2000.0,2000.0,1,Mandya,Tomato,Karnataka,True,True
2024-01-17,mandya,1.0,2000.0,2000.0,2000.0,1,Mandya,Tomato,Karnataka,True,True
2024-01-18,mandya,1.0,2000.0,2000.0,2000.0,0,Mandya,Tomato,Karnataka,False,False
2024-01-19,mandya,2.0,2000.0,2000.0,2000.0,1,Mandya,Tomato,Karnataka,True,True
2024-01-20,mandya,1.0,2000.0,2000.0,2000.0,1,Mandya,Tomato,Karnataka,True,True
2024-01-21,mandya,1.0,2000.0,2000.0,2000.0,0,Mandya,Tomato,Karnataka,False,False
2024-01-22,mandya,1.0,2000.0,2000.0,2000.0,0,Mandya,Tomato,Karnataka,True,False
2024-01-23,mandya,5.0,1500.0,1500.0,2000.0,1,Mandya,Tomato,Karnataka,True,True
2024-01-24,mandya,5.0,1500.0,1500.0,2000.0,0,Mandya,Tomato,Karnataka,False,False
2024-01-25,mandya,1.0,2500.0,2500.0,2500.0,1,Mandya,Tomato,Karnataka,True,True
2024-01-26,mandya,1.0,2000.0,2000.0,2000.0,1,Mandya,Tomato,Karnataka,True,True
2024-01-27,mandya,6.0,1800.0,1800.0,1800.0,1,Mandya,Tomato,Karnataka,True,True
2024-01-28,mandya,6.0,1800.0,1800.0,1800.0,0,Mandya,Tomato,Karnataka,False,False
2024-01-29,mandya,6.0,1800.0,1800.0,1800.0,0,Mandya,Tomato,Karnataka,False,False
2024-01-30,mandya,2.0,2000.0,2000.0,2000.0,1,Mandya,Tomato,Karnataka,True,True
2024-01-31,mandya,1.0,1700.0,1700.0,1700.0,1,Mandya,Tomato,Karnataka,True,True
2024-02-01,mandya,3.0,1700.0,1700.0,1700.0,0,Mandya,Tomato,Karnataka,True,False
2024-02-02,mandya,3.0,1700.0,1700.0,1700.0,0,Mandya,Tomato,Karnataka,False,False
2024-02-03,mandya,1.0,1000.0,1000.0,1000.0,1,Mandya,Tomato,Karnataka,True,True
2024-02-04,mandya,5.0,1000.0,1000.0,1000.0,1,Mandya,Tomato,Karnataka,True,True
2024-02-05,mandya,2.0,1500.0,1500.0,2000.0,1,Mandya,Tomato,Karnataka,True,True
2024-02-06,mandya,7.0,1500.0,1500.0,2000.0,0,Mandya,Tomato,Karnataka,True,False
2024-02-07,mandya,7.0,1500.0,1500.0,2000.0,0,Mandya,Tomato,Karnataka,False,False
2024-02-08,mandya,18.0,1400.0,1400.0,1400.0,2,Mandya,Tomato,Karnataka,True,True
2024-02-09,mandya,7.0,1000.0,1000.0,1000.0,1,Mandya,Tomato,Karnataka,True,True
2024-02-10,mandya,1.0,1600.0,1600.0,1600.0,1,Mandya,Tomato,Karnataka,True,True
2024-02-11,mandya,2.0,1000.0,1000.0,1000.0,1,Mandya,Tomato,Karnataka,True,True
2024-02-12,mandya,2.0,1000.0,1000.0,1000.0,0,Mandya,Tomato,Karnataka,False,False
2024-02-13,mandya,4.0,1000.0,1000.0,1000.0,1,Mandya,Tomato,Karnataka,True,True
2024-02-14,mandya,1.0,1600.0,1600.0,1600.0,1,Mandya,Tomato,Karnataka,True,True
2024-02-15,mandya,2.0,1000.0,1000.0,1000.0,1,Mandya,Tomato,Karnataka,True,True
2024-02-16,mandya,5.0,1000.0,1000.0,1000.0,1,Mandya,Tomato,Karnataka,True,True
2024-02-17,mandya,1.0,1200.0,1200.0,1200.0,1,Mandya,Tomato,Karnataka,True,True
2024-02-18,mandya,4.0,1000.0,1000.0,1000.0,1,Mandya,Tomato,Karnataka,True,True
2024-02-19,mandya,3.0,1100.0,1100.0,1100.0,2,Mandya,Tomato,Karnataka,True,True
2024-02-20,mandya,3.0,1000.0,1000.0,1000.0,1,Mandya,Tomato,Karnataka,True,True
2024-02-21,mandya,1.0,1200.0,1200.0,1200.0,1,Mandya,Tomato,Karnataka,True,True
2024-02-22,mandya,2.0,1200.0,1200.0,1200.0,0,Mandya,Tomato,Karnataka,True,False
2024-02-23,mandya,5.0,1000.0,1000.0,1000.0,1,Mandya,Tomato,Karnataka,True,True
2024-02-24,mandya,1.0,1000.0,1000.0,1000.0,1,Mandya,Tomato,Karnataka,True,True
2024-02-25,mandya,4.0,1000.0,1000.0,1000.0,1,Mandya,Tomato,Karnataka,True,True
2024-02-26,mandya,4.0,1000.0,1000.0,1000.0,0,Mandya,Tomato,Karnataka,False,False
2024-02-27,mandya,23.0,1200.0,1100.0,1200.0,2,Mandya,Tomato,Karnataka,True,True
2024-02-28,mandya,20.0,1000.0,1000.0,1000.0,1,Mandya,Tomato,Karnataka,True,True
2024-02-29,mandya,3.0,1000.0,1000.0,1000.0,1,Mandya,Tomato,Karnataka,True,True
2024-03-01,mandya,6.0,1000.0,1000.0,1000.0,2,Mandya,Tomato,Karnataka,True,True
2024-03-02,mandya,6.0,1000.0,1000.0,1000.0,0,Mandya,Tomato,Karnataka,False,False
2024-03-03,mandya,3.0,1000.0,1000.0,1000.0,1,Mandya,Tomato,Karnataka,True,True
2024-03-04,mandya,3.0,1000.0,1000.0,1000.0,1,Mandya,Tomato,Karnataka,True,True
2024-03-05,mandya,4.0,1000.0,1000.0,1000.0,1,Mandya,Tomato,Karnataka,True,True
2024-03-06,mandya,2.0,1000.0,1000.0,1000.0,1,Mandya,Tomato,Karnataka,True,True
2024-03-07,mandya,3.0,1000.0,1000.0,1000.0,1,Mandya,Tomato,Karnataka,True,True
2024-03-08,mandya,2.0,1000.0,1000.0,1000.0,1,Mandya,Tomato,Karnataka,True,True
2024-03-09,mandya,2.0,1000.0,1000.0,1000.0,0,Mandya,Tomato,Karnataka,False,False
2024-03-10,mandya,2.0,1000.0,1000.0,1000.0,1,Mandya,Tomato,Karnataka,True,True
2024-03-11,mandya,3.0,1000.0,1000.0,1000.0,1,Mandya,Tomato,Karnataka,True,True
2024-03-12,mandya,20.0,1000.0,1000.0,1000.0,2,Mandya,Tomato,Karnataka,True,True
2024-03-13,mandya,2.0,1000.0,1000.0,1000.0,1,Mandya,Tomato,Karnataka,True,True
2024-03-14,mandya,1.0,1000.0,1000.0,1000.0,1,Mandya,Tomato,Karnataka,True,True
2024-03-15,mandya,1.0,1000.0,1000.0,1000.0,0,Mandya,Tomato,Karnataka,False,False
2024-03-16,mandya,1.0,1000.0,1000.0,1000.0,0,Mandya,Tomato,Karnataka,False,False
2024-03-17,mandya,1.0,1000.0,1000.0,1000.0,1,Mandya,Tomato,Karnataka,True,True
2024-03-18,mandya,3.0,1000.0,1000.0,1000.0,2,Mandya,Tomato,Karnataka,True,True
2024-03-19,mandya,4.0,1000.0,1000.0,1000.0,1,Mandya,Tomato,Karnataka,True,True
2024-03-20,mandya,4.0,1000.0,1000.0,1000.0,0,Mandya,Tomato,Karnataka,False,False
2024-03-21,mandya,2.0,1000.0,1000.0,1000.0,1,Mandya,Tomato,Karnataka,True,True
2024-03-22,mandya,6.0,1000.0,1000.0,1000.0,1,Mandya,Tomato,Karnataka,True,True
2024-03-23,mandya,2.0,1100.0,1100.0,1100.0,1,Mandya,Tomato,Karnataka,True,True
2024-03-24,mandya,2.0,1100.0,1100.0,1100.0,0,Mandya,Tomato,Karnataka,False,False
2024-03-25,mandya,4.0,1250.0,1250.0,1250.0,2,Mandya,Tomato,Karnataka,True,True
2024-03-26,mandya,5.0,1000.0,1000.0,1000.0,1,Mandya,Tomato,Karnataka,True,True
2024-03-27,mandya,5.0,1000.0,1000.0,1000.0,0,Mandya,Tomato,Karnataka,False,False
2024-03-28,mandya,5.0,1000.0,1000.0,1000.0,0,Mandya,Tomato,Karnataka,False,False
2024-03-29,mandya,4.0,1000.0,1000.0,1000.0,1,Mandya,Tomato,Karnataka,True,True
2024-03-30,mandya,4.0,1000.0,1000.0,1000.0,0,Mandya,Tomato,Karnataka,False,False
2024-03-31,mandya,4.0,1000.0,1000.0,1000.0,1,Mandya,Tomato,Karnataka,True,True
2024-04-01,mandya,5.0,1350.0,1350.0,1350.0,2,Mandya,Tomato,Karnataka,True,True
2024-04-02,mandya,4.0,1000.0,1000.0,1000.0,1,Mandya,Tomato,Karnataka,True,True
2024-04-03,mandya,4.0,1000.0,1000.0,1000.0,0,Mandya,Tomato,Karnataka,False,False
2024-04-04,mandya,4.0,1000.0,1000.0,1000.0,0,Mandya,Tomato,Karnataka,True,False
2024-04-05,mandya,4.0,1000.0,1000.0,1000.0,1,Mandya,Tomato,Karnataka,True,True
2024-04-06,mandya,1.0,2000.0,2000.0,2000.0,1,Mandya,Tomato,Karnataka,True,True
2024-04-07,mandya,4.0,1000.0,1000.0,1000.0,1,Mandya,Tomato,Karnataka,True,True
2024-04-08,mandya,4.0,1000.0,1000.0,1000.0,1,Mandya,Tomato,Karnataka,True,True
2024-04-09,mandya,4.0,1000.0,1000.0,1000.0,0,Mandya,Tomato,Karnataka,False,False
2024-04-10,mandya,4.0,1000.0,1000.0,1000.0,0,Mandya,Tomato,Karnataka,False,False
2024-04-11,mandya,,1000.0,1000.0,1000.0,0,Mandya,Tomato,Karnataka,False,False
2024-04-12,mandya,,,,,0,Mandya,Tomato,Karnataka,False,False
2024-04-13,mandya,,,,,0,Mandya,Tomato,Karnataka,False,False
2024-04-14,mandya,4.0,1000.0,1000.0,1000.0,1,Mandya,Tomato,Karnataka,True,True
2024-04-15,mandya,4.0,1000.0,1000.0,1000.0,1,Mandya,Tomato,Karnataka,True,True
2024-04-16,mandya,5.0,1000.0,1000.0,1000.0,1,Mandya,Tomato,Karnataka,True,True
2024-04-17,mandya,5.0,1000.0,1000.0,1000.0,0,Mandya,Tomato,Karnataka,False,False
2024-04-18,mandya,5.0,1000.0,1000.0,1000.0,1,Mandya,Tomato,Karnataka,True,True
2024-04-19,mandya,3.0,1000.0,1000.0,2000.0,1,Mandya,Tomato,Karnataka,True,True
2024-04-20,mandya,3.0,1000.0,1000.0,2000.0,0,Mandya,Tomato,Karnataka,False,False
2024-04-21,mandya,2.0,2000.0,2000.0,2000.0,1,Mandya,Tomato,Karnataka,True,True
2024-04-22,mandya,2.0,2000.0,2000.0,2000.0,1,Mandya,Tomato,Karnataka,True,True
2024-04-23,mandya,2.0,2000.0,2000.0,2000.0,1,Mandya,Tomato,Karnataka,True,True
2024-04-24,mandya,2.0,2000.0,2000.0,2000.0,0,Mandya,Tomato,Karnataka,False,False
2024-04-25,mandya,2.0,2000.0,2000.0,2000.0,0,Mandya,Tomato,Karnataka,True,False
2024-04-26,mandya,2.0,2000.0,2000.0,2000.0,0,Mandya,Tomato,Karnataka,False,False
2024-04-27,mandya,1.0,1000.0,1000.0,1000.0,1,Mandya,Tomato,Karnataka,True,True
2024-04-28,mandya,4.0,1000.0,1000.0,1000.0,1,Mandya,Tomato,Karnataka,True,True
2024-04-29,mandya,1.0,2000.0,2000.0,2000.0,1,Mandya,Tomato,Karnataka,True,True
2024-04-30,mandya,2.0,2000.0,2000.0,2000.0,1,Mandya,Tomato,Karnataka,True,True
2024-05-01,mandya,2.0,2000.0,2000.0,2000.0,0,Mandya,Tomato,Karnataka,False,False
2024-05-02,mandya,2.0,2000.0,2000.0,2000.0,0,Mandya,Tomato,Karnataka,True,False
2024-05-03,mandya,2.0,2000.0,2000.0,2000.0,1,Mandya,Tomato,Karnataka,True,True
2024-05-04,mandya,2.0,2000.0,2000.0,2000.0,0,Mandya,Tomato,Karnataka,False,False
2024-05-05,mandya,2.0,1000.0,1000.0,2000.0,1,Mandya,Tomato,Karnataka,True,True
2024-05-06,mandya,1.0,1000.0,1000.0,2000.0,0,Mandya,Tomato,Karnataka,True,False
2024-05-07,mandya,4.0,1000.0,1000.0,1000.0,1,Mandya,Tomato,Karnataka,True,True
2024-05-08,mandya,4.0,1000.0,1000.0,1000.0,0,Mandya,Tomato,Karnataka,False,False
2024-05-09,mandya,2.0,2000.0,2000.0,2000.0,1,Mandya,Tomato,Karnataka,True,True
2024-05-10,mandya,1.0,2000.0,2000.0,2000.0,1,Mandya,Tomato,Karnataka,True,True
2024-05-11,mandya,1.0,2000.0,2000.0,2000.0,0,Mandya,Tomato,Karnataka,False,False
2024-05-12,mandya,1.0,2000.0,2000.0,2000.0,1,Mandya,Tomato,Karnataka,True,True
2024-05-13,mandya,2.0,2000.0,2000.0,2000.0,0,Mandya,Tomato,Karnataka,True,False
2024-05-14,mandya,1.0,2000.0,2000.0,2000.0,1,Mandya,Tomato,Karnataka,True,True
2024-05-15,mandya,1.0,2000.0,2000.0,2000.0,0,Mandya,Tomato,Karnataka,False,False
2024-05-16,mandya,2.0,2000.0,2000.0,2000.0,0,Mandya,Tomato,Karnataka,True,False
2024-05-17,mandya,2.0,2000.0,2000.0,2000.0,0,Mandya,Tomato,Karnataka,True,False
2024-05-18,mandya,1.0,8200.0,8200.0,8200.0,1,Mandya,Tomato,Karnataka,True,True
2024-05-19,mandya,2.0,2000.0,2000.0,2000.0,1,Mandya,Tomato,Karnataka,True,True
2024-05-20,mandya,1.0,2000.0,2000.0,2000.0,1,Mandya,Tomato,Karnataka,True,True
2024-05-21,mandya,2.0,2000.0,2000.0,2000.0,1,Mandya,Tomato,Karnataka,True,True
2024-05-22,mandya,2.0,2000.0,2000.0,2000.0,0,Mandya,Tomato,Karnataka,False,False
2024-05-23,mandya,2.0,2000.0,2000.0,2000.0,1,Mandya,Tomato,Karnataka,True,True
2024-05-24,mandya,1.0,2000.0,2000.0,2000.0,0,Mandya,Tomato,Karnataka,True,False
2024-05-25,mandya,1.0,2000.0,2000.0,2000.0,0,Mandya,Tomato,Karnataka,False,False
2024-05-26,mandya,2.0,2000.0,2000.0,2000.0,1,Mandya,Tomato,Karnataka,True,True
2024-05-27,mandya,2.0,2000.0,2000.0,2000.0,1,Mandya,Tomato,Karnataka,True,True
2024-05-28,mandya,1.0,2000.0,2000.0,2000.0,1,Mandya,Tomato,Karnataka,True,True
2024-05-29,mandya,1.0,2000.0,2000.0,2000.0,0,Mandya,Tomato,Karnataka,False,False
2024-05-30,mandya,1.0,2000.0,2000.0,2000.0,1,Mandya,Tomato,Karnataka,True,True
2024-05-31,mandya,1.0,2000.0,2000.0,2000.0,1,Mandya,Tomato,Karnataka,True,True
2024-06-01,mandya,1.0,2000.0,2000.0,2000.0,0,Mandya,Tomato,Karnataka,False,False
2024-06-02,mandya,1.0,2000.0,2000.0,2000.0,1,Mandya,Tomato,Karnataka,True,True
2024-06-03,mandya,1.0,2000.0,2000.0,2000.0,0,Mandya,Tomato,Karnataka,True,False
2024-06-04,mandya,3.0,2000.0,2000.0,2000.0,1,Mandya,Tomato,Karnataka,True,True
2024-06-05,mandya,3.0,2000.0,2000.0,2000.0,0,Mandya,Tomato,Karnataka,False,False
2024-06-06,mandya,6.0,3500.0,3500.0,3500.0,1,Mandya,Tomato,Karnataka,True,True
2024-06-07,mandya,1.0,2000.0,2000.0,2000.0,1,Mandya,Tomato,Karnataka,True,True
2024-06-08,mandya,1.0,2000.0,2000.0,2000.0,0,Mandya,Tomato,Karnataka,False,False
2024-06-09,mandya,3.0,2000.0,2000.0,2000.0,1,Mandya,Tomato,Karnataka,True,True
2024-06-10,mandya,1.0,2000.0,2000.0,2000.0,1,Mandya,Tomato,Karnataka,True,True
2024-06-11,mandya,2.0,2000.0,2000.0,2000.0,1,Mandya,Tomato,Karnataka,True,True
2024-06-12,mandya,2.0,2000.0,2000.0,2000.0,0,Mandya,Tomato,Karnataka,False,False
2024-06-13,mandya,1.0,2000.0,2000.0,2000.0,1,Mandya,Tomato,Karnataka,True,True
2024-06-14,mandya,2.0,2000.0,2000.0,2000.0,1,Mandya,Tomato,Karnataka,True,True
2024-06-15,mandya,2.0,2000.0,2000.0,2000.0,0,Mandya,Tomato,Karnataka,False,False
2024-06-16,mandya,1.0,2000.0,2000.0,2000.0,1,Mandya,Tomato,Karnataka,True,True
2024-06-17,mandya,1.0,2000.0,2000.0,2000.0,0,Mandya,Tomato,Karnataka,False,False
2024-06-18,mandya,2.0,2000.0,2000.0,2000.0,0,Mandya,Tomato,Karnataka,True,False
2024-06-19,mandya,2.0,2000.0,2000.0,2000.0,0,Mandya,Tomato,Karnataka,False,False
2024-06-20,mandya,2.0,2000.0,2000.0,2000.0,1,Mandya,Tomato,Karnataka,True,True
2024-06-21,mandya,2.0,2000.0,2000.0,2000.0,1,Mandya,Tomato,Karnataka,True,True
2024-06-22,mandya,2.0,2000.0,2000.0,2000.0,0,Mandya,Tomato,Karnataka,False,False
2024-06-23,mandya,2.0,2000.0,2000.0,2000.0,1,Mandya,Tomato,Karnataka,True,True
2024-06-24,mandya,1.0,2000.0,2000.0,2000.0,1,Mandya,Tomato,Karnataka,True,True
2024-06-25,mandya,3.0,2000.0,2000.0,2000.0,0,Mandya,Tomato,Karnataka,True,False
2024-06-26,mandya,1.0,2000.0,2000.0,2000.0,1,Mandya,Tomato,Karnataka,True,True
2024-06-27,mandya,1.0,2000.0,2000.0,2000.0,1,Mandya,Tomato,Karnataka,True,True
2024-06-28,mandya,2.0,2000.0,2000.0,2000.0,1,Mandya,Tomato,Karnataka,True,True
2024-06-29,mandya,2.0,2000.0,2000.0,2000.0,0,Mandya,Tomato,Karnataka,False,False
2024-06-30,mandya,2.0,2000.0,2000.0,2000.0,1,Mandya,Tomato,Karnataka,True,True
2024-07-01,mandya,1.0,2000.0,2000.0,2000.0,1,Mandya,Tomato,Karnataka,True,True
2024-07-02,mandya,2.0,2000.0,2000.0,2000.0,1,Mandya,Tomato,Karnataka,True,True
2024-07-03,mandya,2.0,2000.0,2000.0,2000.0,0,Mandya,Tomato,Karnataka,False,False
2024-07-04,mandya,1.0,2000.0,2000.0,2000.0,1,Mandya,Tomato,Karnataka,True,True
2024-07-05,mandya,2.0,2000.0,2000.0,2000.0,1,Mandya,Tomato,Karnataka,True,True
2024-07-06,mandya,2.0,2000.0,2000.0,2000.0,0,Mandya,Tomato,Karnataka,False,False
2024-07-07,mandya,3.0,2000.0,2000.0,2000.0,1,Mandya,Tomato,Karnataka,True,True
2024-07-08,mandya,2.0,2000.0,2000.0,2000.0,0,Mandya,Tomato,Karnataka,True,False
2024-07-09,mandya,4.0,1000.0,1000.0,2000.0,1,Mandya,Tomato,Karnataka,True,True
2024-07-10,mandya,4.0,1000.0,1000.0,2000.0,0,Mandya,Tomato,Karnataka,False,False
2024-07-11,mandya,2.0,1000.0,1000.0,2000.0,1,Mandya,Tomato,Karnataka,True,True
2024-07-12,mandya,6.0,1000.0,1000.0,2000.0,1,Mandya,Tomato,Karnataka,True,True
2024-07-13,mandya,6.0,1000.0,1000.0,2000.0,0,Mandya,Tomato,Karnataka,False,False
2024-07-14,mandya,1.0,2000.0,2000.0,2000.0,1,Mandya,Tomato,Karnataka,True,True
2024-07-15,mandya,1.0,2000.0,2000.0,2000.0,0,Mandya,Tomato,Karnataka,False,False
2024-07-16,mandya,1.0,2000.0,2000.0,2000.0,1,Mandya,Tomato,Karnataka,True,True
2024-07-17,mandya,1.0,2000.0,2000.0,2000.0,0,Mandya,Tomato,Karnataka,False,False
2024-07-18,mandya,1.0,2000.0,2000.0,2000.0,0,Mandya,Tomato,Karnataka,True,False
2024-07-19,mandya,4.0,1000.0,1000.0,2000.0,1,Mandya,Tomato,Karnataka,True,True
2024-07-20,mandya,4.0,1000.0,1000.0,2000.0,0,Mandya,Tomato,Karnataka,False,False
2024-07-21,mandya,4.0,1000.0,1000.0,2000.0,0,Mandya,Tomato,Karnataka,False,False
2024-07-22,mandya,,1000.0,1000.0,2000.0,0,Mandya,Tomato,Karnataka,False,False
2024-07-23,mandya,1.0,2000.0,2000.0,3000.0,1,Mandya,Tomato,Karnataka,True,True
2024-07-24,mandya,1.0,2000.0,2000.0,2000.0,1,Mandya,Tomato,Karnataka,True,True
2024-07-25,mandya,1.0,3000.0,3000.0,3000.0,1,Mandya,Tomato,Karnataka,True,True
2024-07-26,mandya,2.0,3000.0,3000.0,3000.0,0,Mandya,Tomato,Karnataka,True,False
2024-07-27,mandya,2.0,3000.0,3000.0,3000.0,0,Mandya,Tomato,Karnataka,False,False
2024-07-28,mandya,2.0,1500.0,1500.0,3000.0,1,Mandya,Tomato,Karnataka,True,True
2024-07-29,mandya,2.0,1000.0,1000.0,1000.0,1,Mandya,Tomato,Karnataka,True,True
2024-07-30,mandya,2.0,2000.0,2000.0,2000.0,1,Mandya,Tomato,Karnataka,True,True
2024-07-31,mandya,2.0,2000.0,2000.0,2000.0,0,Mandya,Tomato,Karnataka,False,False
2024-08-01,mandya,2.0,1500.0,1500.0,2000.0,1,Mandya,Tomato,Karnataka,True,True
2024-08-02,mandya,1.0,2000.0,2000.0,2000.0,1,Mandya,Tomato,Karnataka,True,True
2024-08-03,mandya,1.0,1000.0,1000.0,1000.0,1,Mandya,Tomato,Karnataka,True,True
2024-08-04,mandya,5.0,1000.0,1000.0,1000.0,1,Mandya,Tomato,Karnataka,True,True
2024-08-05,mandya,3.0,1000.0,1000.0,1000.0,1,Mandya,Tomato,Karnataka,True,True
2024-08-06,mandya,6.0,1000.0,1000.0,1000.0,1,Mandya,Tomato,Karnataka,True,True
2024-08-07,mandya,6.0,1000.0,1000.0,1000.0,0,Mandya,Tomato,Karnataka,False,False
2024-08-08,mandya,4.0,1000.0,1000.0,1000.0,1,Mandya,Tomato,Karnataka,True,True
2024-08-09,mandya,4.0,1000.0,1000.0,1000.0,1,Mandya,Tomato,Karnataka,True,True
2024-08-10,mandya,4.0,1000.0,1000.0,1000.0,0,Mandya,Tomato,Karnataka,False,False
2024-08-11,mandya,2.0,1000.0,1000.0,1000.0,1,Mandya,Tomato,Karnataka,True,True
2024-08-12,mandya,3.0,1000.0,1000.0,1000.0,1,Mandya,Tomato,Karnataka,True,True
2024-08-13,mandya,3.0,1000.0,1000.0,1000.0,0,Mandya,Tomato,Karnataka,True,False
2024-08-14,mandya,3.0,1000.0,1000.0,1000.0,0,Mandya,Tomato,Karnataka,False,False
2024-08-15,mandya,9.0,1000.0,500.0,1000.0,1,Mandya,Tomato,Karnataka,True,True
2024-08-16,mandya,9.0,1000.0,500.0,1000.0,0,Mandya,Tomato,Karnataka,False,False
2024-08-17,mandya,9.0,1000.0,500.0,1000.0,0,Mandya,Tomato,Karnataka,False,False
2024-08-18,mandya,7.0,1000.0,1000.0,1000.0,1,Mandya,Tomato,Karnataka,True,True
2024-08-19,mandya,3.0,1000.0,1000.0,1000.0,1,Mandya,Tomato,Karnataka,True,True
2024-08-20,mandya,5.0,1000.0,1000.0,1000.0,1,Mandya,Tomato,Karnataka,True,True
2024-08-21,mandya,5.0,1000.0,1000.0,1000.0,0,Mandya,Tomato,Karnataka,False,False
2024-08-22,mandya,5.0,1000.0,1000.0,1000.0,1,Mandya,Tomato,Karnataka,True,True
2024-08-23,mandya,6.0,1000.0,1000.0,1000.0,1,Mandya,Tomato,Karnataka,True,True
2024-08-24,mandya,6.0,1000.0,1000.0,1000.0,0,Mandya,Tomato,Karnataka,False,False
2024-08-25,mandya,3.0,2000.0,2000.0,2000.0,1,Mandya,Tomato,Karnataka,True,True
2024-08-26,mandya,3.0,1000.0,1000.0,1000.0,1,Mandya,Tomato,Karnataka,True,True
2024-08-27,mandya,3.0,1000.0,1000.0,1000.0,1,Mandya,Tomato,Karnataka,True,True
2024-08-28,mandya,3.0,1000.0,1000.0,1000.0,0,Mandya,Tomato,Karnataka,False,False
2024-08-29,mandya,3.0,1000.0,1000.0,1000.0,1,Mandya,Tomato,Karnataka,True,True
2024-08-30,mandya,8.0,1000.0,600.0,1000.0,1,Mandya,Tomato,Karnataka,True,True
2024-08-31,mandya,8.0,1000.0,600.0,1000.0,0,Mandya,Tomato,Karnataka,False,False
2024-09-01,mandya,5.0,1000.0,1000.0,1000.0,1,Mandya,Tomato,Karnataka,True,True
2024-09-02,mandya,2.0,1000.0,1000.0,1000.0,1,Mandya,Tomato,Karnataka,True,True
2024-09-03,mandya,4.0,1000.0,1000.0,1000.0,1,Mandya,Tomato,Karnataka,True,True
2024-09-04,mandya,4.0,1000.0,1000.0,1000.0,0,Mandya,Tomato,Karnataka,False,False
2024-09-05,mandya,3.0,1000.0,1000.0,1000.0,1,Mandya,Tomato,Karnataka,True,True
2024-09-06,mandya,4.0,1000.0,1000.0,1000.0,1,Mandya,Tomato,Karnataka,True,True
2024-09-07,mandya,4.0,1000.0,1000.0,1000.0,0,Mandya,Tomato,Karnataka,False,False
2024-09-08,mandya,4.0,1000.0,1000.0,1000.0,1,Mandya,Tomato,Karnataka,True,True
2024-09-09,mandya,4.0,1000.0,1000.0,1000.0,0,Mandya,Tomato,Karnataka,False,False
2024-09-10,mandya,5.0,1000.0,1000.0,1000.0,1,Mandya,Tomato,Karnataka,True,True
2024-09-11,mandya,5.0,1000.0,1000.0,1000.0,0,Mandya,Tomato,Karnataka,False,False
2024-09-12,mandya,5.0,1000.0,1000.0,1000.0,1,Mandya,Tomato,Karnataka,True,True
2024-09-13,mandya,5.0,1000.0,1000.0,1000.0,0,Mandya,Tomato,Karnataka,False,False
2024-09-14,mandya,5.0,1000.0,1000.0,1000.0,0,Mandya,Tomato,Karnataka,False,False
2024-09-15,mandya,2.0,1000.0,1000.0,1000.0,1,Mandya,Tomato,Karnataka,True,True
2024-09-16,mandya,2.0,1000.0,1000.0,1000.0,0,Mandya,Tomato,Karnataka,False,False
2024-09-17,mandya,1.0,1000.0,1000.0,1000.0,1,Mandya,Tomato,Karnataka,True,True
2024-09-18,mandya,1.0,1000.0,1000.0,1000.0,0,Mandya,Tomato,Karnataka,False,False
2024-09-19,mandya,1.0,1000.0,1000.0,1000.0,0,Mandya,Tomato,Karnataka,False,False
2024-09-20,mandya,,1000.0,1000.0,1000.0,0,Mandya,Tomato,Karnataka,False,False
2024-09-21,mandya,,,,,0,Mandya,Tomato,Karnataka,False,False
2024-09-22,mandya,,,,,0,Mandya,Tomato,Karnataka,False,False
2024-09-23,mandya,,,,,0,Mandya,Tomato,Karnataka,False,False
2024-09-24,mandya,4.0,1000.0,1000.0,1000.0,1,Mandya,Tomato,Karnataka,True,True
2024-09-25,mandya,4.0,1000.0,1000.0,1500.0,1,Mandya,Tomato,Karnataka,True,True
2024-09-26,mandya,4.0,1000.0,1000.0,1500.0,0,Mandya,Tomato,Karnataka,False,False
2024-09-27,mandya,4.0,1000.0,1000.0,1500.0,0,Mandya,Tomato,Karnataka,False,False
2024-09-28,mandya,,1000.0,1000.0,1500.0,0,Mandya,Tomato,Karnataka,False,False
2024-09-29,mandya,,,,,0,Mandya,Tomato,Karnataka,False,False
2024-09-30,mandya,,,,,0,Mandya,Tomato,Karnataka,False,False
2024-10-01,mandya,,,,,0,Mandya,Tomato,Karnataka,False,False
2024-10-02,mandya,,,,,0,Mandya,Tomato,Karnataka,False,False
2024-10-03,mandya,,,,,0,Mandya,Tomato,Karnataka,False,False
2024-10-04,mandya,1.0,1000.0,1000.0,1000.0,1,Mandya,Tomato,Karnataka,True,True
2024-10-05,mandya,1.0,1000.0,1000.0,1000.0,0,Mandya,Tomato,Karnataka,False,False
2024-10-06,mandya,1.0,1000.0,1000.0,1000.0,0,Mandya,Tomato,Karnataka,False,False
2024-10-07,mandya,,1000.0,1000.0,1000.0,0,Mandya,Tomato,Karnataka,False,False
2024-10-08,mandya,,3000.0,3000.0,3000.0,1,Mandya,Tomato,Karnataka,False,True
2024-10-09,mandya,,3000.0,3000.0,3000.0,0,Mandya,Tomato,Karnataka,False,False
2024-10-10,mandya,,3000.0,3000.0,3000.0,0,Mandya,Tomato,Karnataka,False,False
2024-10-11,mandya,,3000.0,3000.0,3000.0,0,Mandya,Tomato,Karnataka,False,False
2024-10-12,mandya,,,,,0,Mandya,Tomato,Karnataka,False,False
2024-10-13,mandya,,,,,0,Mandya,Tomato,Karnataka,False,False
2024-10-14,mandya,,,,,0,Mandya,Tomato,Karnataka,False,False
2024-10-15,mandya,4.0,3000.0,1000.0,3000.0,1,Mandya,Tomato,Karnataka,True,True
2024-10-16,mandya,4.0,3000.0,1000.0,3000.0,0,Mandya,Tomato,Karnataka,False,False
2024-10-17,mandya,2.0,4000.0,4000.0,4000.0,1,Mandya,Tomato,Karnataka,True,True
2024-10-18,mandya,4.0,4000.0,4000.0,4000.0,1,Mandya,Tomato,Karnataka,True,True
2024-10-19,mandya,4.0,4000.0,4000.0,4000.0,0,Mandya,Tomato,Karnataka,False,False
2024-10-20,mandya,4.0,4000.0,4000.0,4000.0,0,Mandya,Tomato,Karnataka,False,False
2024-10-21,mandya,3.0,4000.0,4000.0,4000.0,1,Mandya,Tomato,Karnataka,True,True
2024-10-22,mandya,1.0,4000.0,4000.0,4000.0,1,Mandya,Tomato,Karnataka,True,True
2024-10-23,mandya,2.0,4000.0,4000.0,4000.0,1,Mandya,Tomato,Karnataka,True,True
2024-10-24,mandya,1.0,4000.0,4000.0,4000.0,1,Mandya,Tomato,Karnataka,True,True
2024-10-25,mandya,4.0,4000.0,3000.0,4000.0,1,Mandya,Tomato,Karnataka,True,True
2024-10-26,mandya,4.0,4000.0,3000.0,4000.0,0,Mandya,Tomato,Karnataka,False,False
2024-10-27,mandya,4.0,4000.0,3000.0,4000.0,0,Mandya,Tomato,Karnataka,False,False
2024-10-28,mandya,2.0,2500.0,2500.0,2500.0,1,Mandya,Tomato,Karnataka,True,True
2024-10-29,mandya,7.0,2500.0,2500.0,2500.0,1,Mandya,Tomato,Karnataka,True,True
2024-10-30,mandya,7.0,2500.0,2500.0,2500.0,0,Mandya,Tomato,Karnataka,False,False
2024-10-31,mandya,7.0,2500.0,2500.0,2500.0,0,Mandya,Tomato,Karnataka,False,False
2024-11-01,mandya,,2500.0,2500.0,2500.0,0,Mandya,Tomato,Karnataka,False,False
2024-11-02,mandya,,,,,0,Mandya,Tomato,Karnataka,False,False
2024-11-03,mandya,3.0,2000.0,1500.0,2000.0,1,Mandya,Tomato,Karnataka,True,True
2024-11-04,mandya,4.0,2000.0,2000.0,2000.0,1,Mandya,Tomato,Karnataka,True,True
2024-11-05,mandya,4.0,2000.0,2000.0,2000.0,0,Mandya,Tomato,Karnataka,False,False
2024-11-06,mandya,6.0,2200.0,2200.0,2200.0,1,Mandya,Tomato,Karnataka,True,True
2024-11-07,mandya,10.0,2100.0,2100.0,2100.0,1,Mandya,Tomato,Karnataka,True,True
2024-11-08,mandya,12.0,2000.0,2000.0,2000.0,1,Mandya,Tomato,Karnataka,True,True
2024-11-09,mandya,12.0,2000.0,2000.0,2000.0,0,Mandya,Tomato,Karnataka,False,False
2024-11-10,mandya,12.0,2000.0,2000.0,2000.0,0,Mandya,Tomato,Karnataka,False,False
2024-11-11,mandya,,2000.0,2000.0,2000.0,0,Mandya,Tomato,Karnataka,False,False
2024-11-12,mandya,13.0,1300.0,1300.0,1300.0,1,Mandya,Tomato,Karnataka,True,True
2024-11-13,mandya,13.0,1300.0,1300.0,1300.0,0,Mandya,Tomato,Karnataka,False,False
2024-11-14,mandya,15.0,1500.0,1500.0,1500.0,1,Mandya,Tomato,Karnataka,True,True
2024-11-15,mandya,19.0,1300.0,1300.0,1300.0,1,Mandya,Tomato,Karnataka,True,True
2024-11-16,mandya,19.0,1300.0,1300.0,1300.0,0,Mandya,Tomato,Karnataka,False,False
2024-11-17,mandya,19.0,1300.0,1300.0,1300.0,0,Mandya,Tomato,Karnataka,False,False
2024-11-18,mandya,,1300.0,1300.0,1300.0,0,Mandya,Tomato,Karnataka,False,False
2024-11-19,mandya,2.0,2000.0,2000.0,2000.0,1,Mandya,Tomato,Karnataka,True,True
2024-11-20,mandya,6.0,2200.0,2200.0,2200.0,1,Mandya,Tomato,Karnataka,True,True
2024-11-21,mandya,6.0,2200.0,2200.0,2200.0,0,Mandya,Tomato,Karnataka,False,False
2024-11-22,mandya,6.0,2200.0,2200.0,2200.0,0,Mandya,Tomato,Karnataka,False,False
2024-11-23,mandya,,2200.0,2200.0,2200.0,0,Mandya,Tomato,Karnataka,False,False
2024-11-24,mandya,,,,,0,Mandya,Tomato,Karnataka,False,False
2024-11-25,mandya,,,,,0,Mandya,Tomato,Karnataka,False,False
2024-11-26,mandya,8.0,,,,0,Mandya,Tomato,Karnataka,True,False
2024-11-27,mandya,8.0,,,,0,Mandya,Tomato,Karnataka,False,False
2024-11-28,mandya,8.0,,,,0,Mandya,Tomato,Karnataka,False,False
2024-11-29,mandya,,,,,0,Mandya,Tomato,Karnataka,False,False
2024-11-30,mandya,,,,,0,Mandya,Tomato,Karnataka,False,False
2024-12-01,mandya,,,,,0,Mandya,Tomato,Karnataka,False,False
2024-12-02,mandya,,,,,0,Mandya,Tomato,Karnataka,False,False
2024-12-03,mandya,5.0,3500.0,3500.0,4000.0,1,Mandya,Tomato,Karnataka,True,True
2024-12-04,mandya,5.0,3500.0,3500.0,4000.0,0,Mandya,Tomato,Karnataka,False,False
2024-12-05,mandya,5.0,3500.0,3500.0,3500.0,1,Mandya,Tomato,Karnataka,True,True
2024-12-06,mandya,5.0,4000.0,4000.0,4000.0,1,Mandya,Tomato,Karnataka,False,True
2024-12-07,mandya,5.0,4000.0,4000.0,4000.0,0,Mandya,Tomato,Karnataka,False,False
2024-12-08,mandya,,4000.0,4000.0,4000.0,0,Mandya,Tomato,Karnataka,False,False
2024-12-09,mandya,2.0,2000.0,2000.0,2000.0,1,Mandya,Tomato,Karnataka,True,True
2024-12-10,mandya,2.0,4000.0,4000.0,4000.0,1,Mandya,Tomato,Karnataka,False,True
2024-12-11,mandya,2.0,4000.0,4000.0,4000.0,0,Mandya,Tomato,Karnataka,False,False
2024-12-12,mandya,9.0,1000.0,1000.0,1000.0,1,Mandya,Tomato,Karnataka,True,True
2024-12-13,mandya,14.0,1000.0,1000.0,1000.0,1,Mandya,Tomato,Karnataka,True,True
2024-12-14,mandya,14.0,1000.0,1000.0,1000.0,0,Mandya,Tomato,Karnataka,False,False
2024-12-15,mandya,1.0,4000.0,4000.0,4000.0,1,Mandya,Tomato,Karnataka,True,True
2024-12-16,mandya,6.0,4000.0,4000.0,4000.0,0,Mandya,Tomato,Karnataka,True,False
2024-12-17,mandya,9.0,4000.0,4000.0,4000.0,0,Mandya,Tomato,Karnataka,True,False
2024-12-18,mandya,3.0,1400.0,1400.0,1400.0,1,Mandya,Tomato,Karnataka,True,True
2024-12-19,mandya,8.0,1500.0,1500.0,1500.0,1,Mandya,Tomato,Karnataka,True,True
2024-12-20,mandya,6.0,1500.0,1500.0,1500.0,1,Mandya,Tomato,Karnataka,True,True
2024-12-21,mandya,6.0,1500.0,1500.0,1500.0,0,Mandya,Tomato,Karnataka,False,False
2024-12-22,mandya,6.0,1500.0,1500.0,1500.0,0,Mandya,Tomato,Karnataka,False,False
2024-12-23,mandya,,1500.0,1500.0,1500.0,0,Mandya,Tomato,Karnataka,False,False
2024-12-24,mandya,,,,,0,Mandya,Tomato,Karnataka,False,False
2024-12-25,mandya,,,,,0,Mandya,Tomato,Karnataka,False,False
2024-12-26,mandya,7.0,1500.0,1500.0,1500.0,1,Mandya,Tomato,Karnataka,True,True
2024-12-27,mandya,3.0,1500.0,1500.0,1500.0,1,Mandya,Tomato,Karnataka,True,True
2024-12-28,mandya,3.0,1500.0,1500.0,1500.0,0,Mandya,Tomato,Karnataka,False,False
2024-12-29,mandya,5.0,500.0,500.0,500.0,1,Mandya,Tomato,Karnataka,True,True
2024-12-30,mandya,2.0,1500.0,1500.0,1500.0,1,Mandya,Tomato,Karnataka,True,True
2024-12-31,mandya,12.0,1000.0,1000.0,1500.0,1,Mandya,Tomato,Karnataka,True,True
2025-01-01,mandya,5.0,1000.0,1000.0,1000.0,1,Mandya,Tomato,Karnataka,True,True
2025-01-02,mandya,5.0,1000.0,1000.0,1200.0,1,Mandya,Tomato,Karnataka,True,True
2025-01-03,mandya,9.0,1000.0,1000.0,1000.0,1,Mandya,Tomato,Karnataka,True,True
2025-01-04,mandya,9.0,1000.0,1000.0,1000.0,0,Mandya,Tomato,Karnataka,False,False
2025-01-05,mandya,12.0,1000.0,1000.0,1000.0,1,Mandya,Tomato,Karnataka,True,True
2025-01-06,mandya,4.0,1000.0,1000.0,1000.0,1,Mandya,Tomato,Karnataka,True,True
2025-01-07,mandya,6.0,1000.0,1000.0,1000.0,0,Mandya,Tomato,Karnataka,True,False
2025-01-08,mandya,6.0,1000.0,1000.0,1000.0,0,Mandya,Tomato,Karnataka,False,False
2025-01-09,mandya,5.0,1000.0,1000.0,1000.0,1,Mandya,Tomato,Karnataka,True,True
2025-01-10,mandya,10.0,1000.0,1000.0,1000.0,1,Mandya,Tomato,Karnataka,True,True
2025-01-11,mandya,10.0,1000.0,1000.0,1000.0,0,Mandya,Tomato,Karnataka,False,False
2025-01-12,mandya,6.0,1000.0,1000.0,1000.0,1,Mandya,Tomato,Karnataka,True,True
2025-01-13,mandya,6.0,1000.0,1000.0,1000.0,1,Mandya,Tomato,Karnataka,True,True
2025-01-14,mandya,11.0,1000.0,1000.0,1000.0,1,Mandya,Tomato,Karnataka,True,True
2025-01-15,mandya,11.0,1000.0,1000.0,1000.0,0,Mandya,Tomato,Karnataka,False,False
2025-01-16,mandya,6.0,1000.0,1000.0,1000.0,1,Mandya,Tomato,Karnataka,True,True
2025-01-17,mandya,11.0,1000.0,1000.0,1000.0,0,Mandya,Tomato,Karnataka,True,False
2025-01-18,mandya,11.0,1000.0,1000.0,1000.0,0,Mandya,Tomato,Karnataka,False,False
2025-01-19,mandya,11.0,1000.0,1000.0,1000.0,0,Mandya,Tomato,Karnataka,False,False
2025-01-20,mandya,3.0,1000.0,1000.0,1000.0,1,Mandya,Tomato,Karnataka,True,True
2025-01-21,mandya,1.0,1000.0,1000.0,1000.0,0,Mandya,Tomato,Karnataka,True,False
2025-01-22,mandya,5.0,1000.0,1000.0,1000.0,1,Mandya,Tomato,Karnataka,True,True
2025-01-23,mandya,8.0,1000.0,1000.0,1000.0,1,Mandya,Tomato,Karnataka,True,True
2025-01-24,mandya,5.0,1400.0,1000.0,1400.0,1,Mandya,Tomato,Karnataka,True,True
2025-01-25,mandya,5.0,1400.0,1000.0,1400.0,0,Mandya,Tomato,Karnataka,False,False
2025-01-26,mandya,5.0,1400.0,1000.0,1400.0,0,Mandya,Tomato,Karnataka,False,False
2025-01-27,mandya,5.0,1000.0,1000.0,1000.0,1,Mandya,Tomato,Karnataka,True,True
2025-01-28,mandya,3.0,1000.0,1000.0,1000.0,1,Mandya,Tomato,Karnataka,True,True
2025-01-29,mandya,2.0,1000.0,1000.0,1000.0,1,Mandya,Tomato,Karnataka,True,True
2025-01-30,mandya,2.0,1000.0,1000.0,1000.0,1,Mandya,Tomato,Karnataka,True,True
2025-01-31,mandya,11.0,1000.0,1000.0,1000.0,1,Mandya,Tomato,Karnataka,True,True
2025-02-01,mandya,11.0,1000.0,1000.0,1000.0,0,Mandya,Tomato,Karnataka,False,False
2025-02-02,mandya,11.0,1000.0,1000.0,1000.0,0,Mandya,Tomato,Karnataka,False,False
2025-02-03,mandya,3.0,1500.0,1500.0,1500.0,1,Mandya,Tomato,Karnataka,True,True
2025-02-04,mandya,4.0,1000.0,1000.0,1000.0,1,Mandya,Tomato,Karnataka,True,True
2025-02-05,mandya,4.0,1000.0,1000.0,1000.0,0,Mandya,Tomato,Karnataka,False,False
2025-02-06,mandya,4.0,1000.0,1000.0,1000.0,0,Mandya,Tomato,Karnataka,False,False
2025-02-07,mandya,1.0,1000.0,1000.0,1000.0,1,Mandya,Tomato,Karnataka,True,True
2025-02-08,mandya,1.0,1000.0,1000.0,1000.0,0,Mandya,Tomato,Karnataka,False,False
2025-02-09,mandya,12.0,1500.0,1500.0,1500.0,1,Mandya,Tomato,Karnataka,True,True
2025-02-10,mandya,5.0,1500.0,1500.0,1500.0,1,Mandya,Tomato,Karnataka,True,True
2025-02-11,mandya,7.0,1000.0,1000.0,1500.0,1,Mandya,Tomato,Karnataka,True,True
2025-02-12,mandya,4.0,1500.0,1500.0,1500.0,1,Mandya,Tomato,Karnataka,True,True
2025-02-13,mandya,2.0,1200.0,1200.0,1400.0,1,Mandya,Tomato,Karnataka,True,True
2025-02-14,mandya,8.0,1000.0,1000.0,1000.0,1,Mandya,Tomato,Karnataka,True,True
2025-02-15,mandya,8.0,1000.0,1000.0,1000.0,0,Mandya,Tomato,Karnataka,False,False
2025-02-16,mandya,8.0,1000.0,1000.0,1000.0,0,Mandya,Tomato,Karnataka,False,False
2025-02-17,mandya,3.0,1000.0,1000.0,1000.0,1,Mandya,Tomato,Karnataka,True,True
2025-02-18,mandya,12.0,1000.0,1000.0,1000.0,0,Mandya,Tomato,Karnataka,True,False
2025-02-19,mandya,12.0,1000.0,1000.0,1000.0,0,Mandya,Tomato,Karnataka,False,False
2025-02-20,mandya,12.0,1000.0,1000.0,1000.0,0,Mandya,Tomato,Karnataka,False,False
2025-02-21,mandya,12.0,1000.0,1000.0,1000.0,1,Mandya,Tomato,Karnataka,True,True
2025-02-22,mandya,12.0,1000.0,1000.0,1000.0,0,Mandya,Tomato,Karnataka,False,False
2025-02-23,mandya,6.0,1000.0,1000.0,1000.0,1,Mandya,Tomato,Karnataka,True,True
2025-02-24,mandya,6.0,1000.0,1000.0,1000.0,0,Mandya,Tomato,Karnataka,False,False
2025-02-25,mandya,8.0,1000.0,1000.0,1000.0,1,Mandya,Tomato,Karnataka,True,True
2025-02-26,mandya,2.0,1000.0,1000.0,1000.0,1,Mandya,Tomato,Karnataka,True,True
2025-02-27,mandya,8.0,1000.0,1000.0,1000.0,1,Mandya,Tomato,Karnataka,True,True
2025-02-28,mandya,10.0,1000.0,1000.0,1000.0,1,Mandya,Tomato,Karnataka,True,True
2025-03-01,mandya,10.0,1000.0,1000.0,1000.0,0,Mandya,Tomato,Karnataka,False,False
2025-03-02,mandya,6.0,1000.0,1000.0,1000.0,1,Mandya,Tomato,Karnataka,True,True
2025-03-03,mandya,6.0,1000.0,1000.0,1000.0,0,Mandya,Tomato,Karnataka,False,False
2025-03-04,mandya,6.0,1000.0,1000.0,1000.0,0,Mandya,Tomato,Karnataka,False,False
2025-03-05,mandya,,1000.0,1000.0,1000.0,0,Mandya,Tomato,Karnataka,False,False
2025-03-06,mandya,,,,,0,Mandya,Tomato,Karnataka,False,False
2025-03-07,mandya,,,,,0,Mandya,Tomato,Karnataka,False,False
2025-03-08,mandya,,,,,0,Mandya,Tomato,Karnataka,False,False
2025-03-09,mandya,,,,,0,Mandya,Tomato,Karnataka,False,False
2025-03-10,mandya,,,,,0,Mandya,Tomato,Karnataka,False,False
2025-03-11,mandya,,,,,0,Mandya,Tomato,Karnataka,False,False
2025-03-12,mandya,,,,,0,Mandya,Tomato,Karnataka,False,False
2025-03-13,mandya,12.0,600.0,600.0,600.0,1,Mandya,Tomato,Karnataka,True,True
2025-03-14,mandya,1.0,500.0,500.0,500.0,1,Mandya,Tomato,Karnataka,True,True
2025-03-15,mandya,1.0,500.0,500.0,500.0,0,Mandya,Tomato,Karnataka,False,False
2025-03-16,mandya,1.0,500.0,500.0,500.0,0,Mandya,Tomato,Karnataka,False,False
2025-03-17,mandya,6.0,500.0,500.0,500.0,0,Mandya,Tomato,Karnataka,True,False
2025-03-18,mandya,3.0,500.0,500.0,800.0,1,Mandya,Tomato,Karnataka,True,True
2025-03-19,mandya,3.0,500.0,500.0,800.0,0,Mandya,Tomato,Karnataka,False,False
2025-03-20,mandya,19.0,500.0,500.0,700.0,1,Mandya,Tomato,Karnataka,True,True
2025-03-21,mandya,13.0,700.0,700.0,1000.0,1,Mandya,Tomato,Karnataka,True,True
2025-03-22,mandya,13.0,700.0,700.0,1000.0,0,Mandya,Tomato,Karnataka,False,False
2025-03-23,mandya,13.0,700.0,700.0,1000.0,0,Mandya,Tomato,Karnataka,False,False
2025-03-24,mandya,9.0,700.0,700.0,700.0,1,Mandya,Tomato,Karnataka,True,True
2025-03-25,mandya,14.0,700.0,700.0,700.0,1,Mandya,Tomato,Karnataka,True,True
2025-03-26,mandya,14.0,700.0,700.0,700.0,0,Mandya,Tomato,Karnataka,False,False
2025-03-27,mandya,14.0,800.0,800.0,800.0,1,Mandya,Tomato,Karnataka,True,True
2025-03-28,mandya,8.0,800.0,800.0,800.0,1,Mandya,Tomato,Karnataka,True,True
2025-03-29,mandya,8.0,800.0,800.0,800.0,0,Mandya,Tomato,Karnataka,False,False
2025-03-30,mandya,8.0,800.0,800.0,800.0,0,Mandya,Tomato,Karnataka,False,False
2025-03-31,mandya,,800.0,800.0,800.0,0,Mandya,Tomato,Karnataka,False,False
2025-04-01,mandya,,,,,0,Mandya,Tomato,Karnataka,False,False
2025-04-02,mandya,,,,,0,Mandya,Tomato,Karnataka,False,False
2025-04-03,mandya,,,,,0,Mandya,Tomato,Karnataka,False,False
2025-04-04,mandya,15.0,,,,0,Mandya,Tomato,Karnataka,True,False
2025-04-05,mandya,15.0,,,,0,Mandya,Tomato,Karnataka,False,False
2025-04-06,mandya,15.0,,,,0,Mandya,Tomato,Karnataka,False,False
2025-04-07,mandya,,,,,0,Mandya,Tomato,Karnataka,False,False
2025-04-08,mandya,11.0,1000.0,1000.0,1000.0,1,Mandya,Tomato,Karnataka,True,True
2025-04-09,mandya,11.0,1000.0,1000.0,1000.0,0,Mandya,Tomato,Karnataka,False,False
2025-04-10,mandya,11.0,1000.0,1000.0,1000.0,0,Mandya,Tomato,Karnataka,False,False
2025-04-11,mandya,7.0,1000.0,1000.0,1000.0,1,Mandya,Tomato,Karnataka,True,True
2025-04-12,mandya,7.0,1000.0,1000.0,1000.0,0,Mandya,Tomato,Karnataka,False,False
2025-04-13,mandya,7.0,1000.0,1000.0,1000.0,0,Mandya,Tomato,Karnataka,False,False
2025-04-14,mandya,,1000.0,1000.0,1000.0,0,Mandya,Tomato,Karnataka,False,False
2025-04-15,mandya,15.0,,,,0,Mandya,Tomato,Karnataka,True,False
2025-04-16,mandya,15.0,,,,0,Mandya,Tomato,Karnataka,False,False
2025-04-17,mandya,15.0,,,,0,Mandya,Tomato,Karnataka,False,False
2025-04-18,mandya,,,,,0,Mandya,Tomato,Karnataka,False,False
2025-04-19,mandya,,,,,0,Mandya,Tomato,Karnataka,False,False
2025-04-20,mandya,,,,,0,Mandya,Tomato,Karnataka,False,False
2025-04-21,mandya,6.0,1000.0,1000.0,1000.0,1,Mandya,Tomato,Karnataka,True,True
2025-04-22,mandya,6.0,1000.0,1000.0,1000.0,0,Mandya,Tomato,Karnataka,False,False
2025-04-23,mandya,6.0,1000.0,1000.0,1000.0,0,Mandya,Tomato,Karnataka,False,False
2025-04-24,mandya,9.0,1000.0,1000.0,1000.0,0,Mandya,Tomato,Karnataka,True,False
2025-04-25,mandya,6.0,1000.0,1000.0,1000.0,1,Mandya,Tomato,Karnataka,True,True
2025-04-26,mandya,6.0,1000.0,1000.0,1000.0,0,Mandya,Tomato,Karnataka,False,False
2025-04-27,mandya,6.0,1000.0,1000.0,1000.0,0,Mandya,Tomato,Karnataka,False,False
2025-04-28,mandya,,1000.0,1000.0,1000.0,0,Mandya,Tomato,Karnataka,False,False
2025-04-29,mandya,2.0,1000.0,1000.0,1000.0,1,Mandya,Tomato,Karnataka,True,True
2025-04-30,mandya,2.0,1000.0,1000.0,1000.0,0,Mandya,Tomato,Karnataka,False,False
2025-05-01,mandya,2.0,1000.0,1000.0,1000.0,0,Mandya,Tomato,Karnataka,False,False
2025-05-02,mandya,2.0,1000.0,1000.0,1000.0,1,Mandya,Tomato,Karnataka,True,True
2025-05-03,mandya,2.0,1000.0,1000.0,1000.0,0,Mandya,Tomato,Karnataka,False,False
2025-05-04,mandya,2.0,1000.0,1000.0,1000.0,0,Mandya,Tomato,Karnataka,False,False
2025-05-05,mandya,,1000.0,1000.0,1000.0,0,Mandya,Tomato,Karnataka,False,False
2025-05-06,mandya,2.0,1000.0,1000.0,1000.0,1,Mandya,Tomato,Karnataka,True,True
2025-05-07,mandya,3.0,1000.0,1000.0,1000.0,1,Mandya,Tomato,Karnataka,True,True
2025-05-08,mandya,12.0,1000.0,1000.0,1000.0,1,Mandya,Tomato,Karnataka,True,True
2025-05-09,mandya,13.0,700.0,700.0,1000.0,1,Mandya,Tomato,Karnataka,True,True
2025-05-10,mandya,13.0,700.0,700.0,1000.0,0,Mandya,Tomato,Karnataka,False,False
2025-05-11,mandya,13.0,700.0,700.0,1000.0,0,Mandya,Tomato,Karnataka,False,False
2025-05-12,mandya,9.0,1000.0,1000.0,1000.0,1,Mandya,Tomato,Karnataka,True,True
2025-05-13,mandya,8.0,1000.0,1000.0,1000.0,1,Mandya,Tomato,Karnataka,True,True
2025-05-14,mandya,2.0,1000.0,1000.0,1000.0,1,Mandya,Tomato,Karnataka,True,True
2025-05-15,mandya,4.0,1000.0,1000.0,1000.0,0,Mandya,Tomato,Karnataka,True,False
2025-05-16,mandya,6.0,1000.0,1000.0,1000.0,1,Mandya,Tomato,Karnataka,True,True
2025-05-17,mandya,6.0,1000.0,1000.0,1000.0,0,Mandya,Tomato,Karnataka,False,False
2025-05-18,mandya,6.0,1000.0,1000.0,1000.0,0,Mandya,Tomato,Karnataka,False,False
2025-05-19,mandya,4.0,1000.0,1000.0,1000.0,1,Mandya,Tomato,Karnataka,True,True
2025-05-20,mandya,13.0,1000.0,1000.0,1000.0,1,Mandya,Tomato,Karnataka,True,True
2025-05-21,mandya,13.0,1000.0,1000.0,1000.0,0,Mandya,Tomato,Karnataka,False,False
2025-05-22,mandya,7.0,1000.0,1000.0,1000.0,1,Mandya,Tomato,Karnataka,True,True
2025-05-23,mandya,7.0,1000.0,1000.0,1000.0,0,Mandya,Tomato,Karnataka,False,False
2025-05-24,mandya,8.0,1000.0,1000.0,1000.0,1,Mandya,Tomato,Karnataka,True,True
2025-05-25,mandya,8.0,1000.0,1000.0,1000.0,1,Mandya,Tomato,Karnataka,True,True
2025-05-26,mandya,3.0,1000.0,1000.0,1000.0,1,Mandya,Tomato,Karnataka,True,True
2025-05-27,mandya,3.0,1000.0,1000.0,1000.0,0,Mandya,Tomato,Karnataka,False,False
2025-05-28,mandya,3.0,1000.0,1000.0,1000.0,0,Mandya,Tomato,Karnataka,False,False
2025-05-29,mandya,7.0,1200.0,1200.0,1200.0,1,Mandya,Tomato,Karnataka,True,True
2025-05-30,mandya,11.0,1000.0,1000.0,1000.0,1,Mandya,Tomato,Karnataka,True,True
2025-05-31,mandya,1.0,1000.0,1000.0,1000.0,1,Mandya,Tomato,Karnataka,True,True
2025-06-01,mandya,11.0,1000.0,1000.0,1200.0,1,Mandya,Tomato,Karnataka,True,True
2025-06-02,mandya,4.0,1000.0,1000.0,1000.0,1,Mandya,Tomato,Karnataka,True,True
2025-06-03,mandya,12.0,1000.0,1000.0,1300.0,1,Mandya,Tomato,Karnataka,True,True
2025-06-04,mandya,10.0,1000.0,1000.0,1000.0,1,Mandya,Tomato,Karnataka,True,True
2025-06-05,mandya,20.0,1000.0,1000.0,1000.0,1,Mandya,Tomato,Karnataka,True,True
2025-06-06,mandya,3.0,1000.0,1000.0,1000.0,1,Mandya,Tomato,Karnataka,True,True
2025-06-07,mandya,3.0,1000.0,1000.0,1000.0,0,Mandya,Tomato,Karnataka,False,False
2025-06-08,mandya,15.0,1500.0,1500.0,1500.0,1,Mandya,Tomato,Karnataka,True,True
2025-06-09,mandya,9.0,1000.0,1000.0,1000.0,1,Mandya,Tomato,Karnataka,True,True
2025-06-10,mandya,14.0,1200.0,1000.0,1200.0,1,Mandya,Tomato,Karnataka,True,True
2025-06-11,mandya,10.0,1500.0,1500.0,1500.0,1,Mandya,Tomato,Karnataka,True,True
2025-06-12,mandya,11.0,1500.0,1500.0,1500.0,1,Mandya,Tomato,Karnataka,True,True
2025-06-13,mandya,21.0,1400.0,1400.0,1400.0,1,Mandya,Tomato,Karnataka,True,True
2025-06-14,mandya,21.0,1400.0,1400.0,1400.0,0,Mandya,Tomato,Karnataka,False,False
2025-06-15,mandya,20.0,1400.0,1400.0,1400.0,1,Mandya,Tomato,Karnataka,True,True
2025-06-16,mandya,6.0,1000.0,1000.0,1000.0,1,Mandya,Tomato,Karnataka,True,True
2025-06-17,mandya,15.0,1000.0,1000.0,1000.0,1,Mandya,Tomato,Karnataka,True,True
2025-06-18,mandya,15.0,1000.0,1000.0,1000.0,0,Mandya,Tomato,Karnataka,False,False
2025-06-19,mandya,12.0,1000.0,1000.0,1000.0,1,Mandya,Tomato,Karnataka,True,True
2025-06-20,mandya,18.0,1000.0,1000.0,1000.0,1,Mandya,Tomato,Karnataka,True,True
2025-06-21,mandya,18.0,1000.0,1000.0,1000.0,0,Mandya,Tomato,Karnataka,False,False
2025-06-22,mandya,16.0,1000.0,1000.0,1000.0,1,Mandya,Tomato,Karnataka,True,True
2025-06-23,mandya,9.0,1000.0,1000.0,1000.0,0,Mandya,Tomato,Karnataka,True,False
2025-06-24,mandya,4.0,1500.0,1000.0,1500.0,1,Mandya,Tomato,Karnataka,True,True
2025-06-25,mandya,6.0,1500.0,1500.0,1500.0,1,Mandya,Tomato,Karnataka,True,True
2025-06-26,mandya,9.0,1900.0,1900.0,1900.0,1,Mandya,Tomato,Karnataka,True,True
2025-06-27,mandya,17.0,1600.0,1000.0,1600.0,1,Mandya,Tomato,Karnataka,True,True
2025-06-28,mandya,17.0,1600.0,1000.0,1600.0,0,Mandya,Tomato,Karnataka,False,False
2025-06-29,mandya,9.0,1600.0,1600.0,1600.0,1,Mandya,Tomato,Karnataka,True,True
2025-06-30,mandya,7.0,1700.0,1500.0,1700.0,1,Mandya,Tomato,Karnataka,True,True
2025-07-01,mandya,7.0,2000.0,1000.0,2000.0,1,Mandya,Tomato,Karnataka,False,True
2025-07-02,mandya,7.0,2000.0,1000.0,2000.0,0,Mandya,Tomato,Karnataka,False,False
2025-07-03,mandya,6.0,2000.0,2000.0,2000.0,1,Mandya,Tomato,Karnataka,True,True
2025-07-04,mandya,8.0,2300.0,2000.0,2300.0,1,Mandya,Tomato,Karnataka,True,True
2025-07-05,mandya,8.0,2300.0,2000.0,2300.0,0,Mandya,Tomato,Karnataka,False,False
2025-07-06,mandya,6.0,2000.0,2000.0,2000.0,1,Mandya,Tomato,Karnataka,True,True
2025-07-07,mandya,5.0,2000.0,2000.0,2000.0,1,Mandya,Tomato,Karnataka,True,True
2025-07-08,mandya,2.0,2000.0,2000.0,2200.0,1,Mandya,Tomato,Karnataka,True,True
2025-07-09,mandya,2.0,2000.0,2000.0,2200.0,0,Mandya,Tomato,Karnataka,False,False
2025-07-10,mandya,6.0,2000.0,2000.0,2000.0,1,Mandya,Tomato,Karnataka,True,True
2025-07-11,mandya,10.0,1500.0,1500.0,2000.0,1,Mandya,Tomato,Karnataka,True,True
2025-07-12,mandya,10.0,1500.0,1500.0,2000.0,0,Mandya,Tomato,Karnataka,False,False
2025-07-13,mandya,3.0,1800.0,1800.0,1800.0,1,Mandya,Tomato,Karnataka,True,True
2025-07-14,mandya,2.0,1800.0,1800.0,1800.0,1,Mandya,Tomato,Karnataka,True,True
2025-07-15,mandya,6.0,1800.0,1500.0,1800.0,1,Mandya,Tomato,Karnataka,True,True
2025-07-16,mandya,12.0,1500.0,1500.0,1500.0,1,Mandya,Tomato,Karnataka,True,True
2025-07-17,mandya,3.0,1400.0,1400.0,1400.0,1,Mandya,Tomato,Karnataka,True,True
2025-07-18,mandya,4.0,1400.0,1300.0,1400.0,1,Mandya,Tomato,Karnataka,True,True
2025-07-19,mandya,4.0,1400.0,1300.0,1400.0,0,Mandya,Tomato,Karnataka,False,False
2025-07-20,mandya,4.0,1400.0,1300.0,1400.0,0,Mandya,Tomato,Karnataka,False,False
2025-07-21,mandya,4.0,1600.0,1600.0,1600.0,1,Mandya,Tomato,Karnataka,True,True
2025-07-22,mandya,8.0,2500.0,2000.0,2500.0,1,Mandya,Tomato,Karnataka,True,True
2025-07-23,mandya,8.0,2500.0,2000.0,2500.0,0,Mandya,Tomato,Karnataka,False,False
2025-07-24,mandya,4.0,2800.0,2800.0,2800.0,1,Mandya,Tomato,Karnataka,True,True
2025-07-25,mandya,7.0,2800.0,2800.0,2800.0,1,Mandya,Tomato,Karnataka,True,True
2025-07-26,mandya,7.0,2800.0,2800.0,2800.0,0,Mandya,Tomato,Karnataka,False,False
2025-07-27,mandya,6.0,2500.0,2500.0,2500.0,1,Mandya,Tomato,Karnataka,True,True
2025-07-28,mandya,4.0,2500.0,2500.0,2500.0,1,Mandya,Tomato,Karnataka,True,True
2025-07-29,mandya,6.0,2500.0,2500.0,2500.0,1,Mandya,Tomato,Karnataka,True,True
2025-07-30,mandya,6.0,2500.0,2500.0,2500.0,0,Mandya,Tomato,Karnataka,False,False
2025-07-31,mandya,5.0,3000.0,3000.0,3000.0,1,Mandya,Tomato,Karnataka,True,True
2025-08-01,mandya,5.0,3000.0,2500.0,3000.0,1,Mandya,Tomato,Karnataka,True,True
2025-08-02,mandya,5.0,3000.0,2500.0,3000.0,0,Mandya,Tomato,Karnataka,False,False
2025-08-03,mandya,6.0,2500.0,2500.0,2500.0,1,Mandya,Tomato,Karnataka,True,True
2025-08-04,mandya,6.0,2500.0,2500.0,2500.0,1,Mandya,Tomato,Karnataka,True,True
2025-08-05,mandya,6.0,2500.0,2500.0,2500.0,1,Mandya,Tomato,Karnataka,True,True
2025-08-06,mandya,6.0,2500.0,2500.0,2500.0,0,Mandya,Tomato,Karnataka,False,False
2025-08-07,mandya,3.0,2400.0,2400.0,2400.0,1,Mandya,Tomato,Karnataka,True,True
2025-08-08,mandya,5.0,2400.0,2400.0,2400.0,1,Mandya,Tomato,Karnataka,True,True
2025-08-09,mandya,5.0,2400.0,2400.0,2400.0,0,Mandya,Tomato,Karnataka,False,False
2025-08-10,mandya,4.0,2400.0,2400.0,2400.0,1,Mandya,Tomato,Karnataka,True,True
2025-08-11,mandya,6.0,2200.0,2200.0,2200.0,1,Mandya,Tomato,Karnataka,True,True
2025-08-12,mandya,7.0,2200.0,2200.0,2200.0,1,Mandya,Tomato,Karnataka,True,True
2025-08-13,mandya,7.0,2200.0,2200.0,2200.0,0,Mandya,Tomato,Karnataka,False,False
2025-08-14,mandya,8.0,2000.0,2000.0,2000.0,1,Mandya,Tomato,Karnataka,True,True
2025-08-15,mandya,11.0,2000.0,2000.0,2000.0,1,Mandya,Tomato,Karnataka,True,True
2025-08-16,mandya,11.0,2000.0,2000.0,2000.0,0,Mandya,Tomato,Karnataka,False,False
2025-08-17,mandya,6.0,2500.0,2500.0,2500.0,1,Mandya,Tomato,Karnataka,True,True
2025-08-18,mandya,6.0,2500.0,2500.0,2500.0,0,Mandya,Tomato,Karnataka,False,False
2025-08-19,mandya,7.0,2600.0,2500.0,2600.0,1,Mandya,Tomato,Karnataka,True,True
2025-08-20,mandya,7.0,2600.0,2500.0,2600.0,0,Mandya,Tomato,Karnataka,False,False
2025-08-21,mandya,3.0,3500.0,3500.0,3500.0,1,Mandya,Tomato,Karnataka,True,True
2025-08-22,mandya,3.0,3500.0,3500.0,3500.0,0,Mandya,Tomato,Karnataka,False,False
2025-08-23,mandya,3.0,3500.0,3500.0,3500.0,0,Mandya,Tomato,Karnataka,False,False
2025-08-24,mandya,4.2,3500.0,3500.0,3500.0,0,Mandya,Tomato,Karnataka,True,False
2025-08-25,mandya,3.0,3000.0,3000.0,3000.0,1,Mandya,Tomato,Karnataka,True,True
2025-08-26,mandya,3.0,3000.0,3000.0,3000.0,0,Mandya,Tomato,Karnataka,False,False
2025-08-27,mandya,2.0,3000.0,3000.0,3000.0,1,Mandya,Tomato,Karnataka,True,True
2025-08-28,mandya,3.0,3000.0,3000.0,3000.0,1,Mandya,Tomato,Karnataka,True,True
2025-08-29,mandya,8.0,2500.0,2500.0,2500.0,1,Mandya,Tomato,Karnataka,True,True
2025-08-30,mandya,1.2,2500.0,2500.0,2500.0,0,Mandya,Tomato,Karnataka,True,False
2025-08-31,mandya,9.0,1500.0,1500.0,1500.0,1,Mandya,Tomato,Karnataka,True,True
2025-09-01,mandya,8.0,1500.0,1500.0,1500.0,1,Mandya,Tomato,Karnataka,True,True
2025-09-02,mandya,10.0,2500.0,2500.0,2500.0,1,Mandya,Tomato,Karnataka,True,True
2025-09-03,mandya,6.0,2000.0,2000.0,2000.0,1,Mandya,Tomato,Karnataka,True,True
2025-09-04,mandya,6.0,2000.0,2000.0,2000.0,0,Mandya,Tomato,Karnataka,False,False
2025-09-05,mandya,9.0,2000.0,2000.0,2000.0,1,Mandya,Tomato,Karnataka,True,True
2025-09-06,mandya,2.0,2000.0,2000.0,2000.0,1,Mandya,Tomato,Karnataka,True,True
2025-09-07,mandya,3.0,1800.0,1800.0,1800.0,1,Mandya,Tomato,Karnataka,True,True
2025-09-08,mandya,6.0,1800.0,1800.0,1800.0,0,Mandya,Tomato,Karnataka,True,False
2025-09-09,mandya,14.0,1200.0,1000.0,1200.0,1,Mandya,Tomato,Karnataka,True,True
2025-09-10,mandya,14.0,1200.0,1000.0,1200.0,0,Mandya,Tomato,Karnataka,False,False
2025-09-11,mandya,7.0,1500.0,1500.0,1500.0,1,Mandya,Tomato,Karnataka,True,True
2025-09-12,mandya,7.0,1300.0,1000.0,1300.0,1,Mandya,Tomato,Karnataka,True,True
2025-09-13,mandya,7.0,1300.0,1000.0,1300.0,0,Mandya,Tomato,Karnataka,False,False
2025-09-14,mandya,7.0,1300.0,1000.0,1300.0,0,Mandya,Tomato,Karnataka,False,False
2025-09-15,mandya,3.0,1000.0,1000.0,1000.0,1,Mandya,Tomato,Karnataka,True,True
2025-09-16,mandya,8.0,1000.0,1000.0,1300.0,1,Mandya,Tomato,Karnataka,True,True
2025-09-17,mandya,8.0,1000.0,1000.0,1000.0,1,Mandya,Tomato,Karnataka,False,True
2025-09-18,mandya,8.0,1000.0,1000.0,1200.0,1,Mandya,Tomato,Karnataka,False,True
2025-09-19,mandya,1.3,1000.0,1000.0,1000.0,1,Mandya,Tomato,Karnataka,True,True
2025-09-20,mandya,1.3,1000.0,1000.0,1000.0,0,Mandya,Tomato,Karnataka,False,False
2025-09-21,mandya,1.3,1700.0,1700.0,1700.0,1,Mandya,Tomato,Karnataka,False,True
2025-09-22,mandya,,1700.0,1700.0,1700.0,0,Mandya,Tomato,Karnataka,False,False
2025-09-23,mandya,,2000.0,2000.0,2000.0,1,Mandya,Tomato,Karnataka,False,True
2025-09-24,mandya,,2000.0,2000.0,2000.0,0,Mandya,Tomato,Karnataka,False,False
2025-09-25,mandya,,1800.0,1800.0,1800.0,1,Mandya,Tomato,Karnataka,False,True
2025-09-26,mandya,,1500.0,1500.0,1500.0,1,Mandya,Tomato,Karnataka,False,True
2025-09-27,mandya,,1500.0,1500.0,1500.0,0,Mandya,Tomato,Karnataka,False,False
2025-09-28,mandya,,1500.0,1500.0,1500.0,1,Mandya,Tomato,Karnataka,False,True
2025-09-29,mandya,,1500.0,1500.0,1500.0,1,Mandya,Tomato,Karnataka,False,True
2025-09-30,mandya,,1500.0,1500.0,1500.0,1,Mandya,Tomato,Karnataka,False,True
2025-10-01,mandya,,1500.0,1500.0,1500.0,0,Mandya,Tomato,Karnataka,False,False
2025-10-02,mandya,,1500.0,1500.0,1500.0,0,Mandya,Tomato,Karnataka,False,False
2025-10-03,mandya,,1500.0,1500.0,1500.0,1,Mandya,Tomato,Karnataka,False,True
2025-10-04,mandya,,1500.0,1500.0,1500.0,0,Mandya,Tomato,Karnataka,False,False
2025-10-05,mandya,,1500.0,1500.0,1500.0,0,Mandya,Tomato,Karnataka,False,False
2025-10-06,mandya,,1500.0,1500.0,1500.0,0,Mandya,Tomato,Karnataka,False,False
2025-10-07,mandya,,1500.0,1500.0,1500.0,1,Mandya,Tomato,Karnataka,False,True
2025-10-08,mandya,,1500.0,1500.0,1500.0,0,Mandya,Tomato,Karnataka,False,False
2025-10-09,mandya,,1500.0,1500.0,1500.0,0,Mandya,Tomato,Karnataka,False,False
2025-10-10,mandya,,1700.0,1400.0,1700.0,1,Mandya,Tomato,Karnataka,False,True
2025-10-11,mandya,,1700.0,1400.0,1700.0,0,Mandya,Tomato,Karnataka,False,False
2025-10-12,mandya,,1500.0,1500.0,1500.0,1,Mandya,Tomato,Karnataka,False,True
2025-10-13,mandya,,1500.0,1500.0,1500.0,0,Mandya,Tomato,Karnataka,False,False
2025-10-14,mandya,,1500.0,1500.0,1500.0,0,Mandya,Tomato,Karnataka,False,False
2025-10-15,mandya,,1500.0,1500.0,1500.0,0,Mandya,Tomato,Karnataka,False,False
2025-10-16,mandya,,1500.0,1500.0,1500.0,1,Mandya,Tomato,Karnataka,False,True
2025-10-17,mandya,,1500.0,1500.0,1500.0,0,Mandya,Tomato,Karnataka,False,False
2025-10-18,mandya,,1500.0,1500.0,1500.0,0,Mandya,Tomato,Karnataka,False,False
2025-10-19,mandya,,1500.0,1500.0,1500.0,0,Mandya,Tomato,Karnataka,False,False
2025-10-20,mandya,,1500.0,1500.0,1500.0,1,Mandya,Tomato,Karnataka,False,True
2025-10-21,mandya,,1500.0,1500.0,1500.0,0,Mandya,Tomato,Karnataka,False,False
2025-10-22,mandya,,1500.0,1500.0,1500.0,0,Mandya,Tomato,Karnataka,False,False
2025-10-23,mandya,,2000.0,2000.0,2000.0,1,Mandya,Tomato,Karnataka,False,True
2025-10-24,mandya,,2000.0,2000.0,2000.0,1,Mandya,Tomato,Karnataka,False,True
2025-10-25,mandya,,2000.0,2000.0,2000.0,0,Mandya,Tomato,Karnataka,False,False
2025-10-26,mandya,1.34,1500.0,1500.0,1500.0,1,Mandya,Tomato,Karnataka,True,True
2025-10-27,mandya,1.34,1500.0,1500.0,1500.0,0,Mandya,Tomato,Karnataka,False,False
2025-10-28,mandya,1.34,2000.0,1000.0,2000.0,1,Mandya,Tomato,Karnataka,False,True
2025-10-29,mandya,,2000.0,1000.0,2000.0,1,Mandya,Tomato,Karnataka,False,True
2025-10-30,mandya,,1500.0,1500.0,1500.0,1,Mandya,Tomato,Karnataka,False,True
2025-10-31,mandya,,1500.0,1500.0,1500.0,1,Mandya,Tomato,Karnataka,False,True
2025-11-01,mandya,,1500.0,1500.0,1500.0,0,Mandya,Tomato,Karnataka,False,False
2025-11-02,mandya,,1000.0,1000.0,1500.0,2,Mandya,Tomato,Karnataka,False,True
2025-11-03,mandya,,1000.0,1000.0,1000.0,1,Mandya,Tomato,Karnataka,False,True
2025-11-04,mandya,,1000.0,1000.0,1000.0,0,Mandya,Tomato,Karnataka,False,False
2025-11-05,mandya,,1000.0,1000.0,1000.0,0,Mandya,Tomato,Karnataka,False,False
2025-11-06,mandya,,1000.0,1000.0,1000.0,0,Mandya,Tomato,Karnataka,False,False
2025-11-07,mandya,,,,,0,Mandya,Tomato,Karnataka,False,False
2025-11-08,mandya,,,,,0,Mandya,Tomato,Karnataka,False,False
2025-11-09,mandya,,,,,0,Mandya,Tomato,Karnataka,False,False
2025-11-10,mandya,,,,,0,Mandya,Tomato,Karnataka,False,False
2025-11-11,mandya,,,,,0,Mandya,Tomato,Karnataka,False,False
2025-11-12,mandya,,,,,0,Mandya,Tomato,Karnataka,False,False
2025-11-13,mandya,,,,,0,Mandya,Tomato,Karnataka,False,False
2025-11-14,mandya,,,,,0,Mandya,Tomato,Karnataka,False,False
2025-11-15,mandya,,,,,0,Mandya,Tomato,Karnataka,False,False
2025-11-16,mandya,,,,,0,Mandya,Tomato,Karnataka,False,False
2025-11-17,mandya,,,,,0,Mandya,Tomato,Karnataka,False,False
2025-11-18,mandya,,,,,0,Mandya,Tomato,Karnataka,False,False
2025-11-19,mandya,,,,,0,Mandya,Tomato,Karnataka,False,False
2025-11-20,mandya,,,,,0,Mandya,Tomato,Karnataka,False,False
2025-11-21,mandya,,,,,0,Mandya,Tomato,Karnataka,False,False
2025-11-22,mandya,,,,,0,Mandya,Tomato,Karnataka,False,False
2025-11-23,mandya,,,,,0,Mandya,Tomato,Karnataka,False,False
2025-11-24,mandya,,,,,0,Mandya,Tomato,Karnataka,False,False
2025-11-25,mandya,,,,,0,Mandya,Tomato,Karnataka,False,False
2025-11-26,mandya,,,,,0,Mandya,Tomato,Karnataka,False,False
2025-11-27,mandya,,,,,0,Mandya,Tomato,Karnataka,False,False
2025-11-28,mandya,,,,,0,Mandya,Tomato,Karnataka,False,False
2025-11-29,mandya,,,,,0,Mandya,Tomato,Karnataka,False,False
2025-11-30,mandya,,,,,0,Mandya,Tomato,Karnataka,False,False
2025-12-01,mandya,,,,,0,Mandya,Tomato,Karnataka,False,False
2025-12-02,mandya,,,,,0,Mandya,Tomato,Karnataka,False,False
2025-12-03,mandya,,,,,0,Mandya,Tomato,Karnataka,False,False
2025-12-04,mandya,,,,,0,Mandya,Tomato,Karnataka,False,False
2025-12-05,mandya,,,,,0,Mandya,Tomato,Karnataka,False,False
2025-12-06,mandya,,,,,0,Mandya,Tomato,Karnataka,False,False
2025-12-07,mandya,,,,,0,Mandya,Tomato,Karnataka,False,False
2025-12-08,mandya,,,,,0,Mandya,Tomato,Karnataka,False,False
2025-12-09,mandya,,,,,0,Mandya,Tomato,Karnataka,False,False
2025-12-10,mandya,,,,,0,Mandya,Tomato,Karnataka,False,False
2025-12-11,mandya,,,,,0,Mandya,Tomato,Karnataka,False,False
2025-12-12,mandya,,,,,0,Mandya,Tomato,Karnataka,False,False
2025-12-13,mandya,,,,,0,Mandya,Tomato,Karnataka,False,False
2025-12-14,mandya,,,,,0,Mandya,Tomato,Karnataka,False,False
2025-12-15,mandya,,,,,0,Mandya,Tomato,Karnataka,False,False
2025-12-16,mandya,,,,,0,Mandya,Tomato,Karnataka,False,False
2025-12-17,mandya,,,,,0,Mandya,Tomato,Karnataka,False,False
2025-12-18,mandya,,,,,0,Mandya,Tomato,Karnataka,False,False
2025-12-19,mandya,,,,,0,Mandya,Tomato,Karnataka,False,False
2025-12-20,mandya,,,,,0,Mandya,Tomato,Karnataka,False,False
2025-12-21,mandya,,,,,0,Mandya,Tomato,Karnataka,False,False
2025-12-22,mandya,,,,,0,Mandya,Tomato,Karnataka,False,False
2025-12-23,mandya,,,,,0,Mandya,Tomato,Karnataka,False,False
2025-12-24,mandya,,,,,0,Mandya,Tomato,Karnataka,False,False
2025-12-25,mandya,,,,,0,Mandya,Tomato,Karnataka,False,False
2025-12-26,mandya,,,,,0,Mandya,Tomato,Karnataka,False,False
2025-12-27,mandya,,,,,0,Mandya,Tomato,Karnataka,False,False
2025-12-28,mandya,,,,,0,Mandya,Tomato,Karnataka,False,False
2025-12-29,mandya,,,,,0,Mandya,Tomato,Karnataka,False,False
2025-12-30,mandya,,,,,0,Mandya,Tomato,Karnataka,False,False
2025-12-31,mandya,,,,,0,Mandya,Tomato,Karnataka,False,False
2026-01-01,mandya,,,,,0,Mandya,Tomato,Karnataka,False,False
2026-01-02,mandya,,,,,0,Mandya,Tomato,Karnataka,False,False
2026-01-03,mandya,,,,,0,Mandya,Tomato,Karnataka,False,False
2026-01-04,mandya,,,,,0,Mandya,Tomato,Karnataka,False,False
2026-01-05,mandya,,,,,0,Mandya,Tomato,Karnataka,False,False
2026-01-06,mandya,,,,,0,Mandya,Tomato,Karnataka,False,False
2026-01-07,mandya,,,,,0,Mandya,Tomato,Karnataka,False,False
2026-01-08,mandya,,,,,0,Mandya,Tomato,Karnataka,False,False
2026-01-09,mandya,7.6,2000.0,2000.0,2500.0,1,Mandya,Tomato,Karnataka,True,True
2026-01-10,mandya,7.6,2000.0,2000.0,2500.0,0,Mandya,Tomato,Karnataka,False,False
2026-01-11,mandya,7.5,2000.0,2000.0,2000.0,1,Mandya,Tomato,Karnataka,True,True
2026-01-12,mandya,7.5,2000.0,2000.0,2000.0,0,Mandya,Tomato,Karnataka,False,False
2026-01-13,mandya,7.5,2000.0,2000.0,2000.0,0,Mandya,Tomato,Karnataka,False,False
2026-01-14,mandya,,2000.0,2000.0,2000.0,0,Mandya,Tomato,Karnataka,False,False
2026-01-15,mandya,,,,,0,Mandya,Tomato,Karnataka,False,False
2026-01-16,mandya,,,,,0,Mandya,Tomato,Karnataka,False,False
2026-01-17,mandya,,,,,0,Mandya,Tomato,Karnataka,False,False
2026-01-18,mandya,,,,,0,Mandya,Tomato,Karnataka,False,False
2026-01-19,mandya,,,,,0,Mandya,Tomato,Karnataka,False,False
2026-01-20,mandya,,,,,0,Mandya,Tomato,Karnataka,False,False
2026-01-21,mandya,,,,,0,Mandya,Tomato,Karnataka,False,False
2026-01-22,mandya,3.0,1700.0,1700.0,1700.0,1,Mandya,Tomato,Karnataka,True,True
2026-01-23,mandya,3.0,1700.0,1700.0,1700.0,0,Mandya,Tomato,Karnataka,False,False
2026-01-24,mandya,3.0,1700.0,1700.0,1700.0,0,Mandya,Tomato,Karnataka,False,False
2026-01-25,mandya,8.5,2100.0,2100.0,2100.0,1,Mandya,Tomato,Karnataka,True,True
2026-01-26,mandya,2.0,2000.0,2000.0,2000.0,1,Mandya,Tomato,Karnataka,True,True
2026-01-27,mandya,2.0,2000.0,2000.0,2000.0,1,Mandya,Tomato,Karnataka,False,True
2026-01-28,mandya,2.8,1500.0,1500.0,1500.0,1,Mandya,Tomato,Karnataka,True,True
2026-01-29,mandya,1.0,1500.0,1500.0,1500.0,1,Mandya,Tomato,Karnataka,True,True
2026-01-30,mandya,18.5,1300.0,1300.0,1300.0,1,Mandya,Tomato,Karnataka,True,True
2026-01-31,mandya,18.5,1300.0,1300.0,1300.0,0,Mandya,Tomato,Karnataka,False,False
2026-02-01,mandya,16.5,1300.0,1300.0,1300.0,1,Mandya,Tomato,Karnataka,True,True
2026-02-02,mandya,16.5,1300.0,1300.0,1300.0,0,Mandya,Tomato,Karnataka,False,False
2026-02-03,mandya,5.6,1200.0,1200.0,1200.0,1,Mandya,Tomato,Karnataka,True,True
2026-02-04,mandya,4.5,1000.0,1000.0,1000.0,1,Mandya,Tomato,Karnataka,True,True
2026-02-05,mandya,8.5,1200.0,1200.0,1200.0,1,Mandya,Tomato,Karnataka,True,True
2026-02-06,mandya,5.0,1200.0,1200.0,1200.0,0,Mandya,Tomato,Karnataka,True,False
2026-02-07,mandya,5.0,1200.0,1200.0,1200.0,0,Mandya,Tomato,Karnataka,False,False
2026-02-08,mandya,5.0,1200.0,1200.0,1200.0,0,Mandya,Tomato,Karnataka,False,False
2026-02-09,mandya,,,,,0,Mandya,Tomato,Karnataka,False,False
2026-02-10,mandya,6.1,1500.0,1500.0,1500.0,1,Mandya,Tomato,Karnataka,True,True
2026-02-11,mandya,6.1,1500.0,1500.0,1500.0,0,Mandya,Tomato,Karnataka,False,False
2026-02-12,mandya,6.1,1500.0,1500.0,1500.0,0,Mandya,Tomato,Karnataka,False,False
2026-02-13,mandya,,1500.0,1500.0,1500.0,0,Mandya,Tomato,Karnataka,False,False
2026-02-14,mandya,,,,,0,Mandya,Tomato,Karnataka,False,False
2026-02-15,mandya,,,,,0,Mandya,Tomato,Karnataka,False,False
2026-02-16,mandya,,,,,0,Mandya,Tomato,Karnataka,False,False
2026-02-17,mandya,4.6,1500.0,1500.0,1500.0,1,Mandya,Tomato,Karnataka,True,True
2026-02-18,mandya,4.6,1500.0,1500.0,1500.0,0,Mandya,Tomato,Karnataka,False,False
2026-02-19,mandya,4.6,1500.0,1500.0,1500.0,0,Mandya,Tomato,Karnataka,False,False
2026-02-20,mandya,,1000.0,1000.0,1000.0,1,Mandya,Tomato,Karnataka,False,True
2026-02-21,mandya,,1000.0,1000.0,1000.0,0,Mandya,Tomato,Karnataka,False,False
2026-02-22,mandya,16.5,900.0,900.0,900.0,1,Mandya,Tomato,Karnataka,True,True
2026-02-23,mandya,5.0,1000.0,1000.0,1000.0,1,Mandya,Tomato,Karnataka,True,True
2026-02-24,mandya,1.2,800.0,800.0,800.0,1,Mandya,Tomato,Karnataka,True,True
2026-02-25,mandya,2.0,800.0,800.0,800.0,1,Mandya,Tomato,Karnataka,True,True
2026-02-26,mandya,5.0,800.0,800.0,800.0,1,Mandya,Tomato,Karnataka,True,True
2026-02-27,mandya,1.3,800.0,800.0,800.0,1,Mandya,Tomato,Karnataka,True,True
2026-02-28,mandya,1.3,800.0,800.0,800.0,0,Mandya,Tomato,Karnataka,False,False
2026-03-01,mandya,1.3,800.0,800.0,800.0,0,Mandya,Tomato,Karnataka,False,False
2026-03-02,mandya,2.0,800.0,800.0,800.0,1,Mandya,Tomato,Karnataka,True,True
2026-03-03,mandya,1.0,800.0,800.0,800.0,1,Mandya,Tomato,Karnataka,True,True
2026-03-04,mandya,2.0,800.0,800.0,800.0,0,Mandya,Tomato,Karnataka,True,False
2026-03-05,mandya,2.0,800.0,800.0,800.0,0,Mandya,Tomato,Karnataka,False,False
2026-03-06,mandya,8.8,1000.0,1000.0,1000.0,1,Mandya,Tomato,Karnataka,True,True
2026-03-07,mandya,8.8,1000.0,1000.0,1000.0,0,Mandya,Tomato,Karnataka,False,False
2026-03-08,mandya,8.8,1000.0,1000.0,1000.0,0,Mandya,Tomato,Karnataka,False,False
2026-03-09,mandya,9.3,1000.0,1000.0,1000.0,2,Mandya,Tomato,Karnataka,True,True
2026-03-10,mandya,6.0,1000.0,1000.0,1000.0,1,Mandya,Tomato,Karnataka,True,True
2026-03-11,mandya,6.0,1000.0,1000.0,1000.0,0,Mandya,Tomato,Karnataka,False,False
2026-03-12,mandya,6.0,1000.0,1000.0,1000.0,0,Mandya,Tomato,Karnataka,False,False
2026-03-13,mandya,5.0,1000.0,1000.0,1000.0,1,Mandya,Tomato,Karnataka,True,True
2026-03-14,mandya,5.0,1000.0,1000.0,1000.0,0,Mandya,Tomato,Karnataka,False,False
2026-03-15,mandya,8.0,1000.0,1000.0,1000.0,0,Mandya,Tomato,Karnataka,True,False
2026-03-16,mandya,3.3,1000.0,1000.0,1000.0,1,Mandya,Tomato,Karnataka,True,True
2026-03-17,mandya,4.8,1000.0,1000.0,1400.0,1,Mandya,Tomato,Karnataka,True,True
2026-03-18,mandya,4.8,1800.0,1800.0,1800.0,1,Mandya,Tomato,Karnataka,False,True
2026-03-19,mandya,4.8,1800.0,1800.0,1800.0,0,Mandya,Tomato,Karnataka,False,False
2026-03-20,mandya,,1800.0,1800.0,1800.0,0,Mandya,Tomato,Karnataka,False,False
2026-03-21,mandya,,1800.0,1800.0,1800.0,0,Mandya,Tomato,Karnataka,False,False
2026-03-22,mandya,4.8,1300.0,1300.0,1300.0,1,Mandya,Tomato,Karnataka,True,True
2026-03-23,mandya,3.3,1000.0,1000.0,1000.0,1,Mandya,Tomato,Karnataka,True,True
2026-03-24,mandya,1.0,1000.0,1000.0,1000.0,1,Mandya,Tomato,Karnataka,True,True
2026-03-25,mandya,2.8,1200.0,1200.0,1200.0,1,Mandya,Tomato,Karnataka,True,True
2026-03-26,mandya,2.8,1200.0,1200.0,1200.0,0,Mandya,Tomato,Karnataka,False,False
2026-03-27,mandya,14.4,2250.0,2250.0,2250.0,2,Mandya,Tomato,Karnataka,True,True
2026-03-28,mandya,14.4,2250.0,2250.0,2250.0,0,Mandya,Tomato,Karnataka,False,False
2026-03-29,mandya,14.4,1000.0,1000.0,1000.0,1,Mandya,Tomato,Karnataka,False,True
2026-03-30,mandya,2.5,1300.0,1300.0,1300.0,1,Mandya,Tomato,Karnataka,True,True
2026-03-31,mandya,2.5,1400.0,1400.0,1400.0,1,Mandya,Tomato,Karnataka,False,True
2026-04-01,mandya,2.5,1400.0,1400.0,1400.0,0,Mandya,Tomato,Karnataka,False,False
2026-04-02,mandya,6.0,1000.0,1000.0,1000.0,1,Mandya,Tomato,Karnataka,True,True
2026-04-03,mandya,6.0,1000.0,1000.0,1000.0,0,Mandya,Tomato,Karnataka,False,False
2026-04-04,mandya,6.0,1000.0,1000.0,1000.0,0,Mandya,Tomato,Karnataka,False,False
2026-04-05,mandya,,1000.0,1000.0,1000.0,0,Mandya,Tomato,Karnataka,False,False
2026-04-06,mandya,,,,,0,Mandya,Tomato,Karnataka,False,False
2026-04-07,mandya,,,,,0,Mandya,Tomato,Karnataka,False,False
2026-04-08,mandya,2.3,,,,0,Mandya,Tomato,Karnataka,True,False
2026-04-09,mandya,5.0,,,,0,Mandya,Tomato,Karnataka,True,False
2026-04-10,mandya,5.0,,,,0,Mandya,Tomato,Karnataka,False,False
2026-04-11,mandya,5.0,,,,0,Mandya,Tomato,Karnataka,False,False
2026-04-12,mandya,,,,,0,Mandya,Tomato,Karnataka,False,False
2026-04-13,mandya,1.5,,,,0,Mandya,Tomato,Karnataka,True,False
2026-04-14,mandya,1.5,,,,0,Mandya,Tomato,Karnataka,False,False
2026-04-15,mandya,1.8,,,,0,Mandya,Tomato,Karnataka,True,False
2026-04-16,mandya,1.8,,,,0,Mandya,Tomato,Karnataka,False,False
2026-04-17,mandya,1.8,,,,0,Mandya,Tomato,Karnataka,False,False
2026-04-18,mandya,,,,,0,Mandya,Tomato,Karnataka,False,False
2026-04-19,mandya,,,,,0,Mandya,Tomato,Karnataka,False,False
2026-04-20,mandya,,,,,0,Mandya,Tomato,Karnataka,False,False
2026-04-21,mandya,,,,,0,Mandya,Tomato,Karnataka,False,False
2026-04-22,mandya,,,,,0,Mandya,Tomato,Karnataka,False,False
2026-04-23,mandya,,,,,0,Mandya,Tomato,Karnataka,False,False
2026-04-24,mandya,,,,,0,Mandya,Tomato,Karnataka,False,False
2026-04-25,mandya,,,,,0,Mandya,Tomato,Karnataka,False,False
2026-04-26,mandya,,,,,0,Mandya,Tomato,Karnataka,False,False
2026-04-27,mandya,,,,,0,Mandya,Tomato,Karnataka,False,False
2026-04-28,mandya,,,,,0,Mandya,Tomato,Karnataka,False,False
2026-04-29,mandya,,,,,0,Mandya,Tomato,Karnataka,False,False
2026-04-30,mandya,,,,,0,Mandya,Tomato,Karnataka,False,False
2026-05-01,mandya,,,,,0,Mandya,Tomato,Karnataka,False,False
2026-05-02,mandya,,,,,0,Mandya,Tomato,Karnataka,False,False
2026-05-03,mandya,,,,,0,Mandya,Tomato,Karnataka,False,False
2026-05-04,mandya,,,,,0,Mandya,Tomato,Karnataka,False,False
2026-05-05,mandya,,,,,0,Mandya,Tomato,Karnataka,False,False
2026-05-06,mandya,,,,,0,Mandya,Tomato,Karnataka,False,False
2026-05-07,mandya,,,,,0,Mandya,Tomato,Karnataka,False,False
2026-05-08,mandya,,,,,0,Mandya,Tomato,Karnataka,False,False
2026-05-09,mandya,,,,,0,Mandya,Tomato,Karnataka,False,False
2026-05-10,mandya,,,,,0,Mandya,Tomato,Karnataka,False,False
2026-05-11,mandya,,,,,0,Mandya,Tomato,Karnataka,False,False
2026-05-12,mandya,,,,,0,Mandya,Tomato,Karnataka,False,False
2026-05-13,mandya,,,,,0,Mandya,Tomato,Karnataka,False,False
2026-05-14,mandya,,,,,0,Mandya,Tomato,Karnataka,False,False
2026-05-15,mandya,,,,,0,Mandya,Tomato,Karnataka,False,False
2026-05-16,mandya,,,,,0,Mandya,Tomato,Karnataka,False,False
2026-05-17,mandya,,,,,0,Mandya,Tomato,Karnataka,False,False
2026-05-18,mandya,,,,,0,Mandya,Tomato,Karnataka,False,False
2026-05-19,mandya,,,,,0,Mandya,Tomato,Karnataka,False,False
2026-05-20,mandya,,,,,0,Mandya,Tomato,Karnataka,False,False
2026-05-21,mandya,,,,,0,Mandya,Tomato,Karnataka,False,False
2026-05-22,mandya,,,,,0,Mandya,Tomato,Karnataka,False,False
2026-05-23,mandya,,,,,0,Mandya,Tomato,Karnataka,False,False
2026-05-24,mandya,,,,,0,Mandya,Tomato,Karnataka,False,False
2026-05-25,mandya,,,,,0,Mandya,Tomato,Karnataka,False,False
2026-05-26,mandya,,,,,0,Mandya,Tomato,Karnataka,False,False
2026-05-27,mandya,,,,,0,Mandya,Tomato,Karnataka,False,False
2026-05-28,mandya,,,,,0,Mandya,Tomato,Karnataka,False,False
2026-05-29,mandya,,,,,0,Mandya,Tomato,Karnataka,False,False
2026-05-30,mandya,,,,,0,Mandya,Tomato,Karnataka,False,False
2026-05-31,mandya,,,,,0,Mandya,Tomato,Karnataka,False,False
2026-06-01,mandya,,,,,0,Mandya,Tomato,Karnataka,False,False
2026-06-02,mandya,,,,,0,Mandya,Tomato,Karnataka,False,False
2026-06-03,mandya,,,,,0,Mandya,Tomato,Karnataka,False,False
2026-06-04,mandya,,,,,0,Mandya,Tomato,Karnataka,False,False
2026-06-05,mandya,,,,,0,Mandya,Tomato,Karnataka,False,False
2026-06-06,mandya,,,,,0,Mandya,Tomato,Karnataka,False,False
2026-06-07,mandya,,,,,0,Mandya,Tomato,Karnataka,False,False
2026-06-08,mandya,,,,,0,Mandya,Tomato,Karnataka,False,False
2026-06-09,mandya,,,,,0,Mandya,Tomato,Karnataka,False,False
2026-06-10,mandya,,,,,0,Mandya,Tomato,Karnataka,False,False
2026-06-11,mandya,,,,,0,Mandya,Tomato,Karnataka,False,False
2026-06-12,mandya,,,,,0,Mandya,Tomato,Karnataka,False,False
2026-06-13,mandya,,,,,0,Mandya,Tomato,Karnataka,False,False
2026-06-14,mandya,,,,,0,Mandya,Tomato,Karnataka,False,False
2026-06-15,mandya,,,,,0,Mandya,Tomato,Karnataka,False,False
2026-06-16,mandya,,,,,0,Mandya,Tomato,Karnataka,False,False
2026-06-17,mandya,,,,,0,Mandya,Tomato,Karnataka,False,False
2026-06-18,mandya,,,,,0,Mandya,Tomato,Karnataka,False,False
2026-06-19,mandya,,,,,0,Mandya,Tomato,Karnataka,False,False
2026-06-20,mandya,,,,,0,Mandya,Tomato,Karnataka,False,False
2026-06-21,mandya,,,,,0,Mandya,Tomato,Karnataka,False,False
2026-06-22,mandya,,,,,0,Mandya,Tomato,Karnataka,False,False
2026-06-23,mandya,,,,,0,Mandya,Tomato,Karnataka,False,False
2026-06-24,mandya,,,,,0,Mandya,Tomato,Karnataka,False,False
2026-06-25,mandya,,,,,0,Mandya,Tomato,Karnataka,False,False
2026-06-26,mandya,,,,,0,Mandya,Tomato,Karnataka,False,False
2026-06-27,mandya,,,,,0,Mandya,Tomato,Karnataka,False,False
2026-06-28,mandya,,,,,0,Mandya,Tomato,Karnataka,False,False
2026-06-29,mandya,,,,,0,Mandya,Tomato,Karnataka,False,False
2026-06-30,mandya,,,,,0,Mandya,Tomato,Karnataka,False,False
2026-07-01,mandya,,,,,0,Mandya,Tomato,Karnataka,False,False
2026-07-02,mandya,,,,,0,Mandya,Tomato,Karnataka,False,False
2026-07-03,mandya,,,,,0,Mandya,Tomato,Karnataka,False,False
2026-07-04,mandya,,,,,0,Mandya,Tomato,Karnataka,False,False
2026-07-05,mandya,,,,,0,Mandya,Tomato,Karnataka,False,False
2026-07-06,mandya,,,,,0,Mandya,Tomato,Karnataka,False,False
2026-07-07,mandya,,,,,0,Mandya,Tomato,Karnataka,False,False
2026-07-08,mandya,,,,,0,Mandya,Tomato,Karnataka,False,False
2026-07-09,mandya,,,,,0,Mandya,Tomato,Karnataka,False,False
2026-07-10,mandya,,,,,0,Mandya,Tomato,Karnataka,False,False
2026-07-11,mandya,,,,,0,Mandya,Tomato,Karnataka,False,False
2026-07-12,mandya,,,,,0,Mandya,Tomato,Karnataka,False,False
2026-07-13,mandya,,,,,0,Mandya,Tomato,Karnataka,False,False
2026-07-14,mandya,,,,,0,Mandya,Tomato,Karnataka,False,False
2026-07-15,mandya,,,,,0,Mandya,Tomato,Karnataka,False,False
2026-07-16,mandya,,,,,0,Mandya,Tomato,Karnataka,False,False
2026-07-17,mandya,,,,,0,Mandya,Tomato,Karnataka,False,False
2026-07-18,mandya,,,,,0,Mandya,Tomato,Karnataka,False,False
2026-07-19,mandya,,,,,0,Mandya,Tomato,Karnataka,False,False
2026-07-20,mandya,,,,,0,Mandya,Tomato,Karnataka,False,False
2026-07-21,mandya,,,,,0,Mandya,Tomato,Karnataka,False,False
2026-07-22,mandya,,,,,0,Mandya,Tomato,Karnataka,False,False
2026-07-23,mandya,,,,,0,Mandya,Tomato,Karnataka,False,False
2026-07-24,mandya,,,,,0,Mandya,Tomato,Karnataka,False,False
2026-07-25,mandya,,,,,0,Mandya,Tomato,Karnataka,False,False
2026-07-26,mandya,,,,,0,Mandya,Tomato,Karnataka,False,False
2026-07-27,mandya,,,,,0,Mandya,Tomato,Karnataka,False,False
2026-07-28,mandya,,,,,0,Mandya,Tomato,Karnataka,False,False
2026-07-29,mandya,,,,,0,Mandya,Tomato,Karnataka,False,False
2026-07-30,mandya,,,,,0,Mandya,Tomato,Karnataka,False,False
2026-07-31,mandya,,,,,0,Mandya,Tomato,Karnataka,False,False
2026-08-01,mandya,,,,,0,Mandya,Tomato,Karnataka,False,False
2026-08-02,mandya,,,,,0,Mandya,Tomato,Karnataka,False,False
2026-08-03,mandya,,,,,0,Mandya,Tomato,Karnataka,False,False
2026-08-04,mandya,,,,,0,Mandya,Tomato,Karnataka,False,False
2026-08-05,mandya,,,,,0,Mandya,Tomato,Karnataka,False,False
2026-08-06,mandya,,,,,0,Mandya,Tomato,Karnataka,False,False
2026-08-07,mandya,,,,,0,Mandya,Tomato,Karnataka,False,False
2026-08-08,mandya,,,,,0,Mandya,Tomato,Karnataka,False,False
2026-08-09,mandya,,,,,0,Mandya,Tomato,Karnataka,False,False
2026-08-10,mandya,,,,,0,Mandya,Tomato,Karnataka,False,False
2026-08-11,mandya,,,,,0,Mandya,Tomato,Karnataka,False,False
2026-08-12,mandya,,,,,0,Mandya,Tomato,Karnataka,False,False
2026-08-13,mandya,,,,,0,Mandya,Tomato,Karnataka,False,False
2026-08-14,mandya,,,,,0,Mandya,Tomato,Karnataka,False,False
2026-08-15,mandya,,,,,0,Mandya,Tomato,Karnataka,False,False
2026-08-16,mandya,,,,,0,Mandya,Tomato,Karnataka,False,False
2026-08-17,mandya,,,,,0,Mandya,Tomato,Karnataka,False,False
2026-08-18,mandya,,,,,0,Mandya,Tomato,Karnataka,False,False
2026-08-19,mandya,,,,,0,Mandya,Tomato,Karnataka,False,False
2026-08-20,mandya,,,,,0,Mandya,Tomato,Karnataka,False,False
2026-08-21,mandya,,,,,0,Mandya,Tomato,Karnataka,False,False
2026-08-22,mandya,,,,,0,Mandya,Tomato,Karnataka,False,False
2026-08-23,mandya,,,,,0,Mandya,Tomato,Karnataka,False,False
2026-08-24,mandya,,,,,0,Mandya,Tomato,Karnataka,False,False
2026-08-25,mandya,,,,,0,Mandya,Tomato,Karnataka,False,False
2026-08-26,mandya,,,,,0,Mandya,Tomato,Karnataka,False,False
2026-08-27,mandya,,,,,0,Mandya,Tomato,Karnataka,False,False
2026-08-28,mandya,,,,,0,Mandya,Tomato,Karnataka,False,False
2026-08-29,mandya,,,,,0,Mandya,Tomato,Karnataka,False,False
2026-08-30,mandya,,,,,0,Mandya,Tomato,Karnataka,False,False
2026-08-31,mandya,,,,,0,Mandya,Tomato,Karnataka,False,False
2026-09-01,mandya,,,,,0,Mandya,Tomato,Karnataka,False,False
2026-09-02,mandya,,,,,0,Mandya,Tomato,Karnataka,False,False
2026-09-03,mandya,,,,,0,Mandya,Tomato,Karnataka,False,False
2026-09-04,mandya,,,,,0,Mandya,Tomato,Karnataka,False,False
2026-09-05,mandya,,,,,0,Mandya,Tomato,Karnataka,False,False
2026-09-06,mandya,,,,,0,Mandya,Tomato,Karnataka,False,False
2026-09-07,mandya,,,,,0,Mandya,Tomato,Karnataka,False,False
2026-09-08,mandya,,,,,0,Mandya,Tomato,Karnataka,False,False
2026-09-09,mandya,,,,,0,Mandya,Tomato,Karnataka,False,False
2026-09-10,mandya,,,,,0,Mandya,Tomato,Karnataka,False,False
2026-09-11,mandya,,,,,0,Mandya,Tomato,Karnataka,False,False
2026-09-12,mandya,,,,,0,Mandya,Tomato,Karnataka,False,False
2026-09-13,mandya,,,,,0,Mandya,Tomato,Karnataka,False,False
2026-09-14,mandya,,,,,0,Mandya,Tomato,Karnataka,False,False
2026-09-15,mandya,,,,,0,Mandya,Tomato,Karnataka,False,False
2026-09-16,mandya,,,,,0,Mandya,Tomato,Karnataka,False,False
2022-01-01,mysuru,6.0,3000.0,2500.0,4000.0,3,Mysuru,Tomato,Karnataka,True,True
2022-01-02,mysuru,174.0,4050.0,4000.0,4600.0,2,Mysuru,Tomato,Karnataka,True,True
2022-01-03,mysuru,104.0,2900.0,2500.0,3000.0,3,Mysuru,Tomato,Karnataka,True,True
2022-01-04,mysuru,100.0,3000.0,2500.0,4000.0,4,Mysuru,Tomato,Karnataka,True,True
2022-01-05,mysuru,142.0,2500.0,2200.0,2800.0,2,Mysuru,Tomato,Karnataka,True,True
2022-01-06,mysuru,185.0,2500.0,2400.0,3000.0,2,Mysuru,Tomato,Karnataka,True,True
2022-01-07,mysuru,294.0,2150.0,1941.5,2200.0,4,Mysuru,Tomato,Karnataka,True,True
2022-01-08,mysuru,1.0,3000.0,3000.0,3000.0,1,Mysuru,Tomato,Karnataka,True,True
2022-01-09,mysuru,185.0,2875.0,2550.0,3400.0,2,Mysuru,Tomato,Karnataka,True,True
2022-01-10,mysuru,268.0,1700.0,1700.0,1700.0,3,Mysuru,Tomato,Karnataka,True,True
2022-01-11,mysuru,194.0,1700.0,1700.0,1700.0,0,Mysuru,Tomato,Karnataka,True,False
2022-01-12,mysuru,214.0,2500.0,2500.0,2500.0,4,Mysuru,Tomato,Karnataka,True,True
2022-01-13,mysuru,173.0,1500.0,1383.0,2000.0,3,Mysuru,Tomato,Karnataka,True,True
2022-01-14,mysuru,166.0,1700.0,1600.0,1800.0,3,Mysuru,Tomato,Karnataka,True,True
2022-01-15,mysuru,2.0,2000.0,1500.0,2500.0,1,Mysuru,Tomato,Karnataka,True,True
2022-01-16,mysuru,193.0,2100.0,2000.0,2200.0,1,Mysuru,Tomato,Karnataka,True,True
2022-01-17,mysuru,205.0,1750.0,1600.0,1800.0,3,Mysuru,Tomato,Karnataka,True,True
2022-01-18,mysuru,403.0,1500.0,1400.0,1600.0,4,Mysuru,Tomato,Karnataka,True,True
2022-01-19,mysuru,169.0,1475.0,1250.0,1600.0,2,Mysuru,Tomato,Karnataka,True,True
2022-01-20,mysuru,195.0,1500.0,1000.0,2000.0,1,Mysuru,Tomato,Karnataka,True,True
2022-01-21,mysuru,199.0,1300.0,1000.0,1500.0,3,Mysuru,Tomato,Karnataka,True,True
2022-01-22,mysuru,1.0,1200.0,1000.0,1500.0,1,Mysuru,Tomato,Karnataka,True,True
2022-01-23,mysuru,192.0,1175.0,1100.0,1200.0,2,Mysuru,Tomato,Karnataka,True,True
2022-01-24,mysuru,103.0,1425.0,1100.0,1700.0,2,Mysuru,Tomato,Karnataka,True,True
2022-01-25,mysuru,185.0,1475.0,1400.0,1500.0,2,Mysuru,Tomato,Karnataka,True,True
2022-01-26,mysuru,98.0,1300.0,1150.0,1500.0,2,Mysuru,Tomato,Karnataka,True,True
2022-01-27,mysuru,207.0,1500.0,1350.0,1500.0,3,Mysuru,Tomato,Karnataka,True,True
2022-01-28,mysuru,204.0,2500.0,1100.0,2600.0,2,Mysuru,Tomato,Karnataka,True,True
2022-01-29,mysuru,7.0,2500.0,1100.0,2500.0,2,Mysuru,Tomato,Karnataka,True,True
2022-01-30,mysuru,170.0,975.0,800.0,1100.0,2,Mysuru,Tomato,Karnataka,True,True
2022-01-31,mysuru,192.0,1200.0,1000.0,4000.0,1,Mysuru,Tomato,Karnataka,True,True
2022-02-01,mysuru,198.0,800.0,600.0,1000.0,3,Mysuru,Tomato,Karnataka,True,True
2022-02-02,mysuru,188.0,750.0,600.0,800.0,3,Mysuru,Tomato,Karnataka,True,True
2022-02-03,mysuru,307.0,850.0,700.0,1000.0,3,Mysuru,Tomato,Karnataka,True,True
2022-02-04,mysuru,169.0,1000.0,1000.0,1000.0,3,Mysuru,Tomato,Karnataka,True,True
2022-02-05,mysuru,7.0,1400.0,750.0,1500.0,2,Mysuru,Tomato,Karnataka,True,True
2022-02-06,mysuru,192.0,1075.0,1000.0,1100.0,2,Mysuru,Tomato,Karnataka,True,True
2022-02-07,mysuru,168.0,950.0,800.0,1000.0,1,Mysuru,Tomato,Karnataka,True,True
2022-02-08,mysuru,186.0,1000.0,1000.0,1000.0,3,Mysuru,Tomato,Karnataka,True,True
2022-02-09,mysuru,167.0,800.0,600.0,1000.0,3,Mysuru,Tomato,Karnataka,True,True
2022-02-10,mysuru,178.0,1400.0,1050.0,1750.0,3,Mysuru,Tomato,Karnataka,True,True
2022-02-11,mysuru,155.0,675.0,500.0,800.0,2,Mysuru,Tomato,Karnataka,True,True
2022-02-12,mysuru,2.0,1000.0,1000.0,1000.0,1,Mysuru,Tomato,Karnataka,True,True
2022-02-13,mysuru,184.0,675.0,450.0,800.0,2,Mysuru,Tomato,Karnataka,True,True
2022-02-14,mysuru,186.0,550.0,400.0,600.0,1,Mysuru,Tomato,Karnataka,True,True
2022-02-15,mysuru,186.0,500.0,400.0,600.0,2,Mysuru,Tomato,Karnataka,True,True
2022-02-16,mysuru,137.0,900.0,500.0,1000.0,3,Mysuru,Tomato,Karnataka,True,True
2022-02-17,mysuru,173.0,450.0,300.0,500.0,1,Mysuru,Tomato,Karnataka,True,True
2022-02-18,mysuru,175.0,1000.0,1000.0,1000.0,2,Mysuru,Tomato,Karnataka,True,True
2022-02-19,mysuru,5.0,1000.0,950.0,1050.0,2,Mysuru,Tomato,Karnataka,True,True
2022-02-20,mysuru,192.0,475.0,400.0,750.0,2,Mysuru,Tomato,Karnataka,True,True
2022-02-21,mysuru,163.0,450.0,300.0,500.0,1,Mysuru,Tomato,Karnataka,True,True
2022-02-22,mysuru,193.0,800.0,500.0,1000.0,3,Mysuru,Tomato,Karnataka,True,True
2022-02-23,mysuru,132.0,800.0,500.0,1000.0,3,Mysuru,Tomato,Karnataka,True,True
2022-02-24,mysuru,188.0,425.0,350.0,700.0,2,Mysuru,Tomato,Karnataka,True,True
2022-02-25,mysuru,143.0,450.0,350.0,600.0,2,Mysuru,Tomato,Karnataka,True,True
2022-02-26,mysuru,1.0,600.0,600.0,700.0,1,Mysuru,Tomato,Karnataka,True,True
2022-02-27,mysuru,191.0,475.0,300.0,550.0,2,Mysuru,Tomato,Karnataka,True,True
2022-02-28,mysuru,168.0,1025.0,700.0,1300.0,2,Mysuru,Tomato,Karnataka,True,True
2022-03-01,mysuru,139.0,475.0,400.0,550.0,2,Mysuru,Tomato,Karnataka,True,True
2022-03-02,mysuru,102.0,1500.0,1000.0,1500.0,1,Mysuru,Tomato,Karnataka,True,True
2022-03-03,mysuru,186.0,525.0,350.0,750.0,2,Mysuru,Tomato,Karnataka,True,True
2022-03-04,mysuru,167.0,1500.0,1000.0,1500.0,2,Mysuru,Tomato,Karnataka,True,True
2022-03-05,mysuru,4.0,1500.0,1000.0,1500.0,2,Mysuru,Tomato,Karnataka,True,True
2022-03-06,mysuru,197.0,425.0,350.0,700.0,2,Mysuru,Tomato,Karnataka,True,True
2022-03-07,mysuru,99.0,925.0,600.0,950.0,2,Mysuru,Tomato,Karnataka,True,True
2022-03-08,mysuru,133.0,925.0,600.0,950.0,0,Mysuru,Tomato,Karnataka,True,False
2022-03-09,mysuru,98.0,300.0,200.0,400.0,2,Mysuru,Tomato,Karnataka,True,True
2022-03-10,mysuru,197.0,500.0,500.0,600.0,3,Mysuru,Tomato,Karnataka,True,True
2022-03-11,mysuru,137.0,500.0,400.0,800.0,3,Mysuru,Tomato,Karnataka,True,True
2022-03-12,mysuru,2.0,600.0,600.0,600.0,1,Mysuru,Tomato,Karnataka,True,True
2022-03-13,mysuru,190.0,500.0,300.0,750.0,2,Mysuru,Tomato,Karnataka,True,True
2022-03-14,mysuru,175.0,900.0,600.0,1200.0,2,Mysuru,Tomato,Karnataka,True,True
2022-03-15,mysuru,177.0,600.0,500.0,700.0,3,Mysuru,Tomato,Karnataka,True,True
2022-03-16,mysuru,132.0,400.0,400.0,400.0,3,Mysuru,Tomato,Karnataka,True,True
2022-03-17,mysuru,177.0,400.0,400.0,500.0,3,Mysuru,Tomato,Karnataka,True,True
2022-03-18,mysuru,95.0,425.0,350.0,450.0,2,Mysuru,Tomato,Karnataka,True,True
2022-03-19,mysuru,5.0,950.0,650.0,1000.0,2,Mysuru,Tomato,Karnataka,True,True
2022-03-20,mysuru,193.0,500.0,400.0,1000.0,1,Mysuru,Tomato,Karnataka,True,True
2022-03-21,mysuru,134.0,975.0,650.0,1000.0,2,Mysuru,Tomato,Karnataka,True,True
2022-03-22,mysuru,130.0,550.0,400.0,600.0,3,Mysuru,Tomato,Karnataka,True,True
2022-03-23,mysuru,129.0,400.0,400.0,500.0,2,Mysuru,Tomato,Karnataka,True,True
2022-03-24,mysuru,141.0,450.0,400.0,500.0,3,Mysuru,Tomato,Karnataka,True,True
2022-03-25,mysuru,138.0,400.0,300.0,500.0,2,Mysuru,Tomato,Karnataka,True,True
2022-03-26,mysuru,2.0,500.0,500.0,1000.0,1,Mysuru,Tomato,Karnataka,True,True
2022-03-27,mysuru,2.0,500.0,400.0,600.0,1,Mysuru,Tomato,Karnataka,True,True
2022-03-28,mysuru,3.0,1500.0,1000.0,2000.0,1,Mysuru,Tomato,Karnataka,True,True
2022-03-29,mysuru,191.0,1100.0,800.0,1150.0,2,Mysuru,Tomato,Karnataka,True,True
2022-03-30,mysuru,142.0,775.0,700.0,800.0,3,Mysuru,Tomato,Karnataka,True,True
2022-03-31,mysuru,138.0,1050.0,700.0,1500.0,2,Mysuru,Tomato,Karnataka,True,True
2022-04-01,mysuru,142.0,800.0,700.0,1000.0,3,Mysuru,Tomato,Karnataka,True,True
2022-04-02,mysuru,2.0,500.0,400.0,500.0,1,Mysuru,Tomato,Karnataka,True,True
2022-04-03,mysuru,2.0,500.0,400.0,500.0,0,Mysuru,Tomato,Karnataka,False,False
2022-04-04,mysuru,167.0,1500.0,1000.0,2000.0,1,Mysuru,Tomato,Karnataka,True,True
2022-04-05,mysuru,131.0,1500.0,1000.0,2000.0,0,Mysuru,Tomato,Karnataka,True,False
2022-04-06,mysuru,126.0,750.0,600.0,800.0,1,Mysuru,Tomato,Karnataka,True,True
2022-04-07,mysuru,142.0,625.0,550.0,650.0,2,Mysuru,Tomato,Karnataka,True,True
2022-04-08,mysuru,131.0,950.0,800.0,1000.0,3,Mysuru,Tomato,Karnataka,True,True
2022-04-09,mysuru,2.0,800.0,500.0,1000.0,1,Mysuru,Tomato,Karnataka,True,True
2022-04-10,mysuru,191.0,1000.0,850.0,1250.0,2,Mysuru,Tomato,Karnataka,True,True
2022-04-11,mysuru,140.0,1000.0,850.0,1250.0,0,Mysuru,Tomato,Karnataka,True,False
2022-04-12,mysuru,185.0,1900.0,1800.0,2000.0,1,Mysuru,Tomato,Karnataka,True,True
2022-04-13,mysuru,129.0,1750.0,1450.0,1900.0,3,Mysuru,Tomato,Karnataka,True,True
2022-04-14,mysuru,40.0,1300.0,1200.0,1400.0,1,Mysuru,Tomato,Karnataka,True,True
2022-04-15,mysuru,90.0,1350.0,1300.0,1400.0,2,Mysuru,Tomato,Karnataka,True,True
2022-04-16,mysuru,6.0,2100.0,2000.0,2400.0,2,Mysuru,Tomato,Karnataka,True,True
2022-04-17,mysuru,184.0,1800.0,1500.0,2100.0,2,Mysuru,Tomato,Karnataka,True,True
2022-04-18,mysuru,102.0,2200.0,2000.0,2350.0,2,Mysuru,Tomato,Karnataka,True,True
2022-04-19,mysuru,97.0,2500.0,2000.0,2500.0,2,Mysuru,Tomato,Karnataka,True,True
2022-04-20,mysuru,187.0,2600.0,2500.0,2700.0,2,Mysuru,Tomato,Karnataka,True,True
2022-04-21,mysuru,180.0,2000.0,2000.0,2000.0,2,Mysuru,Tomato,Karnataka,True,True
2022-04-22,mysuru,93.0,2000.0,1750.0,2200.0,3,Mysuru,Tomato,Karnataka,True,True
2022-04-23,mysuru,1.0,2500.0,2500.0,2500.0,1,Mysuru,Tomato,Karnataka,True,True
2022-04-24,mysuru,199.0,2550.0,2400.0,2700.0,2,Mysuru,Tomato,Karnataka,True,True
2022-04-25,mysuru,89.0,3000.0,2500.0,3300.0,1,Mysuru,Tomato,Karnataka,True,True
2022-04-26,mysuru,94.0,3250.0,2950.0,3300.0,3,Mysuru,Tomato,Karnataka,True,True
2022-04-27,mysuru,85.0,3200.0,3000.0,3500.0,1,Mysuru,Tomato,Karnataka,True,True
2022-04-28,mysuru,101.0,3100.0,2800.0,3400.0,2,Mysuru,Tomato,Karnataka,True,True
2022-04-29,mysuru,76.0,3500.0,3100.0,4000.0,3,Mysuru,Tomato,Karnataka,True,True
2022-04-30,mysuru,3.0,2950.0,2550.0,3300.0,2,Mysuru,Tomato,Karnataka,True,True
2022-05-01,mysuru,76.0,3450.0,3400.0,4500.0,2,Mysuru,Tomato,Karnataka,True,True
2022-05-02,mysuru,3.0,3800.0,3000.0,4100.0,1,Mysuru,Tomato,Karnataka,True,True
2022-05-03,mysuru,93.0,4200.0,4150.0,4250.0,2,Mysuru,Tomato,Karnataka,True,True
2022-05-04,mysuru,78.0,4000.0,3000.0,5000.0,1,Mysuru,Tomato,Karnataka,True,True
2022-05-05,mysuru,117.0,4200.0,4000.0,4300.0,3,Mysuru,Tomato,Karnataka,True,True
2022-05-06,mysuru,103.0,4350.0,4000.0,4650.0,3,Mysuru,Tomato,Karnataka,True,True
2022-05-07,mysuru,4.0,4200.0,4000.0,4500.0,1,Mysuru,Tomato,Karnataka,True,True
2022-05-08,mysuru,88.0,4700.0,4400.0,5000.0,2,Mysuru,Tomato,Karnataka,True,True
2022-05-09,mysuru,89.0,5300.0,5000.0,5500.0,1,Mysuru,Tomato,Karnataka,True,True
2022-05-10,mysuru,102.0,4000.0,3000.0,5000.0,1,Mysuru,Tomato,Karnataka,True,True
2022-05-11,mysuru,43.0,5000.0,5000.0,5500.0,3,Mysuru,Tomato,Karnataka,True,True
2022-05-12,mysuru,101.0,4400.0,3500.0,5000.0,3,Mysuru,Tomato,Karnataka,True,True
2022-05-13,mysuru,87.0,5500.0,4900.0,5750.0,2,Mysuru,Tomato,Karnataka,True,True
2022-05-14,mysuru,1.0,5000.0,3000.0,6000.0,1,Mysuru,Tomato,Karnataka,True,True
2022-05-15,mysuru,94.0,5450.0,4900.0,5500.0,2,Mysuru,Tomato,Karnataka,True,True
2022-05-16,mysuru,77.0,6400.0,6300.0,6500.0,1,Mysuru,Tomato,Karnataka,True,True
2022-05-17,mysuru,89.0,5000.0,3500.0,7100.0,3,Mysuru,Tomato,Karnataka,True,True
2022-05-18,mysuru,77.0,5000.0,4000.0,6200.0,3,Mysuru,Tomato,Karnataka,True,True
2022-05-19,mysuru,91.0,6400.0,6300.0,6500.0,2,Mysuru,Tomato,Karnataka,True,True
2022-05-20,mysuru,78.0,5200.0,4000.0,6000.0,3,Mysuru,Tomato,Karnataka,True,True
2022-05-21,mysuru,3.0,7000.0,5000.0,10000.0,2,Mysuru,Tomato,Karnataka,True,True
2022-05-22,mysuru,94.0,7450.0,6400.0,9000.0,2,Mysuru,Tomato,Karnataka,True,True
2022-05-23,mysuru,75.0,6350.0,6150.0,6450.0,2,Mysuru,Tomato,Karnataka,True,True
2022-05-24,mysuru,76.0,6600.0,5000.0,6700.0,3,Mysuru,Tomato,Karnataka,True,True
2022-05-25,mysuru,67.0,5100.0,4500.0,5500.0,2,Mysuru,Tomato,Karnataka,True,True
2022-05-26,mysuru,81.0,5100.0,4200.0,5200.0,3,Mysuru,Tomato,Karnataka,True,True
2022-05-27,mysuru,76.0,4950.0,4750.0,5100.0,2,Mysuru,Tomato,Karnataka,True,True
2022-05-28,mysuru,2.0,6000.0,4000.0,7000.0,1,Mysuru,Tomato,Karnataka,True,True
2022-05-29,mysuru,92.0,5200.0,4150.0,5250.0,2,Mysuru,Tomato,Karnataka,True,True
2022-05-30,mysuru,87.0,5400.0,5300.0,5500.0,1,Mysuru,Tomato,Karnataka,True,True
2022-05-31,mysuru,3.0,4525.0,4500.0,5000.0,2,Mysuru,Tomato,Karnataka,True,True
2022-06-01,mysuru,64.0,4200.0,3900.0,4500.0,2,Mysuru,Tomato,Karnataka,True,True
2022-06-02,mysuru,83.0,4050.0,4000.0,4500.0,3,Mysuru,Tomato,Karnataka,True,True
2022-06-03,mysuru,83.0,4100.0,4000.0,4200.0,3,Mysuru,Tomato,Karnataka,True,True
2022-06-04,mysuru,3.0,3500.0,3500.0,3750.0,2,Mysuru,Tomato,Karnataka,True,True
2022-06-05,mysuru,99.0,3800.0,3500.0,4100.0,2,Mysuru,Tomato,Karnataka,True,True
2022-06-06,mysuru,74.0,4400.0,4300.0,4500.0,1,Mysuru,Tomato,Karnataka,True,True
2022-06-07,mysuru,95.0,4900.0,4800.0,5000.0,1,Mysuru,Tomato,Karnataka,True,True
2022-06-08,mysuru,66.0,3300.0,3000.0,4100.0,2,Mysuru,Tomato,Karnataka,True,True
2022-06-09,mysuru,96.0,3500.0,3000.0,4000.0,3,Mysuru,Tomato,Karnataka,True,True
2022-06-10,mysuru,61.0,4000.0,4000.0,4000.0,2,Mysuru,Tomato,Karnataka,True,True
2022-06-11,mysuru,1.0,3500.0,3000.0,4000.0,1,Mysuru,Tomato,Karnataka,True,True
2022-06-12,mysuru,95.0,3950.0,3900.0,4000.0,2,Mysuru,Tomato,Karnataka,True,True
2022-06-13,mysuru,83.0,3100.0,2800.0,3400.0,2,Mysuru,Tomato,Karnataka,True,True
2022-06-14,mysuru,103.0,3950.0,3900.0,4000.0,3,Mysuru,Tomato,Karnataka,True,True
2022-06-15,mysuru,74.0,3700.0,3400.0,4000.0,2,Mysuru,Tomato,Karnataka,True,True
2022-06-16,mysuru,86.0,3200.0,3150.0,3500.0,3,Mysuru,Tomato,Karnataka,True,True
2022-06-17,mysuru,78.0,3500.0,3000.0,3600.0,3,Mysuru,Tomato,Karnataka,True,True
2022-06-18,mysuru,2.0,3000.0,1750.0,4000.0,2,Mysuru,Tomato,Karnataka,True,True
2022-06-19,mysuru,100.0,3600.0,3300.0,3900.0,2,Mysuru,Tomato,Karnataka,True,True
2022-06-20,mysuru,76.0,3050.0,2400.0,3200.0,2,Mysuru,Tomato,Karnataka,True,True
2022-06-21,mysuru,93.0,3000.0,2500.0,3500.0,2,Mysuru,Tomato,Karnataka,True,True
2022-06-22,mysuru,71.0,3000.0,2500.0,3500.0,0,Mysuru,Tomato,Karnataka,True,False
2022-06-23,mysuru,67.0,2100.0,2000.0,2600.0,2,Mysuru,Tomato,Karnataka,True,True
2022-06-24,mysuru,109.0,2550.0,2500.0,2600.0,2,Mysuru,Tomato,Karnataka,True,True
2022-06-25,mysuru,1.0,2000.0,1500.0,3000.0,1,Mysuru,Tomato,Karnataka,True,True
2022-06-26,mysuru,125.0,2350.0,1800.0,2900.0,2,Mysuru,Tomato,Karnataka,True,True
2022-06-27,mysuru,97.0,1700.0,1400.0,2250.0,2,Mysuru,Tomato,Karnataka,True,True
2022-06-28,mysuru,128.0,1350.0,1300.0,1900.0,2,Mysuru,Tomato,Karnataka,True,True
2022-06-29,mysuru,101.0,2500.0,1500.0,3000.0,3,Mysuru,Tomato,Karnataka,True,True
2022-06-30,mysuru,2.0,2000.0,2000.0,2000.0,1,Mysuru,Tomato,Karnataka,True,True
2022-07-01,mysuru,1.0,2000.0,1500.0,3100.0,1,Mysuru,Tomato,Karnataka,True,True
2022-07-02,mysuru,1.0,2000.0,1000.0,2500.0,1,Mysuru,Tomato,Karnataka,True,True
2022-07-03,mysuru,138.0,1125.0,800.0,1650.0,2,Mysuru,Tomato,Karnataka,True,True
2022-07-04,mysuru,192.0,900.0,800.0,1000.0,1,Mysuru,Tomato,Karnataka,True,True
2022-07-05,mysuru,116.0,1200.0,1100.0,1500.0,3,Mysuru,Tomato,Karnataka,True,True
2022-07-06,mysuru,136.0,1000.0,1000.0,1200.0,1,Mysuru,Tomato,Karnataka,True,True
2022-07-07,mysuru,132.0,1200.0,1000.0,1500.0,3,Mysuru,Tomato,Karnataka,True,True
2022-07-08,mysuru,131.0,1000.0,1000.0,1000.0,1,Mysuru,Tomato,Karnataka,True,True
2022-07-09,mysuru,2.0,1200.0,1000.0,1500.0,1,Mysuru,Tomato,Karnataka,True,True
2022-07-10,mysuru,96.0,950.0,900.0,1250.0,2,Mysuru,Tomato,Karnataka,True,True
2022-07-11,mysuru,123.0,1975.0,1450.0,2100.0,2,Mysuru,Tomato,Karnataka,True,True
2022-07-12,mysuru,132.0,875.0,700.0,900.0,2,Mysuru,Tomato,Karnataka,True,True
2022-07-13,mysuru,135.0,1125.0,700.0,1400.0,2,Mysuru,Tomato,Karnataka,True,True
2022-07-14,mysuru,513.0,1600.0,1550.0,2025.0,2,Mysuru,Tomato,Karnataka,True,True
2022-07-15,mysuru,186.0,700.0,650.0,850.0,2,Mysuru,Tomato,Karnataka,True,True
2022-07-16,mysuru,4.0,1300.0,750.0,1750.0,2,Mysuru,Tomato,Karnataka,True,True
2022-07-17,mysuru,129.0,625.0,400.0,750.0,2,Mysuru,Tomato,Karnataka,True,True
2022-07-18,mysuru,96.0,550.0,400.0,600.0,1,Mysuru,Tomato,Karnataka,True,True
2022-07-19,mysuru,129.0,1500.0,1000.0,2000.0,2,Mysuru,Tomato,Karnataka,True,True
2022-07-20,mysuru,132.0,500.0,450.0,550.0,2,Mysuru,Tomato,Karnataka,True,True
2022-07-21,mysuru,136.0,600.0,400.0,1000.0,3,Mysuru,Tomato,Karnataka,True,True
2022-07-22,mysuru,124.0,350.0,200.0,400.0,2,Mysuru,Tomato,Karnataka,True,True
2022-07-23,mysuru,2.0,600.0,500.0,800.0,1,Mysuru,Tomato,Karnataka,True,True
2022-07-24,mysuru,132.0,625.0,400.0,750.0,2,Mysuru,Tomato,Karnataka,True,True
2022-07-25,mysuru,133.0,450.0,300.0,500.0,2,Mysuru,Tomato,Karnataka,True,True
2022-07-26,mysuru,127.0,1150.0,750.0,1500.0,2,Mysuru,Tomato,Karnataka,True,True
2022-07-27,mysuru,95.0,250.0,200.0,300.0,1,Mysuru,Tomato,Karnataka,True,True
2022-07-28,mysuru,196.0,500.0,500.0,500.0,3,Mysuru,Tomato,Karnataka,True,True
2022-07-29,mysuru,130.0,475.0,300.0,700.0,2,Mysuru,Tomato,Karnataka,True,True
2022-07-30,mysuru,3.0,475.0,300.0,700.0,0,Mysuru,Tomato,Karnataka,True,False
2022-07-31,mysuru,195.0,425.0,350.0,500.0,2,Mysuru,Tomato,Karnataka,True,True
2022-08-01,mysuru,130.0,925.0,600.0,1200.0,2,Mysuru,Tomato,Karnataka,True,True
2022-08-02,mysuru,130.0,500.0,400.0,1000.0,1,Mysuru,Tomato,Karnataka,True,True
2022-08-03,mysuru,192.0,600.0,500.0,1000.0,3,Mysuru,Tomato,Karnataka,True,True
2022-08-04,mysuru,195.0,500.0,400.0,1000.0,3,Mysuru,Tomato,Karnataka,True,True
2022-08-05,mysuru,131.0,1300.0,750.0,1500.0,2,Mysuru,Tomato,Karnataka,True,True
2022-08-06,mysuru,2.0,3900.0,3000.0,4000.0,2,Mysuru,Tomato,Karnataka,True,True
2022-08-07,mysuru,197.0,750.0,600.0,800.0,2,Mysuru,Tomato,Karnataka,True,True
2022-08-08,mysuru,65.0,450.0,300.0,500.0,1,Mysuru,Tomato,Karnataka,True,True
2022-08-09,mysuru,164.0,450.0,350.0,500.0,2,Mysuru,Tomato,Karnataka,True,True
2022-08-10,mysuru,132.0,500.0,400.0,800.0,2,Mysuru,Tomato,Karnataka,True,True
2022-08-11,mysuru,162.0,1500.0,1000.0,2000.0,2,Mysuru,Tomato,Karnataka,True,True
2022-08-12,mysuru,155.0,825.0,600.0,950.0,2,Mysuru,Tomato,Karnataka,True,True
2022-08-13,mysuru,2.0,800.0,500.0,1000.0,1,Mysuru,Tomato,Karnataka,True,True
2022-08-14,mysuru,174.0,700.0,600.0,950.0,2,Mysuru,Tomato,Karnataka,True,True
2022-08-15,mysuru,93.0,950.0,800.0,1000.0,1,Mysuru,Tomato,Karnataka,True,True
2022-08-16,mysuru,165.0,500.0,400.0,800.0,2,Mysuru,Tomato,Karnataka,True,True
2022-08-17,mysuru,95.0,950.0,800.0,1000.0,1,Mysuru,Tomato,Karnataka,True,True
2022-08-18,mysuru,124.0,800.0,700.0,1000.0,3,Mysuru,Tomato,Karnataka,True,True
2022-08-19,mysuru,94.0,1075.0,1000.0,1100.0,2,Mysuru,Tomato,Karnataka,True,True
2022-08-20,mysuru,2.0,1250.0,1200.0,1500.0,1,Mysuru,Tomato,Karnataka,True,True
2022-08-21,mysuru,173.0,1150.0,1000.0,1350.0,2,Mysuru,Tomato,Karnataka,True,True
2022-08-22,mysuru,99.0,1150.0,1000.0,1350.0,0,Mysuru,Tomato,Karnataka,True,False
2022-08-23,mysuru,135.0,800.0,600.0,1000.0,3,Mysuru,Tomato,Karnataka,True,True
2022-08-24,mysuru,93.0,800.0,600.0,1000.0,3,Mysuru,Tomato,Karnataka,True,True
2022-08-25,mysuru,185.0,875.0,800.0,900.0,2,Mysuru,Tomato,Karnataka,True,True
2022-08-26,mysuru,132.0,1200.0,800.0,1500.0,1,Mysuru,Tomato,Karnataka,True,True
2022-08-27,mysuru,1.0,1000.0,1000.0,1000.0,1,Mysuru,Tomato,Karnataka,True,True
2022-08-28,mysuru,191.0,1250.0,1100.0,1450.0,2,Mysuru,Tomato,Karnataka,True,True
2022-08-29,mysuru,99.0,1300.0,1150.0,1500.0,2,Mysuru,Tomato,Karnataka,True,True
2022-08-30,mysuru,115.0,1500.0,1000.0,1900.0,3,Mysuru,Tomato,Karnataka,True,True
2022-08-31,mysuru,75.0,1500.0,1200.0,2050.0,2,Mysuru,Tomato,Karnataka,True,True
2022-09-01,mysuru,127.0,1500.0,1400.0,1600.0,1,Mysuru,Tomato,Karnataka,True,True
2022-09-02,mysuru,130.0,2400.0,1850.0,2700.0,2,Mysuru,Tomato,Karnataka,True,True
2022-09-03,mysuru,2.0,3000.0,2000.0,4000.0,2,Mysuru,Tomato,Karnataka,True,True
2022-09-04,mysuru,165.0,2600.0,2450.0,2800.0,2,Mysuru,Tomato,Karnataka,True,True
2022-09-05,mysuru,165.0,2600.0,2450.0,2800.0,0,Mysuru,Tomato,Karnataka,False,False
2022-09-06,mysuru,3.0,3000.0,2500.0,3500.0,2,Mysuru,Tomato,Karnataka,True,True
2022-09-07,mysuru,1.0,3500.0,3000.0,5000.0,1,Mysuru,Tomato,Karnataka,True,True
2022-09-08,mysuru,88.0,2300.0,2150.0,2500.0,2,Mysuru,Tomato,Karnataka,True,True
2022-09-09,mysuru,74.0,3450.0,3400.0,3500.0,2,Mysuru,Tomato,Karnataka,True,True
2022-09-10,mysuru,2.0,3000.0,3000.0,3000.0,1,Mysuru,Tomato,Karnataka,True,True
2022-09-11,mysuru,125.0,2700.0,2400.0,3000.0,2,Mysuru,Tomato,Karnataka,True,True
2022-09-12,mysuru,113.0,2650.0,2500.0,3000.0,2,Mysuru,Tomato,Karnataka,True,True
2022-09-13,mysuru,113.0,2200.0,1900.0,2500.0,2,Mysuru,Tomato,Karnataka,True,True
2022-09-14,mysuru,91.0,3150.0,2650.0,3500.0,3,Mysuru,Tomato,Karnataka,True,True
2022-09-15,mysuru,91.0,2200.0,2000.0,2500.0,2,Mysuru,Tomato,Karnataka,True,True
2022-09-16,mysuru,75.0,3375.0,2900.0,3500.0,2,Mysuru,Tomato,Karnataka,True,True
2022-09-17,mysuru,75.0,3375.0,2900.0,3500.0,0,Mysuru,Tomato,Karnataka,False,False
2022-09-18,mysuru,73.0,3100.0,3000.0,3200.0,1,Mysuru,Tomato,Karnataka,True,True
2022-09-19,mysuru,60.0,2975.0,2900.0,3000.0,2,Mysuru,Tomato,Karnataka,True,True
2022-09-20,mysuru,77.0,2400.0,2300.0,2500.0,1,Mysuru,Tomato,Karnataka,True,True
2022-09-21,mysuru,47.0,1875.0,1850.0,1900.0,3,Mysuru,Tomato,Karnataka,True,True
2022-09-22,mysuru,89.0,2450.0,2150.0,2500.0,2,Mysuru,Tomato,Karnataka,True,True
2022-09-23,mysuru,56.0,2000.0,1800.0,2000.0,3,Mysuru,Tomato,Karnataka,True,True
2022-09-24,mysuru,2.0,3000.0,3000.0,3000.0,1,Mysuru,Tomato,Karnataka,True,True
2022-09-25,mysuru,60.0,2400.0,2300.0,2500.0,1,Mysuru,Tomato,Karnataka,True,True
2022-09-26,mysuru,13.0,2700.0,2600.0,2800.0,1,Mysuru,Tomato,Karnataka,True,True
2022-09-27,mysuru,34.0,3500.0,3000.0,4000.0,2,Mysuru,Tomato,Karnataka,True,True
2022-09-28,mysuru,21.0,3500.0,3000.0,4000.0,0,Mysuru,Tomato,Karnataka,True,False
2022-09-29,mysuru,27.0,2500.0,2300.0,3000.0,3,Mysuru,Tomato,Karnataka,True,True
2022-09-30,mysuru,21.0,3000.0,2500.0,3000.0,2,Mysuru,Tomato,Karnataka,True,True
2022-10-01,mysuru,3.0,2750.0,2750.0,3000.0,2,Mysuru,Tomato,Karnataka,True,True
2022-10-02,mysuru,56.0,2450.0,2400.0,2750.0,2,Mysuru,Tomato,Karnataka,True,True
2022-10-03,mysuru,13.0,2600.0,2500.0,2700.0,1,Mysuru,Tomato,Karnataka,True,True
2022-10-04,mysuru,53.0,3100.0,3000.0,3200.0,1,Mysuru,Tomato,Karnataka,True,True
2022-10-05,mysuru,53.0,3100.0,3000.0,3200.0,0,Mysuru,Tomato,Karnataka,False,False
2022-10-06,mysuru,30.0,3150.0,3100.0,3200.0,2,Mysuru,Tomato,Karnataka,True,True
2022-10-07,mysuru,24.0,4000.0,4000.0,4000.0,1,Mysuru,Tomato,Karnataka,True,True
2022-10-08,mysuru,1.0,3000.0,2500.0,4000.0,1,Mysuru,Tomato,Karnataka,True,True
2022-10-09,mysuru,54.0,2800.0,2500.0,2850.0,2,Mysuru,Tomato,Karnataka,True,True
2022-10-10,mysuru,28.0,2800.0,2750.0,2850.0,2,Mysuru,Tomato,Karnataka,True,True
2022-10-11,mysuru,31.0,2950.0,2800.0,3000.0,2,Mysuru,Tomato,Karnataka,True,True
2022-10-12,mysuru,15.0,2950.0,2800.0,3000.0,3,Mysuru,Tomato,Karnataka,True,True
2022-10-13,mysuru,15.0,2950.0,2900.0,3000.0,2,Mysuru,Tomato,Karnataka,True,True
2022-10-14,mysuru,22.0,3000.0,3000.0,3000.0,2,Mysuru,Tomato,Karnataka,True,True
2022-10-15,mysuru,2.0,3000.0,3000.0,3000.0,0,Mysuru,Tomato,Karnataka,True,False
2022-10-16,mysuru,31.0,2875.0,2500.0,3150.0,2,Mysuru,Tomato,Karnataka,True,True
2022-10-17,mysuru,33.0,2650.0,2500.0,2700.0,2,Mysuru,Tomato,Karnataka,True,True
2022-10-18,mysuru,24.0,2800.0,2500.0,3000.0,1,Mysuru,Tomato,Karnataka,True,True
2022-10-19,mysuru,23.0,2475.0,1900.0,3000.0,2,Mysuru,Tomato,Karnataka,True,True
2022-10-20,mysuru,15.0,2500.0,2000.0,3000.0,3,Mysuru,Tomato,Karnataka,True,True
2022-10-21,mysuru,23.0,2100.0,1950.0,2300.0,2,Mysuru,Tomato,Karnataka,True,True
2022-10-22,mysuru,2.0,2500.0,2000.0,2500.0,1,Mysuru,Tomato,Karnataka,True,True
2022-10-23,mysuru,23.0,2050.0,2000.0,2100.0,2,Mysuru,Tomato,Karnataka,True,True
2022-10-24,mysuru,13.0,2100.0,2000.0,2200.0,1,Mysuru,Tomato,Karnataka,True,True
2022-10-25,mysuru,16.0,2500.0,2250.0,2500.0,3,Mysuru,Tomato,Karnataka,True,True
2022-10-26,mysuru,14.0,1700.0,1550.0,1750.0,2,Mysuru,Tomato,Karnataka,True,True
2022-10-27,mysuru,15.0,1400.0,1300.0,1500.0,1,Mysuru,Tomato,Karnataka,True,True
2022-10-28,mysuru,14.0,1400.0,1300.0,1500.0,0,Mysuru,Tomato,Karnataka,True,False
2022-10-29,mysuru,3.0,2000.0,1750.0,2000.0,2,Mysuru,Tomato,Karnataka,True,True
2022-10-30,mysuru,23.0,1225.0,900.0,1500.0,2,Mysuru,Tomato,Karnataka,True,True
2022-10-31,mysuru,13.0,900.0,800.0,1000.0,1,Mysuru,Tomato,Karnataka,True,True
2022-11-01,mysuru,13.0,900.0,800.0,1000.0,0,Mysuru,Tomato,Karnataka,True,False
2022-11-02,mysuru,14.0,2000.0,1500.0,2000.0,3,Mysuru,Tomato,Karnataka,True,True
2022-11-03,mysuru,15.0,950.0,800.0,1150.0,2,Mysuru,Tomato,Karnataka,True,True
2022-11-04,mysuru,15.0,1800.0,1500.0,2000.0,2,Mysuru,Tomato,Karnataka,True,True
2022-11-05,mysuru,2.0,1100.0,1000.0,1200.0,1,Mysuru,Tomato,Karnataka,True,True
2022-11-06,mysuru,2.0,2000.0,2000.0,2000.0,1,Mysuru,Tomato,Karnataka,True,True
2022-11-07,mysuru,1.0,2000.0,2000.0,2000.0,1,Mysuru,Tomato,Karnataka,True,True
2022-11-08,mysuru,1.0,1000.0,1000.0,1000.0,1,Mysuru,Tomato,Karnataka,True,True
2022-11-09,mysuru,3.0,1550.0,1500.0,1600.0,2,Mysuru,Tomato,Karnataka,True,True
2022-11-10,mysuru,15.0,1125.0,800.0,1400.0,2,Mysuru,Tomato,Karnataka,True,True
2022-11-11,mysuru,12.0,775.0,600.0,900.0,2,Mysuru,Tomato,Karnataka,True,True
2022-11-12,mysuru,1.0,1800.0,1500.0,2000.0,1,Mysuru,Tomato,Karnataka,True,True
2022-11-13,mysuru,14.0,875.0,700.0,1000.0,2,Mysuru,Tomato,Karnataka,True,True
2022-11-14,mysuru,12.0,850.0,700.0,900.0,2,Mysuru,Tomato,Karnataka,True,True
2022-11-15,mysuru,14.0,950.0,800.0,1000.0,1,Mysuru,Tomato,Karnataka,True,True
2022-11-16,mysuru,10.0,1550.0,1500.0,1750.0,2,Mysuru,Tomato,Karnataka,True,True
2022-11-17,mysuru,14.0,750.0,600.0,1050.0,2,Mysuru,Tomato,Karnataka,True,True
2022-11-18,mysuru,15.0,750.0,600.0,1050.0,0,Mysuru,Tomato,Karnataka,True,False
2022-11-19,mysuru,2.0,800.0,600.0,1000.0,1,Mysuru,Tomato,Karnataka,True,True
2022-11-20,mysuru,15.0,725.0,650.0,750.0,2,Mysuru,Tomato,Karnataka,True,True
2022-11-21,mysuru,16.0,1000.0,1000.0,1000.0,1,Mysuru,Tomato,Karnataka,True,True
2022-11-22,mysuru,18.0,850.0,550.0,1150.0,2,Mysuru,Tomato,Karnataka,True,True
2022-11-23,mysuru,15.0,875.0,700.0,1000.0,2,Mysuru,Tomato,Karnataka,True,True
2022-11-24,mysuru,15.0,875.0,800.0,900.0,2,Mysuru,Tomato,Karnataka,True,True
2022-11-25,mysuru,15.0,800.0,600.0,1000.0,2,Mysuru,Tomato,Karnataka,True,True
2022-11-26,mysuru,15.0,800.0,500.0,1000.0,1,Mysuru,Tomato,Karnataka,False,True
2022-11-27,mysuru,22.0,925.0,650.0,1050.0,2,Mysuru,Tomato,Karnataka,True,True
2022-11-28,mysuru,14.0,850.0,700.0,900.0,1,Mysuru,Tomato,Karnataka,True,True
2022-11-29,mysuru,85.0,1000.0,1000.0,1000.0,3,Mysuru,Tomato,Karnataka,True,True
2022-11-30,mysuru,19.0,700.0,600.0,800.0,1,Mysuru,Tomato,Karnataka,True,True
2022-12-01,mysuru,19.0,1000.0,1000.0,1000.0,3,Mysuru,Tomato,Karnataka,True,True
2022-12-02,mysuru,15.0,1000.0,800.0,1000.0,1,Mysuru,Tomato,Karnataka,True,True
2022-12-03,mysuru,3.0,950.0,900.0,1000.0,2,Mysuru,Tomato,Karnataka,True,True
2022-12-04,mysuru,20.0,900.0,750.0,950.0,2,Mysuru,Tomato,Karnataka,True,True
2022-12-05,mysuru,19.0,850.0,700.0,900.0,1,Mysuru,Tomato,Karnataka,True,True
2022-12-06,mysuru,15.0,850.0,750.0,950.0,2,Mysuru,Tomato,Karnataka,True,True
2022-12-07,mysuru,14.0,875.0,750.0,950.0,2,Mysuru,Tomato,Karnataka,True,True
2022-12-08,mysuru,16.0,1000.0,900.0,1050.0,2,Mysuru,Tomato,Karnataka,True,True
2022-12-09,mysuru,17.0,850.0,750.0,950.0,2,Mysuru,Tomato,Karnataka,True,True
2022-12-10,mysuru,2.0,1000.0,1000.0,1500.0,1,Mysuru,Tomato,Karnataka,True,True
2022-12-11,mysuru,18.0,950.0,800.0,1000.0,1,Mysuru,Tomato,Karnataka,True,True
2022-12-12,mysuru,14.0,1100.0,1050.0,1150.0,2,Mysuru,Tomato,Karnataka,True,True
2022-12-13,mysuru,22.0,1400.0,1200.0,1550.0,2,Mysuru,Tomato,Karnataka,True,True
2022-12-14,mysuru,15.0,1200.0,1000.0,1300.0,3,Mysuru,Tomato,Karnataka,True,True
2022-12-15,mysuru,12.0,1450.0,1300.0,1500.0,1,Mysuru,Tomato,Karnataka,True,True
2022-12-16,mysuru,16.0,1200.0,1100.0,1300.0,2,Mysuru,Tomato,Karnataka,True,True
2022-12-17,mysuru,2.0,1800.0,1500.0,2000.0,1,Mysuru,Tomato,Karnataka,True,True
2022-12-18,mysuru,14.0,1250.0,1200.0,1550.0,2,Mysuru,Tomato,Karnataka,True,True
2022-12-19,mysuru,11.0,1250.0,1200.0,1550.0,0,Mysuru,Tomato,Karnataka,True,False
2022-12-20,mysuru,14.0,1000.0,1000.0,1500.0,2,Mysuru,Tomato,Karnataka,True,True
2022-12-21,mysuru,12.0,1500.0,1500.0,1500.0,3,Mysuru,Tomato,Karnataka,True,True
2022-12-22,mysuru,20.0,1500.0,1500.0,1500.0,0,Mysuru,Tomato,Karnataka,True,False
2022-12-23,mysuru,13.0,1200.0,1150.0,1250.0,2,Mysuru,Tomato,Karnataka,True,True
2022-12-24,mysuru,2.0,1000.0,1000.0,1500.0,1,Mysuru,Tomato,Karnataka,True,True
2022-12-25,mysuru,14.0,1150.0,1000.0,1350.0,2,Mysuru,Tomato,Karnataka,True,True
2022-12-26,mysuru,10.0,950.0,800.0,1000.0,1,Mysuru,Tomato,Karnataka,True,True
2022-12-27,mysuru,14.0,1200.0,1000.0,1500.0,3,Mysuru,Tomato,Karnataka,True,True
2022-12-28,mysuru,12.0,800.0,600.0,1000.0,2,Mysuru,Tomato,Karnataka,True,True
2022-12-29,mysuru,13.0,875.0,700.0,1000.0,2,Mysuru,Tomato,Karnataka,True,True
2022-12-30,mysuru,16.0,1150.0,1000.0,1350.0,2,Mysuru,Tomato,Karnataka,True,True
2022-12-31,mysuru,3.0,1600.0,1500.0,1750.0,2,Mysuru,Tomato,Karnataka,True,True
2023-01-01,mysuru,16.0,1300.0,1000.0,1600.0,2,Mysuru,Tomato,Karnataka,True,True
2023-01-02,mysuru,11.0,1100.0,1000.0,1200.0,1,Mysuru,Tomato,Karnataka,True,True
2023-01-03,mysuru,14.0,1100.0,1000.0,1500.0,3,Mysuru,Tomato,Karnataka,True,True
2023-01-04,mysuru,13.0,1200.0,1000.0,1500.0,2,Mysuru,Tomato,Karnataka,True,True
2023-01-05,mysuru,15.0,1250.0,1100.0,1500.0,3,Mysuru,Tomato,Karnataka,True,True
2023-01-06,mysuru,14.0,1150.0,1000.0,1350.0,2,Mysuru,Tomato,Karnataka,True,True
2023-01-07,mysuru,3.0,1500.0,1500.0,1750.0,2,Mysuru,Tomato,Karnataka,True,True
2023-01-08,mysuru,14.0,1200.0,1000.0,1500.0,1,Mysuru,Tomato,Karnataka,True,True
2023-01-09,mysuru,12.0,1000.0,900.0,1100.0,1,Mysuru,Tomato,Karnataka,True,True
2023-01-10,mysuru,14.0,1300.0,1200.0,1450.0,3,Mysuru,Tomato,Karnataka,True,True
2023-01-11,mysuru,14.0,1400.0,1100.0,1700.0,2,Mysuru,Tomato,Karnataka,True,True
2023-01-12,mysuru,15.0,1500.0,1400.0,1600.0,3,Mysuru,Tomato,Karnataka,True,True
2023-01-13,mysuru,13.0,1850.0,1650.0,2000.0,2,Mysuru,Tomato,Karnataka,True,True
2023-01-14,mysuru,2.0,1800.0,1500.0,2000.0,1,Mysuru,Tomato,Karnataka,True,True
2023-01-15,mysuru,19.0,2500.0,2200.0,2800.0,2,Mysuru,Tomato,Karnataka,True,True
2023-01-16,mysuru,11.0,2250.0,2200.0,2300.0,2,Mysuru,Tomato,Karnataka,True,True
2023-01-17,mysuru,14.0,2200.0,2000.0,3000.0,2,Mysuru,Tomato,Karnataka,True,True
2023-01-18,mysuru,16.0,4000.0,4000.0,4000.0,2,Mysuru,Tomato,Karnataka,True,True
2023-01-19,mysuru,14.0,2400.0,1850.0,2700.0,2,Mysuru,Tomato,Karnataka,True,True
2023-01-20,mysuru,13.0,3000.0,2300.0,4000.0,3,Mysuru,Tomato,Karnataka,True,True
2023-01-21,mysuru,1.0,3000.0,2500.0,3200.0,1,Mysuru,Tomato,Karnataka,True,True
2023-01-22,mysuru,18.0,2050.0,2000.0,2100.0,2,Mysuru,Tomato,Karnataka,True,True
2023-01-23,mysuru,14.0,2500.0,2500.0,2500.0,1,Mysuru,Tomato,Karnataka,True,True
2023-01-24,mysuru,14.0,1850.0,1800.0,2150.0,2,Mysuru,Tomato,Karnataka,True,True
2023-01-25,mysuru,15.0,1950.0,1900.0,2000.0,2,Mysuru,Tomato,Karnataka,True,True
2023-01-26,mysuru,19.0,2000.0,1500.0,2500.0,1,Mysuru,Tomato,Karnataka,True,True
2023-01-27,mysuru,14.0,1600.0,1500.0,1850.0,2,Mysuru,Tomato,Karnataka,True,True
2023-01-28,mysuru,2.0,2000.0,1500.0,3000.0,1,Mysuru,Tomato,Karnataka,True,True
2023-01-29,mysuru,15.0,1600.0,1550.0,1700.0,2,Mysuru,Tomato,Karnataka,True,True
2023-01-30,mysuru,14.0,1850.0,1800.0,1900.0,2,Mysuru,Tomato,Karnataka,True,True
2023-01-31,mysuru,14.0,1475.0,1150.0,1750.0,2,Mysuru,Tomato,Karnataka,True,True
2023-02-01,mysuru,20.0,1500.0,1150.0,2000.0,3,Mysuru,Tomato,Karnataka,True,True
2023-02-02,mysuru,14.0,1550.0,1450.0,1800.0,2,Mysuru,Tomato,Karnataka,True,True
2023-02-03,mysuru,13.0,1400.0,1100.0,1700.0,2,Mysuru,Tomato,Karnataka,True,True
2023-02-04,mysuru,2.0,1500.0,1400.0,1600.0,1,Mysuru,Tomato,Karnataka,True,True
2023-02-05,mysuru,14.0,1075.0,750.0,1350.0,2,Mysuru,Tomato,Karnataka,True,True
2023-02-06,mysuru,13.0,2125.0,2100.0,2150.0,2,Mysuru,Tomato,Karnataka,True,True
2023-02-07,mysuru,15.0,1400.0,1100.0,1700.0,2,Mysuru,Tomato,Karnataka,True,True
2023-02-08,mysuru,2.0,1500.0,1400.0,2000.0,1,Mysuru,Tomato,Karnataka,True,True
2023-02-09,mysuru,16.0,1500.0,1400.0,1600.0,2,Mysuru,Tomato,Karnataka,True,True
2023-02-10,mysuru,15.0,3000.0,3000.0,3000.0,2,Mysuru,Tomato,Karnataka,True,True
2023-02-11,mysuru,2.0,1800.0,1500.0,2000.0,1,Mysuru,Tomato,Karnataka,True,True
2023-02-12,mysuru,14.0,1875.0,1650.0,2000.0,2,Mysuru,Tomato,Karnataka,True,True
2023-02-13,mysuru,12.0,1875.0,1650.0,2000.0,0,Mysuru,Tomato,Karnataka,True,False
2023-02-14,mysuru,13.0,1875.0,1650.0,2000.0,0,Mysuru,Tomato,Karnataka,True,False
2023-02-15,mysuru,21.0,2000.0,1900.0,2100.0,2,Mysuru,Tomato,Karnataka,True,True
2023-02-16,mysuru,14.0,2000.0,1800.0,2150.0,2,Mysuru,Tomato,Karnataka,True,True
2023-02-17,mysuru,15.0,2000.0,1750.0,2250.0,2,Mysuru,Tomato,Karnataka,True,True
2023-02-18,mysuru,2.0,2200.0,2000.0,2500.0,1,Mysuru,Tomato,Karnataka,True,True
2023-02-19,mysuru,12.0,2350.0,2200.0,2400.0,1,Mysuru,Tomato,Karnataka,True,True
2023-02-20,mysuru,14.0,2350.0,2200.0,2400.0,0,Mysuru,Tomato,Karnataka,True,False
2023-02-21,mysuru,20.0,2100.0,1800.0,2150.0,2,Mysuru,Tomato,Karnataka,True,True
2023-02-22,mysuru,16.0,2000.0,1800.0,2500.0,3,Mysuru,Tomato,Karnataka,True,True
2023-02-23,mysuru,16.0,1700.0,1400.0,2000.0,3,Mysuru,Tomato,Karnataka,True,True
2023-02-24,mysuru,14.0,1750.0,1300.0,1900.0,2,Mysuru,Tomato,Karnataka,True,True
2023-02-25,mysuru,2.0,1500.0,1000.0,2000.0,1,Mysuru,Tomato,Karnataka,True,True
2023-02-26,mysuru,20.0,1750.0,1550.0,1900.0,2,Mysuru,Tomato,Karnataka,True,True
2023-02-27,mysuru,17.0,1950.0,1800.0,2000.0,1,Mysuru,Tomato,Karnataka,True,True
2023-02-28,mysuru,17.0,2000.0,2000.0,2000.0,2,Mysuru,Tomato,Karnataka,True,True
2023-03-01,mysuru,15.0,1000.0,1000.0,1500.0,1,Mysuru,Tomato,Karnataka,True,True
2023-03-02,mysuru,15.0,1600.0,1500.0,1700.0,1,Mysuru,Tomato,Karnataka,True,True
2023-03-03,mysuru,14.0,1350.0,1300.0,1650.0,2,Mysuru,Tomato,Karnataka,True,True
2023-03-04,mysuru,2.0,1500.0,1000.0,2000.0,1,Mysuru,Tomato,Karnataka,True,True
2023-03-05,mysuru,21.0,1350.0,1200.0,1550.0,2,Mysuru,Tomato,Karnataka,True,True
2023-03-06,mysuru,14.0,1500.0,1400.0,1600.0,1,Mysuru,Tomato,Karnataka,True,True
2023-03-07,mysuru,18.0,1500.0,1200.0,1800.0,2,Mysuru,Tomato,Karnataka,True,True
2023-03-08,mysuru,12.0,2000.0,1000.0,2500.0,1,Mysuru,Tomato,Karnataka,True,True
2023-03-09,mysuru,20.0,1600.0,1500.0,1700.0,1,Mysuru,Tomato,Karnataka,True,True
2023-03-10,mysuru,20.0,1150.0,950.0,1350.0,2,Mysuru,Tomato,Karnataka,True,True
2023-03-11,mysuru,1.0,1000.0,1000.0,1000.0,1,Mysuru,Tomato,Karnataka,True,True
2023-03-12,mysuru,18.0,1075.0,900.0,1200.0,2,Mysuru,Tomato,Karnataka,True,True
2023-03-13,mysuru,12.0,950.0,800.0,1000.0,1,Mysuru,Tomato,Karnataka,True,True
2023-03-14,mysuru,15.0,1000.0,850.0,1300.0,2,Mysuru,Tomato,Karnataka,True,True
2023-03-15,mysuru,7.0,1050.0,1000.0,1100.0,2,Mysuru,Tomato,Karnataka,True,True
2023-03-16,mysuru,16.0,1200.0,950.0,1400.0,2,Mysuru,Tomato,Karnataka,True,True
2023-03-17,mysuru,13.0,900.0,700.0,1050.0,2,Mysuru,Tomato,Karnataka,True,True
2023-03-18,mysuru,2.0,1000.0,800.0,1200.0,1,Mysuru,Tomato,Karnataka,True,True
2023-03-19,mysuru,19.0,700.0,600.0,800.0,2,Mysuru,Tomato,Karnataka,True,True
2023-03-20,mysuru,9.0,600.0,500.0,700.0,1,Mysuru,Tomato,Karnataka,True,True
2023-03-21,mysuru,16.0,600.0,500.0,700.0,0,Mysuru,Tomato,Karnataka,True,False
2023-03-22,mysuru,1.0,1000.0,500.0,1000.0,1,Mysuru,Tomato,Karnataka,True,True
2023-03-23,mysuru,9.0,1000.0,800.0,1000.0,1,Mysuru,Tomato,Karnataka,True,True
2023-03-24,mysuru,13.0,800.0,550.0,850.0,2,Mysuru,Tomato,Karnataka,True,True
2023-03-25,mysuru,1.0,1000.0,500.0,1000.0,1,Mysuru,Tomato,Karnataka,True,True
2023-03-26,mysuru,14.0,500.0,400.0,600.0,1,Mysuru,Tomato,Karnataka,True,True
2023-03-27,mysuru,10.0,400.0,300.0,500.0,1,Mysuru,Tomato,Karnataka,True,True
2023-03-28,mysuru,6.0,700.0,550.0,750.0,2,Mysuru,Tomato,Karnataka,True,True
2023-03-29,mysuru,13.0,400.0,300.0,500.0,1,Mysuru,Tomato,Karnataka,True,True
2023-03-30,mysuru,13.0,1000.0,600.0,1000.0,1,Mysuru,Tomato,Karnataka,True,True
2023-03-31,mysuru,13.0,750.0,600.0,800.0,2,Mysuru,Tomato,Karnataka,True,True
2023-04-01,mysuru,1.0,600.0,500.0,600.0,1,Mysuru,Tomato,Karnataka,True,True
2023-04-02,mysuru,13.0,500.0,400.0,600.0,1,Mysuru,Tomato,Karnataka,True,True
2023-04-03,mysuru,11.0,500.0,400.0,600.0,1,Mysuru,Tomato,Karnataka,True,True
2023-04-04,mysuru,12.0,550.0,500.0,600.0,2,Mysuru,Tomato,Karnataka,True,True
2023-04-05,mysuru,8.0,800.0,650.0,850.0,2,Mysuru,Tomato,Karnataka,True,True
2023-04-06,mysuru,8.0,500.0,500.0,500.0,1,Mysuru,Tomato,Karnataka,True,True
2023-04-07,mysuru,14.0,700.0,550.0,750.0,2,Mysuru,Tomato,Karnataka,True,True
2023-04-08,mysuru,1.0,500.0,500.0,500.0,1,Mysuru,Tomato,Karnataka,True,True
2023-04-09,mysuru,19.0,500.0,400.0,600.0,1,Mysuru,Tomato,Karnataka,True,True
2023-04-10,mysuru,10.0,600.0,500.0,700.0,1,Mysuru,Tomato,Karnataka,True,True
2023-04-11,mysuru,12.0,600.0,500.0,600.0,1,Mysuru,Tomato,Karnataka,True,True
2023-04-12,mysuru,11.0,600.0,500.0,700.0,1,Mysuru,Tomato,Karnataka,True,True
2023-04-13,mysuru,13.0,750.0,600.0,800.0,2,Mysuru,Tomato,Karnataka,True,True
2023-04-14,mysuru,5.0,750.0,600.0,800.0,0,Mysuru,Tomato,Karnataka,True,False
2023-04-15,mysuru,5.0,1000.0,800.0,1000.0,1,Mysuru,Tomato,Karnataka,False,True
2023-04-16,mysuru,13.0,800.0,650.0,850.0,2,Mysuru,Tomato,Karnataka,True,True
2023-04-17,mysuru,10.0,500.0,400.0,600.0,1,Mysuru,Tomato,Karnataka,True,True
2023-04-18,mysuru,10.0,500.0,400.0,600.0,0,Mysuru,Tomato,Karnataka,True,False
2023-04-19,mysuru,11.0,700.0,600.0,800.0,2,Mysuru,Tomato,Karnataka,True,True
2023-04-20,mysuru,11.0,400.0,300.0,500.0,2,Mysuru,Tomato,Karnataka,True,True
2023-04-21,mysuru,1.0,1000.0,800.0,1000.0,1,Mysuru,Tomato,Karnataka,True,True
2023-04-22,mysuru,1.0,500.0,500.0,500.0,1,Mysuru,Tomato,Karnataka,True,True
2023-04-23,mysuru,10.0,750.0,600.0,800.0,2,Mysuru,Tomato,Karnataka,True,True
2023-04-24,mysuru,7.0,600.0,500.0,700.0,1,Mysuru,Tomato,Karnataka,True,True
2023-04-25,mysuru,12.0,500.0,400.0,600.0,2,Mysuru,Tomato,Karnataka,True,True
2023-04-26,mysuru,11.0,650.0,350.0,700.0,2,Mysuru,Tomato,Karnataka,True,True
2023-04-27,mysuru,14.0,600.0,400.0,650.0,2,Mysuru,Tomato,Karnataka,True,True
2023-04-28,mysuru,12.0,650.0,450.0,700.0,2,Mysuru,Tomato,Karnataka,True,True
2023-04-29,mysuru,1.0,600.0,500.0,600.0,1,Mysuru,Tomato,Karnataka,True,True
2023-04-30,mysuru,14.0,400.0,300.0,500.0,2,Mysuru,Tomato,Karnataka,True,True
2023-05-01,mysuru,10.0,400.0,300.0,500.0,1,Mysuru,Tomato,Karnataka,True,True
2023-05-02,mysuru,12.0,500.0,400.0,600.0,2,Mysuru,Tomato,Karnataka,True,True
2023-05-03,mysuru,11.0,550.0,500.0,600.0,2,Mysuru,Tomato,Karnataka,True,True
2023-05-04,mysuru,13.0,850.0,550.0,900.0,2,Mysuru,Tomato,Karnataka,True,True
2023-05-05,mysuru,12.0,850.0,700.0,900.0,2,Mysuru,Tomato,Karnataka,True,True
2023-05-06,mysuru,1.0,500.0,500.0,500.0,1,Mysuru,Tomato,Karnataka,True,True
2023-05-07,mysuru,13.0,800.0,650.0,850.0,2,Mysuru,Tomato,Karnataka,True,True
2023-05-08,mysuru,10.0,800.0,650.0,850.0,0,Mysuru,Tomato,Karnataka,True,False
2023-05-09,mysuru,13.0,750.0,600.0,800.0,2,Mysuru,Tomato,Karnataka,True,True
2023-05-10,mysuru,9.0,700.0,600.0,800.0,1,Mysuru,Tomato,Karnataka,True,True
2023-05-11,mysuru,10.0,1500.0,1500.0,1600.0,1,Mysuru,Tomato,Karnataka,True,True
2023-05-12,mysuru,13.0,1100.0,800.0,1150.0,2,Mysuru,Tomato,Karnataka,True,True
2023-05-13,mysuru,13.0,1500.0,1500.0,2000.0,1,Mysuru,Tomato,Karnataka,False,True
2023-05-14,mysuru,13.0,500.0,500.0,500.0,2,Mysuru,Tomato,Karnataka,True,True
2023-05-15,mysuru,9.0,1200.0,1100.0,1300.0,1,Mysuru,Tomato,Karnataka,True,True
2023-05-16,mysuru,12.0,1000.0,500.0,1000.0,1,Mysuru,Tomato,Karnataka,True,True
2023-05-17,mysuru,13.0,1500.0,1000.0,1500.0,2,Mysuru,Tomato,Karnataka,True,True
2023-05-18,mysuru,16.0,650.0,600.0,700.0,2,Mysuru,Tomato,Karnataka,True,True
2023-05-19,mysuru,12.0,1150.0,1100.0,1200.0,2,Mysuru,Tomato,Karnataka,True,True
2023-05-20,mysuru,1.0,1150.0,1100.0,1200.0,0,Mysuru,Tomato,Karnataka,True,False
2023-05-21,mysuru,12.0,900.0,850.0,1200.0,2,Mysuru,Tomato,Karnataka,True,True
2023-05-22,mysuru,9.0,900.0,850.0,1200.0,0,Mysuru,Tomato,Karnataka,True,False
2023-05-23,mysuru,20.0,800.0,700.0,900.0,1,Mysuru,Tomato,Karnataka,True,True
2023-05-24,mysuru,13.0,950.0,900.0,1000.0,2,Mysuru,Tomato,Karnataka,True,True
2023-05-25,mysuru,9.0,950.0,900.0,1100.0,2,Mysuru,Tomato,Karnataka,True,True
2023-05-26,mysuru,13.0,950.0,900.0,1000.0,2,Mysuru,Tomato,Karnataka,True,True
2023-05-27,mysuru,1.0,950.0,900.0,1000.0,0,Mysuru,Tomato,Karnataka,True,False
2023-05-28,mysuru,13.0,700.0,650.0,750.0,2,Mysuru,Tomato,Karnataka,True,True
2023-05-29,mysuru,9.0,1100.0,1000.0,1200.0,1,Mysuru,Tomato,Karnataka,True,True
2023-05-30,mysuru,5.0,1200.0,1150.0,1250.0,2,Mysuru,Tomato,Karnataka,True,True
2023-05-31,mysuru,12.0,1700.0,1650.0,1750.0,2,Mysuru,Tomato,Karnataka,True,True
2023-06-01,mysuru,11.0,2050.0,1500.0,2100.0,2,Mysuru,Tomato,Karnataka,True,True
2023-06-02,mysuru,10.0,1800.0,1750.0,1900.0,2,Mysuru,Tomato,Karnataka,True,True
2023-06-03,mysuru,1.0,1800.0,1750.0,1900.0,0,Mysuru,Tomato,Karnataka,True,False
2023-06-04,mysuru,14.0,1600.0,1550.0,1650.0,2,Mysuru,Tomato,Karnataka,True,True
2023-06-05,mysuru,12.0,1400.0,1300.0,1500.0,1,Mysuru,Tomato,Karnataka,True,True
2023-06-06,mysuru,14.0,1600.0,1550.0,1900.0,2,Mysuru,Tomato,Karnataka,True,True
2023-06-07,mysuru,10.0,2000.0,1900.0,2100.0,2,Mysuru,Tomato,Karnataka,True,True
2023-06-08,mysuru,13.0,1950.0,1900.0,2000.0,2,Mysuru,Tomato,Karnataka,True,True
2023-06-09,mysuru,13.0,2000.0,2000.0,2000.0,2,Mysuru,Tomato,Karnataka,True,True
2023-06-10,mysuru,1.0,2000.0,1800.0,2000.0,1,Mysuru,Tomato,Karnataka,True,True
2023-06-11,mysuru,17.0,2050.0,2000.0,2100.0,2,Mysuru,Tomato,Karnataka,True,True
2023-06-12,mysuru,9.0,2300.0,2200.0,2400.0,1,Mysuru,Tomato,Karnataka,True,True
2023-06-13,mysuru,11.0,2000.0,1000.0,2000.0,1,Mysuru,Tomato,Karnataka,True,True
2023-06-14,mysuru,7.0,2400.0,2100.0,2450.0,2,Mysuru,Tomato,Karnataka,True,True
2023-06-15,mysuru,4.0,2300.0,2250.0,2350.0,2,Mysuru,Tomato,Karnataka,True,True
2023-06-16,mysuru,12.0,2000.0,2000.0,2000.0,2,Mysuru,Tomato,Karnataka,True,True
2023-06-17,mysuru,1.0,2000.0,2000.0,2000.0,1,Mysuru,Tomato,Karnataka,True,True
2023-06-18,mysuru,14.0,2850.0,2550.0,2900.0,2,Mysuru,Tomato,Karnataka,True,True
2023-06-19,mysuru,12.0,2700.0,2600.0,2800.0,1,Mysuru,Tomato,Karnataka,True,True
2023-06-20,mysuru,12.0,2700.0,2600.0,2800.0,2,Mysuru,Tomato,Karnataka,True,True
2023-06-21,mysuru,12.0,2950.0,2900.0,3000.0,2,Mysuru,Tomato,Karnataka,True,True
2023-06-22,mysuru,11.0,2900.0,2800.0,3000.0,1,Mysuru,Tomato,Karnataka,True,True
2023-06-23,mysuru,11.0,3050.0,3000.0,3100.0,2,Mysuru,Tomato,Karnataka,True,True
2023-06-24,mysuru,1.0,2500.0,2500.0,3000.0,1,Mysuru,Tomato,Karnataka,True,True
2023-06-25,mysuru,19.0,4200.0,4150.0,4250.0,2,Mysuru,Tomato,Karnataka,True,True
2023-06-26,mysuru,10.0,5100.0,5000.0,5200.0,1,Mysuru,Tomato,Karnataka,True,True
2023-06-27,mysuru,12.0,5000.0,5000.0,5000.0,2,Mysuru,Tomato,Karnataka,True,True
2023-06-28,mysuru,5.0,5550.0,5500.0,6100.0,2,Mysuru,Tomato,Karnataka,True,True
2023-06-29,mysuru,4.0,5200.0,5150.0,5750.0,2,Mysuru,Tomato,Karnataka,True,True
2023-06-30,mysuru,6.0,5200.0,5150.0,5750.0,0,Mysuru,Tomato,Karnataka,True,False
2023-07-01,mysuru,1.0,7000.0,7000.0,8000.0,1,Mysuru,Tomato,Karnataka,True,True
2023-07-02,mysuru,14.0,6400.0,6300.0,6500.0,2,Mysuru,Tomato,Karnataka,True,True
2023-07-03,mysuru,10.0,6300.0,6200.0,6500.0,1,Mysuru,Tomato,Karnataka,True,True
2023-07-04,mysuru,13.0,7400.0,7300.0,7500.0,1,Mysuru,Tomato,Karnataka,True,True
2023-07-05,mysuru,10.0,7000.0,7000.0,7000.0,1,Mysuru,Tomato,Karnataka,True,True
2023-07-06,mysuru,10.0,6700.0,6650.0,7250.0,2,Mysuru,Tomato,Karnataka,True,True
2023-07-07,mysuru,10.0,7000.0,7000.0,8000.0,1,Mysuru,Tomato,Karnataka,True,True
2023-07-08,mysuru,10.0,7000.0,7000.0,8000.0,0,Mysuru,Tomato,Karnataka,False,False
2023-07-09,mysuru,5.0,8400.0,8300.0,8500.0,1,Mysuru,Tomato,Karnataka,True,True
2023-07-10,mysuru,6.0,7900.0,7800.0,8000.0,1,Mysuru,Tomato,Karnataka,True,True
2023-07-11,mysuru,10.0,7900.0,7800.0,8000.0,0,Mysuru,Tomato,Karnataka,True,False
2023-07-12,mysuru,8.0,7400.0,7300.0,7500.0,1,Mysuru,Tomato,Karnataka,True,True
2023-07-13,mysuru,9.0,7400.0,7300.0,7500.0,0,Mysuru,Tomato,Karnataka,True,False
2023-07-14,mysuru,10.0,7400.0,7300.0,7500.0,0,Mysuru,Tomato,Karnataka,True,False
2023-07-15,mysuru,10.0,7400.0,7300.0,7500.0,0,Mysuru,Tomato,Karnataka,False,False
2023-07-16,mysuru,12.0,7900.0,7800.0,8000.0,1,Mysuru,Tomato,Karnataka,True,True
2023-07-17,mysuru,9.0,7900.0,7800.0,8000.0,1,Mysuru,Tomato,Karnataka,True,True
2023-07-18,mysuru,10.0,7900.0,7800.0,8000.0,1,Mysuru,Tomato,Karnataka,True,True
2023-07-19,mysuru,9.0,7900.0,7800.0,8000.0,1,Mysuru,Tomato,Karnataka,True,True
2023-07-20,mysuru,10.0,7400.0,7300.0,7500.0,1,Mysuru,Tomato,Karnataka,True,True
2023-07-21,mysuru,9.0,7400.0,7300.0,7500.0,0,Mysuru,Tomato,Karnataka,True,False
2023-07-22,mysuru,9.0,7400.0,7300.0,7500.0,0,Mysuru,Tomato,Karnataka,False,False
2023-07-23,mysuru,11.0,7400.0,7300.0,7500.0,1,Mysuru,Tomato,Karnataka,True,True
2023-07-24,mysuru,9.0,7400.0,7300.0,7500.0,1,Mysuru,Tomato,Karnataka,True,True
2023-07-25,mysuru,10.0,7900.0,7800.0,8000.0,1,Mysuru,Tomato,Karnataka,True,True
2023-07-26,mysuru,9.0,7400.0,7300.0,7500.0,1,Mysuru,Tomato,Karnataka,True,True
2023-07-27,mysuru,10.0,7400.0,7300.0,7500.0,1,Mysuru,Tomato,Karnataka,True,True
2023-07-28,mysuru,8.0,8900.0,8800.0,9000.0,1,Mysuru,Tomato,Karnataka,True,True
2023-07-29,mysuru,8.0,8900.0,8800.0,9000.0,0,Mysuru,Tomato,Karnataka,False,False
2023-07-30,mysuru,6.0,9900.0,9800.0,10000.0,1,Mysuru,Tomato,Karnataka,True,True
2023-07-31,mysuru,7.0,9900.0,9800.0,10000.0,0,Mysuru,Tomato,Karnataka,True,False
2023-08-01,mysuru,9.0,8400.0,8300.0,8500.0,1,Mysuru,Tomato,Karnataka,True,True
2023-08-02,mysuru,8.0,8400.0,8300.0,8500.0,0,Mysuru,Tomato,Karnataka,True,False
2023-08-03,mysuru,10.0,8400.0,8300.0,8500.0,1,Mysuru,Tomato,Karnataka,True,True
2023-08-04,mysuru,8.0,7900.0,7800.0,8000.0,1,Mysuru,Tomato,Karnataka,True,True
2023-08-05,mysuru,8.0,7900.0,7800.0,8000.0,0,Mysuru,Tomato,Karnataka,False,False
2023-08-06,mysuru,11.0,5900.0,5800.0,6000.0,1,Mysuru,Tomato,Karnataka,True,True
2023-08-07,mysuru,11.0,5400.0,5300.0,5500.0,1,Mysuru,Tomato,Karnataka,True,True
2023-08-08,mysuru,13.0,5400.0,5200.0,5500.0,1,Mysuru,Tomato,Karnataka,True,True
2023-08-09,mysuru,9.0,5400.0,5200.0,5500.0,0,Mysuru,Tomato,Karnataka,True,False
2023-08-10,mysuru,10.0,4900.0,4800.0,5000.0,1,Mysuru,Tomato,Karnataka,True,True
2023-08-11,mysuru,9.0,3900.0,3800.0,4000.0,1,Mysuru,Tomato,Karnataka,True,True
2023-08-12,mysuru,9.0,3900.0,3800.0,4000.0,0,Mysuru,Tomato,Karnataka,False,False
2023-08-13,mysuru,12.0,3500.0,3400.0,3600.0,1,Mysuru,Tomato,Karnataka,True,True
2023-08-14,mysuru,12.0,3500.0,3400.0,3600.0,0,Mysuru,Tomato,Karnataka,False,False
2023-08-15,mysuru,12.0,3700.0,3600.0,3800.0,1,Mysuru,Tomato,Karnataka,True,True
2023-08-16,mysuru,9.0,3500.0,3400.0,3600.0,1,Mysuru,Tomato,Karnataka,True,True
2023-08-17,mysuru,9.0,2900.0,2800.0,3000.0,1,Mysuru,Tomato,Karnataka,True,True
2023-08-18,mysuru,12.0,1900.0,1800.0,2000.0,1,Mysuru,Tomato,Karnataka,True,True
2023-08-19,mysuru,12.0,1900.0,1800.0,2000.0,0,Mysuru,Tomato,Karnataka,False,False
2023-08-20,mysuru,13.0,1900.0,1800.0,2000.0,1,Mysuru,Tomato,Karnataka,True,True
2023-08-21,mysuru,13.0,1900.0,1800.0,2000.0,0,Mysuru,Tomato,Karnataka,False,False
2023-08-22,mysuru,13.0,1900.0,1800.0,2000.0,0,Mysuru,Tomato,Karnataka,False,False
2023-08-23,mysuru,10.0,2200.0,2100.0,2300.0,1,Mysuru,Tomato,Karnataka,True,True
2023-08-24,mysuru,11.0,1900.0,1800.0,2000.0,1,Mysuru,Tomato,Karnataka,True,True
2023-08-25,mysuru,10.0,1700.0,1600.0,1800.0,1,Mysuru,Tomato,Karnataka,True,True
2023-08-26,mysuru,12.0,1900.0,1800.0,2000.0,1,Mysuru,Tomato,Karnataka,True,True
2023-08-27,mysuru,17.0,1300.0,1200.0,1400.0,1,Mysuru,Tomato,Karnataka,True,True
2023-08-28,mysuru,17.0,1300.0,1200.0,1400.0,0,Mysuru,Tomato,Karnataka,False,False
2023-08-29,mysuru,17.0,1300.0,1200.0,1400.0,0,Mysuru,Tomato,Karnataka,False,False
2023-08-30,mysuru,,1300.0,1200.0,1400.0,0,Mysuru,Tomato,Karnataka,False,False
2023-08-31,mysuru,,,,,0,Mysuru,Tomato,Karnataka,False,False
2023-09-01,mysuru,19.0,,,,0,Mysuru,Tomato,Karnataka,True,False
2023-09-02,mysuru,19.0,,,,0,Mysuru,Tomato,Karnataka,False,False
2023-09-03,mysuru,20.0,1100.0,1000.0,1200.0,1,Mysuru,Tomato,Karnataka,True,True
2023-09-04,mysuru,17.0,1100.0,1000.0,1200.0,1,Mysuru,Tomato,Karnataka,True,True
2023-09-05,mysuru,13.0,1100.0,1000.0,1200.0,0,Mysuru,Tomato,Karnataka,True,False
2023-09-06,mysuru,13.0,1100.0,1000.0,1200.0,0,Mysuru,Tomato,Karnataka,False,False
2023-09-07,mysuru,13.0,1100.0,1000.0,1200.0,0,Mysuru,Tomato,Karnataka,False,False
2023-09-08,mysuru,14.0,,,,0,Mysuru,Tomato,Karnataka,True,False
2023-09-09,mysuru,14.0,,,,0,Mysuru,Tomato,Karnataka,False,False
2023-09-10,mysuru,14.0,700.0,600.0,800.0,1,Mysuru,Tomato,Karnataka,True,True
2023-09-11,mysuru,12.0,991.5,941.5,1041.5,2,Mysuru,Tomato,Karnataka,True,True
2023-09-12,mysuru,13.0,700.0,600.0,800.0,1,Mysuru,Tomato,Karnataka,True,True
2023-09-13,mysuru,17.0,600.0,500.0,700.0,1,Mysuru,Tomato,Karnataka,True,True
2023-09-14,mysuru,18.0,600.0,500.0,700.0,2,Mysuru,Tomato,Karnataka,True,True
2023-09-15,mysuru,2.0,1383.0,1383.0,1383.0,1,Mysuru,Tomato,Karnataka,True,True
2023-09-16,mysuru,2.0,1383.0,1383.0,1383.0,1,Mysuru,Tomato,Karnataka,True,True
2023-09-17,mysuru,2.0,1383.0,1383.0,1383.0,0,Mysuru,Tomato,Karnataka,False,False
2023-09-18,mysuru,2.0,1383.0,1383.0,1383.0,0,Mysuru,Tomato,Karnataka,False,False
2023-09-19,mysuru,19.0,1383.0,1383.0,1383.0,2,Mysuru,Tomato,Karnataka,True,True
2023-09-20,mysuru,18.0,1091.5,1041.5,1141.5,2,Mysuru,Tomato,Karnataka,True,True
2023-09-21,mysuru,23.0,800.0,750.0,850.0,3,Mysuru,Tomato,Karnataka,True,True
2023-09-22,mysuru,18.0,800.0,800.0,800.0,3,Mysuru,Tomato,Karnataka,True,True
2023-09-23,mysuru,18.0,800.0,800.0,800.0,0,Mysuru,Tomato,Karnataka,False,False
2023-09-24,mysuru,18.0,800.0,800.0,800.0,0,Mysuru,Tomato,Karnataka,False,False
2023-09-25,mysuru,5.0,1383.0,1383.0,1383.0,1,Mysuru,Tomato,Karnataka,True,True
2023-09-26,mysuru,25.0,700.0,650.0,750.0,4,Mysuru,Tomato,Karnataka,True,True
2023-09-27,mysuru,5.0,941.5,891.5,1041.5,2,Mysuru,Tomato,Karnataka,True,True
2023-09-28,mysuru,5.0,941.5,891.5,1041.5,0,Mysuru,Tomato,Karnataka,False,False
2023-09-29,mysuru,3.0,991.5,941.5,1041.5,2,Mysuru,Tomato,Karnataka,True,True
2023-09-30,mysuru,4.0,991.5,941.5,1091.5,2,Mysuru,Tomato,Karnataka,True,True
2023-10-01,mysuru,4.0,991.5,941.5,1091.5,0,Mysuru,Tomato,Karnataka,False,False
2023-10-02,mysuru,4.0,991.5,941.5,1091.5,0,Mysuru,Tomato,Karnataka,False,False
2023-10-03,mysuru,6.0,1383.0,1383.0,1383.0,1,Mysuru,Tomato,Karnataka,True,True
2023-10-04,mysuru,20.0,510.0,510.0,610.0,4,Mysuru,Tomato,Karnataka,True,True
2023-10-05,mysuru,23.0,800.0,660.0,950.0,4,Mysuru,Tomato,Karnataka,True,True
2023-10-06,mysuru,27.0,789.0,739.0,839.0,4,Mysuru,Tomato,Karnataka,True,True
2023-10-07,mysuru,5.0,1000.0,800.0,1000.0,1,Mysuru,Tomato,Karnataka,True,True
2023-10-08,mysuru,19.0,800.0,700.0,900.0,1,Mysuru,Tomato,Karnataka,True,True
2023-10-09,mysuru,19.0,991.5,941.5,1041.5,2,Mysuru,Tomato,Karnataka,True,True
2023-10-10,mysuru,19.0,991.5,941.5,1041.5,2,Mysuru,Tomato,Karnataka,True,True
2023-10-11,mysuru,46.0,800.0,800.0,1000.0,3,Mysuru,Tomato,Karnataka,True,True
2023-10-12,mysuru,37.0,818.0,818.0,900.0,4,Mysuru,Tomato,Karnataka,True,True
2023-10-13,mysuru,19.0,1000.0,1000.0,1200.0,3,Mysuru,Tomato,Karnataka,True,True
2023-10-14,mysuru,19.0,1000.0,1000.0,1200.0,0,Mysuru,Tomato,Karnataka,False,False
2023-10-15,mysuru,17.0,900.0,800.0,1000.0,1,Mysuru,Tomato,Karnataka,True,True
2023-10-16,mysuru,28.0,818.0,818.0,900.0,3,Mysuru,Tomato,Karnataka,True,True
2023-10-17,mysuru,16.0,1383.0,1383.0,1383.0,1,Mysuru,Tomato,Karnataka,True,True
2023-10-18,mysuru,4.0,1383.0,1383.0,1383.0,1,Mysuru,Tomato,Karnataka,True,True
2023-10-19,mysuru,4.0,1191.5,1191.5,1291.5,2,Mysuru,Tomato,Karnataka,True,True
2023-10-20,mysuru,56.0,1383.0,1383.0,1383.0,3,Mysuru,Tomato,Karnataka,True,True
2023-10-21,mysuru,5.0,1191.5,1191.5,1291.5,2,Mysuru,Tomato,Karnataka,True,True
2023-10-22,mysuru,5.0,1191.5,1191.5,1291.5,0,Mysuru,Tomato,Karnataka,False,False
2023-10-23,mysuru,5.0,1191.5,1191.5,1291.5,0,Mysuru,Tomato,Karnataka,False,False
2023-10-24,mysuru,,1191.5,1191.5,1291.5,0,Mysuru,Tomato,Karnataka,False,False
2023-10-25,mysuru,19.0,1383.0,1383.0,1383.0,1,Mysuru,Tomato,Karnataka,True,True
2023-10-26,mysuru,21.0,800.0,800.0,900.0,3,Mysuru,Tomato,Karnataka,True,True
2023-10-27,mysuru,23.0,1066.5,916.5,1141.5,4,Mysuru,Tomato,Karnataka,True,True
2023-10-28,mysuru,23.0,1066.5,916.5,1141.5,0,Mysuru,Tomato,Karnataka,False,False
2023-10-29,mysuru,23.0,1066.5,916.5,1141.5,0,Mysuru,Tomato,Karnataka,False,False
2023-10-30,mysuru,16.0,1700.0,1600.0,1800.0,1,Mysuru,Tomato,Karnataka,True,True
2023-10-31,mysuru,17.0,1500.0,1400.0,1600.0,3,Mysuru,Tomato,Karnataka,True,True
2023-11-01,mysuru,17.0,1500.0,1400.0,1600.0,0,Mysuru,Tomato,Karnataka,False,False
2023-11-02,mysuru,24.0,1400.0,1383.0,1500.0,3,Mysuru,Tomato,Karnataka,True,True
2023-11-03,mysuru,22.0,1802.5,1733.0,2080.0,3,Mysuru,Tomato,Karnataka,True,True
2023-11-04,mysuru,3.0,1383.0,1383.0,1383.0,1,Mysuru,Tomato,Karnataka,True,True
2023-11-05,mysuru,3.0,1383.0,1383.0,1383.0,0,Mysuru,Tomato,Karnataka,False,False
2023-11-06,mysuru,21.0,1923.0,1923.0,1923.0,3,Mysuru,Tomato,Karnataka,True,True
2023-11-07,mysuru,13.0,1500.0,1500.0,1500.0,2,Mysuru,Tomato,Karnataka,True,True
2023-11-08,mysuru,21.0,1941.5,1941.5,1941.5,2,Mysuru,Tomato,Karnataka,True,True
2023-11-09,mysuru,2.0,2500.0,2500.0,2500.0,2,Mysuru,Tomato,Karnataka,True,True
2023-11-10,mysuru,42.0,1383.0,1383.0,1383.0,2,Mysuru,Tomato,Karnataka,True,True
2023-11-11,mysuru,42.0,1383.0,1383.0,1383.0,0,Mysuru,Tomato,Karnataka,False,False
2023-11-12,mysuru,42.0,1383.0,1383.0,1383.0,0,Mysuru,Tomato,Karnataka,False,False
2023-11-13,mysuru,,1383.0,1383.0,1383.0,0,Mysuru,Tomato,Karnataka,False,False
2023-11-14,mysuru,,,,,0,Mysuru,Tomato,Karnataka,False,False
2023-11-15,mysuru,15.0,1383.0,1383.0,1383.0,1,Mysuru,Tomato,Karnataka,True,True
2023-11-16,mysuru,18.0,1950.0,1900.0,2000.0,2,Mysuru,Tomato,Karnataka,True,True
2023-11-17,mysuru,26.0,2100.0,2000.0,2250.0,3,Mysuru,Tomato,Karnataka,True,True
2023-11-18,mysuru,8.0,2000.0,2000.0,2500.0,3,Mysuru,Tomato,Karnataka,True,True
2023-11-19,mysuru,8.0,2000.0,2000.0,2500.0,0,Mysuru,Tomato,Karnataka,False,False
2023-11-20,mysuru,8.0,2000.0,2000.0,2500.0,0,Mysuru,Tomato,Karnataka,False,False
2023-11-21,mysuru,2.0,3000.0,3000.0,3000.0,1,Mysuru,Tomato,Karnataka,True,True
2023-11-22,mysuru,1.0,2917.0,2917.0,2917.0,1,Mysuru,Tomato,Karnataka,True,True
2023-11-23,mysuru,19.0,1900.0,1800.0,2000.0,1,Mysuru,Tomato,Karnataka,True,True
2023-11-24,mysuru,18.0,1791.5,1741.5,1841.5,2,Mysuru,Tomato,Karnataka,True,True
2023-11-25,mysuru,18.0,1791.5,1741.5,1841.5,0,Mysuru,Tomato,Karnataka,False,False
2023-11-26,mysuru,18.0,1791.5,1741.5,1841.5,0,Mysuru,Tomato,Karnataka,False,False
2023-11-27,mysuru,5.0,2333.0,2333.0,2333.0,3,Mysuru,Tomato,Karnataka,True,True
2023-11-28,mysuru,15.0,1383.0,1383.0,1383.0,2,Mysuru,Tomato,Karnataka,True,True
2023-11-29,mysuru,12.0,2400.0,2300.0,2500.0,1,Mysuru,Tomato,Karnataka,True,True
2023-11-30,mysuru,4.0,2500.0,2000.0,2800.0,1,Mysuru,Tomato,Karnataka,True,True
2023-12-01,mysuru,1.0,2500.0,2000.0,2800.0,0,Mysuru,Tomato,Karnataka,True,False
2023-12-02,mysuru,2.0,3000.0,3000.0,3000.0,1,Mysuru,Tomato,Karnataka,True,True
2023-12-03,mysuru,2.0,3000.0,3000.0,3000.0,0,Mysuru,Tomato,Karnataka,False,False
2023-12-04,mysuru,2.0,3000.0,3000.0,3000.0,0,Mysuru,Tomato,Karnataka,False,False
2023-12-05,mysuru,2.0,3000.0,3000.0,3000.0,1,Mysuru,Tomato,Karnataka,True,True
2023-12-06,mysuru,13.0,1900.0,1800.0,2000.0,1,Mysuru,Tomato,Karnataka,True,True
2023-12-07,mysuru,17.0,2200.0,2100.0,2300.0,3,Mysuru,Tomato,Karnataka,True,True
2023-12-08,mysuru,17.0,2000.0,1900.0,2100.0,1,Mysuru,Tomato,Karnataka,True,True
2023-12-09,mysuru,17.0,2000.0,1900.0,2100.0,0,Mysuru,Tomato,Karnataka,False,False
2023-12-10,mysuru,17.0,2000.0,1900.0,2100.0,0,Mysuru,Tomato,Karnataka,False,False
2023-12-11,mysuru,17.0,2307.0,2278.0,2333.0,2,Mysuru,Tomato,Karnataka,True,True
2023-12-12,mysuru,17.0,2307.0,2278.0,2333.0,0,Mysuru,Tomato,Karnataka,False,False
2023-12-13,mysuru,18.0,2266.5,2216.5,2316.5,2,Mysuru,Tomato,Karnataka,True,True
2023-12-14,mysuru,2.0,2353.0,2353.0,2353.0,1,Mysuru,Tomato,Karnataka,True,True
2023-12-15,mysuru,20.0,2344.0,2333.0,2352.0,1,Mysuru,Tomato,Karnataka,True,True
2023-12-16,mysuru,6.0,1383.0,1383.0,1383.0,1,Mysuru,Tomato,Karnataka,True,True
2023-12-17,mysuru,6.0,1383.0,1383.0,1383.0,0,Mysuru,Tomato,Karnataka,False,False
2023-12-18,mysuru,19.0,1383.0,1383.0,1383.0,0,Mysuru,Tomato,Karnataka,True,False
2023-12-19,mysuru,21.0,2200.0,2100.0,2300.0,2,Mysuru,Tomato,Karnataka,True,True
2023-12-20,mysuru,16.0,1900.0,1800.0,2000.0,1,Mysuru,Tomato,Karnataka,True,True
2023-12-21,mysuru,20.0,1900.0,1800.0,1944.0,3,Mysuru,Tomato,Karnataka,True,True
2023-12-22,mysuru,28.0,1922.0,1872.0,1972.0,4,Mysuru,Tomato,Karnataka,True,True
2023-12-23,mysuru,28.0,1922.0,1872.0,1972.0,0,Mysuru,Tomato,Karnataka,False,False
2023-12-24,mysuru,28.0,1922.0,1872.0,1972.0,0,Mysuru,Tomato,Karnataka,False,False
2023-12-25,mysuru,,1922.0,1872.0,1972.0,0,Mysuru,Tomato,Karnataka,False,False
2023-12-26,mysuru,24.0,2013.5,1972.0,2013.5,4,Mysuru,Tomato,Karnataka,True,True
2023-12-27,mysuru,19.0,2300.0,2300.0,2300.0,2,Mysuru,Tomato,Karnataka,True,True
2023-12-28,mysuru,21.0,2072.0,2022.0,2122.0,2,Mysuru,Tomato,Karnataka,True,True
2023-12-29,mysuru,19.0,1900.0,1800.0,2000.0,3,Mysuru,Tomato,Karnataka,True,True
2023-12-30,mysuru,1.0,2000.0,2000.0,2000.0,1,Mysuru,Tomato,Karnataka,True,True
2023-12-31,mysuru,17.0,2100.0,2000.0,2200.0,1,Mysuru,Tomato,Karnataka,True,True
2024-01-01,mysuru,13.0,2300.0,2200.0,2400.0,1,Mysuru,Tomato,Karnataka,True,True
2024-01-02,mysuru,14.0,2300.0,2200.0,2400.0,1,Mysuru,Tomato,Karnataka,True,True
2024-01-03,mysuru,20.0,2000.0,2000.0,2000.0,2,Mysuru,Tomato,Karnataka,True,True
2024-01-04,mysuru,17.0,2000.0,1900.0,2100.0,1,Mysuru,Tomato,Karnataka,True,True
2024-01-05,mysuru,21.0,2000.0,1900.0,2100.0,0,Mysuru,Tomato,Karnataka,True,False
2024-01-06,mysuru,1.0,1383.0,1383.0,1383.0,1,Mysuru,Tomato,Karnataka,True,True
2024-01-07,mysuru,1.0,1383.0,1383.0,1383.0,0,Mysuru,Tomato,Karnataka,False,False
2024-01-08,mysuru,16.0,1800.0,1700.0,1900.0,3,Mysuru,Tomato,Karnataka,True,True
2024-01-09,mysuru,25.0,1772.5,1641.5,1941.5,2,Mysuru,Tomato,Karnataka,True,True
2024-01-10,mysuru,26.0,1491.5,1441.5,1541.5,3,Mysuru,Tomato,Karnataka,True,True
2024-01-11,mysuru,16.0,1491.5,1441.5,1541.5,2,Mysuru,Tomato,Karnataka,True,True
2024-01-12,mysuru,18.0,1383.0,1383.0,1383.0,1,Mysuru,Tomato,Karnataka,True,True
2024-01-13,mysuru,18.0,1383.0,1383.0,1383.0,0,Mysuru,Tomato,Karnataka,False,False
2024-01-14,mysuru,18.0,1383.0,1383.0,1383.0,0,Mysuru,Tomato,Karnataka,False,False
2024-01-15,mysuru,,1383.0,1383.0,1383.0,0,Mysuru,Tomato,Karnataka,False,False
2024-01-16,mysuru,9.0,2045.0,2045.0,2045.0,3,Mysuru,Tomato,Karnataka,True,True
2024-01-17,mysuru,2.0,1944.0,1944.0,1944.0,1,Mysuru,Tomato,Karnataka,True,True
2024-01-18,mysuru,15.0,1541.5,1491.5,1591.5,2,Mysuru,Tomato,Karnataka,True,True
2024-01-19,mysuru,20.0,1500.0,1400.0,1600.0,1,Mysuru,Tomato,Karnataka,True,True
2024-01-20,mysuru,20.0,1500.0,1400.0,1600.0,0,Mysuru,Tomato,Karnataka,False,False
2024-01-21,mysuru,17.0,1700.0,1600.0,1800.0,1,Mysuru,Tomato,Karnataka,True,True
2024-01-22,mysuru,19.0,1700.0,1600.0,1800.0,0,Mysuru,Tomato,Karnataka,True,False
2024-01-23,mysuru,13.0,1900.0,1800.0,2000.0,1,Mysuru,Tomato,Karnataka,True,True
2024-01-24,mysuru,19.0,2045.0,2045.0,2045.0,1,Mysuru,Tomato,Karnataka,True,True
2024-01-25,mysuru,18.0,1700.0,1600.0,1800.0,1,Mysuru,Tomato,Karnataka,True,True
2024-01-26,mysuru,18.0,1700.0,1600.0,1800.0,0,Mysuru,Tomato,Karnataka,False,False
2024-01-27,mysuru,18.0,1700.0,1600.0,1800.0,0,Mysuru,Tomato,Karnataka,False,False
2024-01-28,mysuru,,1700.0,1600.0,1800.0,0,Mysuru,Tomato,Karnataka,False,False
2024-01-29,mysuru,22.0,1600.0,1500.0,1700.0,3,Mysuru,Tomato,Karnataka,True,True
2024-01-30,mysuru,14.0,1400.0,1300.0,1500.0,1,Mysuru,Tomato,Karnataka,True,True
2024-01-31,mysuru,14.0,1600.0,1500.0,1700.0,1,Mysuru,Tomato,Karnataka,True,True
2024-02-01,mysuru,14.0,1600.0,1500.0,1700.0,0,Mysuru,Tomato,Karnataka,True,False
2024-02-02,mysuru,18.0,2000.0,1900.0,2100.0,3,Mysuru,Tomato,Karnataka,True,True
2024-02-03,mysuru,5.0,2350.0,2350.0,2350.0,2,Mysuru,Tomato,Karnataka,True,True
2024-02-04,mysuru,5.0,2350.0,2350.0,2350.0,0,Mysuru,Tomato,Karnataka,False,False
2024-02-05,mysuru,2.0,1383.0,1383.0,1383.0,1,Mysuru,Tomato,Karnataka,True,True
2024-02-06,mysuru,23.0,1720.5,1720.5,1720.5,2,Mysuru,Tomato,Karnataka,True,True
2024-02-07,mysuru,3.0,2191.5,2191.5,2191.5,2,Mysuru,Tomato,Karnataka,True,True
2024-02-08,mysuru,22.0,1900.0,1800.0,2000.0,3,Mysuru,Tomato,Karnataka,True,True
2024-02-09,mysuru,3.0,1720.5,1720.5,1720.5,2,Mysuru,Tomato,Karnataka,True,True
2024-02-10,mysuru,3.0,1720.5,1720.5,1720.5,0,Mysuru,Tomato,Karnataka,False,False
2024-02-11,mysuru,3.0,1720.5,1720.5,1720.5,0,Mysuru,Tomato,Karnataka,False,False
2024-02-12,mysuru,13.0,1383.0,1383.0,1383.0,1,Mysuru,Tomato,Karnataka,True,True
2024-02-13,mysuru,12.0,1600.0,1600.0,1600.0,1,Mysuru,Tomato,Karnataka,True,True
2024-02-14,mysuru,3.0,1383.0,1383.0,1383.0,2,Mysuru,Tomato,Karnataka,True,True
2024-02-15,mysuru,1.0,1383.0,1383.0,1383.0,1,Mysuru,Tomato,Karnataka,True,True
2024-02-16,mysuru,23.0,1383.0,1383.0,1383.0,3,Mysuru,Tomato,Karnataka,True,True
2024-02-17,mysuru,4.0,1290.0,1290.0,1290.0,2,Mysuru,Tomato,Karnataka,True,True
2024-02-18,mysuru,19.0,1100.0,1000.0,1200.0,1,Mysuru,Tomato,Karnataka,True,True
2024-02-19,mysuru,14.0,1100.0,1000.0,1200.0,0,Mysuru,Tomato,Karnataka,True,False
2024-02-20,mysuru,3.0,1691.5,1691.5,1691.5,2,Mysuru,Tomato,Karnataka,True,True
2024-02-21,mysuru,16.0,1100.0,1000.0,1200.0,2,Mysuru,Tomato,Karnataka,True,True
2024-02-22,mysuru,21.0,1383.0,1383.0,1383.0,2,Mysuru,Tomato,Karnataka,True,True
2024-02-23,mysuru,21.0,1179.0,1179.0,1179.0,3,Mysuru,Tomato,Karnataka,True,True
2024-02-24,mysuru,21.0,1179.0,1179.0,1179.0,0,Mysuru,Tomato,Karnataka,False,False
2024-02-25,mysuru,16.0,700.0,600.0,800.0,1,Mysuru,Tomato,Karnataka,True,True
2024-02-26,mysuru,23.0,837.5,787.5,887.5,2,Mysuru,Tomato,Karnataka,True,True
2024-02-27,mysuru,22.0,1108.0,1108.0,1108.0,2,Mysuru,Tomato,Karnataka,True,True
2024-02-28,mysuru,22.0,700.0,600.0,800.0,2,Mysuru,Tomato,Karnataka,True,True
2024-02-29,mysuru,21.0,1383.0,1383.0,1383.0,3,Mysuru,Tomato,Karnataka,True,True
2024-03-01,mysuru,15.0,600.0,500.0,700.0,1,Mysuru,Tomato,Karnataka,True,True
2024-03-02,mysuru,2.0,1383.0,1383.0,1383.0,1,Mysuru,Tomato,Karnataka,True,True
2024-03-03,mysuru,2.0,1383.0,1383.0,1383.0,0,Mysuru,Tomato,Karnataka,False,False
2024-03-04,mysuru,22.0,1241.5,1191.5,1291.5,2,Mysuru,Tomato,Karnataka,True,True
2024-03-05,mysuru,8.0,1441.5,1391.5,1491.5,2,Mysuru,Tomato,Karnataka,True,True
2024-03-06,mysuru,16.0,1383.0,1383.0,1383.0,3,Mysuru,Tomato,Karnataka,True,True
2024-03-07,mysuru,18.0,1141.5,1091.5,1191.5,2,Mysuru,Tomato,Karnataka,True,True
2024-03-08,mysuru,18.0,1141.5,1091.5,1191.5,0,Mysuru,Tomato,Karnataka,False,False
2024-03-09,mysuru,18.0,1141.5,1091.5,1191.5,0,Mysuru,Tomato,Karnataka,False,False
2024-03-10,mysuru,,1141.5,1091.5,1191.5,0,Mysuru,Tomato,Karnataka,False,False
2024-03-11,mysuru,22.0,1383.0,1383.0,1383.0,2,Mysuru,Tomato,Karnataka,True,True
2024-03-12,mysuru,22.0,1241.5,1191.5,1291.5,2,Mysuru,Tomato,Karnataka,True,True
2024-03-13,mysuru,32.0,1100.0,1000.0,1200.0,2,Mysuru,Tomato,Karnataka,True,True
2024-03-14,mysuru,25.0,1383.0,1383.0,1383.0,3,Mysuru,Tomato,Karnataka,True,True
2024-03-15,mysuru,3.0,1691.5,1691.5,1691.5,2,Mysuru,Tomato,Karnataka,True,True
2024-03-16,mysuru,5.0,1241.5,1241.5,1241.5,2,Mysuru,Tomato,Karnataka,True,True
2024-03-17,mysuru,5.0,1241.5,1241.5,1241.5,0,Mysuru,Tomato,Karnataka,False,False
2024-03-18,mysuru,17.0,900.0,800.0,1000.0,1,Mysuru,Tomato,Karnataka,True,True
2024-03-19,mysuru,22.0,1241.5,1191.5,1291.5,2,Mysuru,Tomato,Karnataka,True,True
2024-03-20,mysuru,26.0,1241.5,1191.5,1291.5,2,Mysuru,Tomato,Karnataka,True,True
2024-03-21,mysuru,35.0,1383.0,1383.0,1383.0,4,Mysuru,Tomato,Karnataka,True,True
2024-03-22,mysuru,30.0,1291.5,1241.5,1341.5,2,Mysuru,Tomato,Karnataka,True,True
2024-03-23,mysuru,30.0,1291.5,1241.5,1341.5,0,Mysuru,Tomato,Karnataka,False,False
2024-03-24,mysuru,30.0,1291.5,1241.5,1341.5,0,Mysuru,Tomato,Karnataka,False,False
2024-03-25,mysuru,32.0,1241.5,1191.5,1291.5,2,Mysuru,Tomato,Karnataka,True,True
2024-03-26,mysuru,18.0,1274.5,1274.5,1291.5,4,Mysuru,Tomato,Karnataka,True,True
2024-03-27,mysuru,28.0,1276.0,1276.0,1276.0,3,Mysuru,Tomato,Karnataka,True,True
2024-03-28,mysuru,34.0,1400.0,1383.0,1500.0,3,Mysuru,Tomato,Karnataka,True,True
2024-03-29,mysuru,27.0,1400.0,1300.0,1500.0,1,Mysuru,Tomato,Karnataka,True,True
2024-03-30,mysuru,17.0,1469.5,1425.5,1731.5,2,Mysuru,Tomato,Karnataka,True,True
2024-03-31,mysuru,32.0,1500.0,1400.0,1600.0,1,Mysuru,Tomato,Karnataka,True,True
2024-04-01,mysuru,10.0,1332.5,1148.0,1881.5,2,Mysuru,Tomato,Karnataka,True,True
2024-04-02,mysuru,46.0,1775.0,1700.0,1825.0,3,Mysuru,Tomato,Karnataka,True,True
2024-04-03,mysuru,29.0,1791.5,1741.5,1841.5,2,Mysuru,Tomato,Karnataka,True,True
2024-04-04,mysuru,31.0,2300.0,2200.0,2400.0,2,Mysuru,Tomato,Karnataka,True,True
2024-04-05,mysuru,24.0,1780.0,1730.0,1830.0,2,Mysuru,Tomato,Karnataka,True,True
2024-04-06,mysuru,3.0,1830.0,1830.0,1830.0,2,Mysuru,Tomato,Karnataka,True,True
2024-04-07,mysuru,29.0,2100.0,2000.0,2200.0,1,Mysuru,Tomato,Karnataka,True,True
2024-04-08,mysuru,28.0,2300.0,2200.0,2400.0,1,Mysuru,Tomato,Karnataka,True,True
2024-04-09,mysuru,28.0,2300.0,2200.0,2400.0,0,Mysuru,Tomato,Karnataka,False,False
2024-04-10,mysuru,28.0,2300.0,2200.0,2400.0,0,Mysuru,Tomato,Karnataka,False,False
2024-04-11,mysuru,,2300.0,2200.0,2400.0,0,Mysuru,Tomato,Karnataka,False,False
2024-04-12,mysuru,30.0,1700.0,1600.0,1800.0,1,Mysuru,Tomato,Karnataka,True,True
2024-04-13,mysuru,30.0,1700.0,1600.0,1800.0,0,Mysuru,Tomato,Karnataka,False,False
2024-04-14,mysuru,30.0,1700.0,1600.0,1800.0,0,Mysuru,Tomato,Karnataka,False,False
2024-04-15,mysuru,28.0,1500.0,1400.0,1660.0,3,Mysuru,Tomato,Karnataka,True,True
2024-04-16,mysuru,18.0,1660.0,1660.0,1660.0,2,Mysuru,Tomato,Karnataka,True,True
2024-04-17,mysuru,24.0,1660.0,1660.0,1660.0,1,Mysuru,Tomato,Karnataka,True,True
2024-04-18,mysuru,40.0,1780.0,1660.0,1830.0,3,Mysuru,Tomato,Karnataka,True,True
2024-04-19,mysuru,22.0,2100.0,2000.0,2200.0,1,Mysuru,Tomato,Karnataka,True,True
2024-04-20,mysuru,1.0,1660.0,1660.0,1660.0,1,Mysuru,Tomato,Karnataka,True,True
2024-04-21,mysuru,19.0,2100.0,2000.0,2200.0,1,Mysuru,Tomato,Karnataka,True,True
2024-04-22,mysuru,20.0,1987.5,1937.5,2037.5,2,Mysuru,Tomato,Karnataka,True,True
2024-04-23,mysuru,14.0,1900.0,1800.0,2000.0,1,Mysuru,Tomato,Karnataka,True,True
2024-04-24,mysuru,15.0,2000.0,2000.0,2000.0,3,Mysuru,Tomato,Karnataka,True,True
2024-04-25,mysuru,14.0,2000.0,2000.0,2000.0,0,Mysuru,Tomato,Karnataka,True,False
2024-04-26,mysuru,13.0,2200.0,2100.0,2300.0,1,Mysuru,Tomato,Karnataka,True,True
2024-04-27,mysuru,13.0,2200.0,2100.0,2300.0,0,Mysuru,Tomato,Karnataka,False,False
2024-04-28,mysuru,17.0,2500.0,2400.0,2600.0,1,Mysuru,Tomato,Karnataka,True,True
2024-04-29,mysuru,15.0,2500.0,2400.0,2600.0,0,Mysuru,Tomato,Karnataka,True,False
2024-04-30,mysuru,15.0,2500.0,2400.0,2600.0,0,Mysuru,Tomato,Karnataka,False,False
2024-05-01,mysuru,13.0,1900.0,1800.0,2000.0,1,Mysuru,Tomato,Karnataka,True,True
2024-05-02,mysuru,15.0,1780.0,1730.0,1830.0,2,Mysuru,Tomato,Karnataka,True,True
2024-05-03,mysuru,18.0,1950.0,1900.0,2000.0,4,Mysuru,Tomato,Karnataka,True,True
2024-05-04,mysuru,3.0,1859.0,1859.0,1859.0,2,Mysuru,Tomato,Karnataka,True,True
2024-05-05,mysuru,3.0,1859.0,1859.0,1859.0,0,Mysuru,Tomato,Karnataka,False,False
2024-05-06,mysuru,14.0,1900.0,1800.0,2000.0,2,Mysuru,Tomato,Karnataka,True,True
2024-05-07,mysuru,19.0,1900.0,1800.0,2000.0,1,Mysuru,Tomato,Karnataka,True,True
2024-05-08,mysuru,13.0,1780.0,1730.0,1830.0,2,Mysuru,Tomato,Karnataka,True,True
2024-05-09,mysuru,20.0,1780.0,1730.0,1830.0,2,Mysuru,Tomato,Karnataka,True,True
2024-05-10,mysuru,20.0,1900.0,1800.0,2000.0,1,Mysuru,Tomato,Karnataka,True,True
2024-05-11,mysuru,20.0,1900.0,1800.0,2000.0,0,Mysuru,Tomato,Karnataka,False,False
2024-05-12,mysuru,21.0,2200.0,2100.0,2300.0,1,Mysuru,Tomato,Karnataka,True,True
2024-05-13,mysuru,18.0,1900.0,1800.0,2000.0,2,Mysuru,Tomato,Karnataka,True,True
2024-05-14,mysuru,19.0,1900.0,1800.0,2000.0,1,Mysuru,Tomato,Karnataka,True,True
2024-05-15,mysuru,21.0,2100.0,2000.0,2200.0,1,Mysuru,Tomato,Karnataka,True,True
2024-05-16,mysuru,30.0,2100.0,2000.0,2200.0,1,Mysuru,Tomato,Karnataka,True,True
2024-05-17,mysuru,21.0,1930.0,1880.0,1980.0,2,Mysuru,Tomato,Karnataka,True,True
2024-05-18,mysuru,1.0,1660.0,1660.0,1660.0,1,Mysuru,Tomato,Karnataka,True,True
2024-05-19,mysuru,1.0,1660.0,1660.0,1660.0,0,Mysuru,Tomato,Karnataka,False,False
2024-05-20,mysuru,13.0,2700.0,2600.0,2800.0,1,Mysuru,Tomato,Karnataka,True,True
2024-05-21,mysuru,23.0,1660.0,1660.0,1660.0,2,Mysuru,Tomato,Karnataka,True,True
2024-05-22,mysuru,18.0,2480.0,2430.0,2530.0,2,Mysuru,Tomato,Karnataka,True,True
2024-05-23,mysuru,24.0,1660.0,1660.0,1660.0,1,Mysuru,Tomato,Karnataka,True,True
2024-05-24,mysuru,12.0,3400.0,3300.0,3500.0,1,Mysuru,Tomato,Karnataka,True,True
2024-05-25,mysuru,12.0,3400.0,3300.0,3500.0,0,Mysuru,Tomato,Karnataka,False,False
2024-05-26,mysuru,28.0,3700.0,3600.0,3800.0,1,Mysuru,Tomato,Karnataka,True,True
2024-05-27,mysuru,18.0,2902.5,2852.5,2952.5,2,Mysuru,Tomato,Karnataka,True,True
2024-05-28,mysuru,22.0,3500.0,3400.0,3600.0,1,Mysuru,Tomato,Karnataka,True,True
2024-05-29,mysuru,18.0,2380.0,2330.0,2430.0,2,Mysuru,Tomato,Karnataka,True,True
2024-05-30,mysuru,22.0,2916.0,2916.0,2916.0,1,Mysuru,Tomato,Karnataka,True,True
2024-05-31,mysuru,20.0,2030.0,1980.0,2080.0,2,Mysuru,Tomato,Karnataka,True,True
2024-06-01,mysuru,20.0,2030.0,1980.0,2080.0,0,Mysuru,Tomato,Karnataka,False,False
2024-06-02,mysuru,29.0,2400.0,2300.0,2500.0,1,Mysuru,Tomato,Karnataka,True,True
2024-06-03,mysuru,22.0,1660.0,1660.0,1660.0,1,Mysuru,Tomato,Karnataka,True,True
2024-06-04,mysuru,18.0,2400.0,2300.0,2500.0,1,Mysuru,Tomato,Karnataka,True,True
2024-06-05,mysuru,24.0,2330.0,2330.0,2330.0,2,Mysuru,Tomato,Karnataka,True,True
2024-06-06,mysuru,1.0,3076.0,3076.0,3076.0,1,Mysuru,Tomato,Karnataka,True,True
2024-06-07,mysuru,22.0,3400.0,3300.0,3500.0,1,Mysuru,Tomato,Karnataka,True,True
2024-06-08,mysuru,22.0,3400.0,3300.0,3500.0,0,Mysuru,Tomato,Karnataka,False,False
2024-06-09,mysuru,22.0,3400.0,3300.0,3500.0,0,Mysuru,Tomato,Karnataka,False,False
2024-06-10,mysuru,14.0,3200.0,3100.0,3300.0,1,Mysuru,Tomato,Karnataka,True,True
2024-06-11,mysuru,29.0,3500.0,3400.0,3600.0,1,Mysuru,Tomato,Karnataka,True,True
2024-06-12,mysuru,19.0,3130.0,3080.5,3166.5,3,Mysuru,Tomato,Karnataka,True,True
2024-06-13,mysuru,28.0,3130.0,3080.5,3166.5,0,Mysuru,Tomato,Karnataka,True,False
2024-06-14,mysuru,20.0,4700.0,4600.0,4800.0,1,Mysuru,Tomato,Karnataka,True,True
2024-06-15,mysuru,20.0,4700.0,4600.0,4800.0,0,Mysuru,Tomato,Karnataka,False,False
2024-06-16,mysuru,20.0,4700.0,4600.0,4800.0,0,Mysuru,Tomato,Karnataka,False,False
2024-06-17,mysuru,8.0,4900.0,4800.0,5000.0,1,Mysuru,Tomato,Karnataka,True,True
2024-06-18,mysuru,14.0,4900.0,4800.0,5000.0,0,Mysuru,Tomato,Karnataka,True,False
2024-06-19,mysuru,11.0,5900.0,5800.0,6000.0,1,Mysuru,Tomato,Karnataka,True,True
2024-06-20,mysuru,13.0,5900.0,5800.0,6000.0,1,Mysuru,Tomato,Karnataka,True,True
2024-06-21,mysuru,11.0,5900.0,5800.0,6000.0,0,Mysuru,Tomato,Karnataka,True,False
2024-06-22,mysuru,11.0,5900.0,5800.0,6000.0,0,Mysuru,Tomato,Karnataka,False,False
2024-06-23,mysuru,9.0,5700.0,5600.0,5800.0,1,Mysuru,Tomato,Karnataka,True,True
2024-06-24,mysuru,6.0,5607.0,5557.0,5657.0,2,Mysuru,Tomato,Karnataka,True,True
2024-06-25,mysuru,9.0,5000.0,5000.0,5000.0,2,Mysuru,Tomato,Karnataka,True,True
2024-06-26,mysuru,3.0,3700.0,3600.0,3800.0,1,Mysuru,Tomato,Karnataka,True,True
2024-06-27,mysuru,4.0,3900.0,3800.0,4000.0,1,Mysuru,Tomato,Karnataka,True,True
2024-06-28,mysuru,5.0,4700.0,4600.0,4800.0,1,Mysuru,Tomato,Karnataka,True,True
2024-06-29,mysuru,5.0,4700.0,4600.0,4800.0,0,Mysuru,Tomato,Karnataka,False,False
2024-06-30,mysuru,4.0,3600.0,3500.0,3700.0,1,Mysuru,Tomato,Karnataka,True,True
2024-07-01,mysuru,3.0,3600.0,3500.0,3700.0,1,Mysuru,Tomato,Karnataka,True,True
2024-07-02,mysuru,4.0,3600.0,3500.0,3700.0,1,Mysuru,Tomato,Karnataka,True,True
2024-07-03,mysuru,4.0,3600.0,3500.0,3700.0,0,Mysuru,Tomato,Karnataka,True,False
2024-07-04,mysuru,7.0,3300.0,3200.0,3400.0,1,Mysuru,Tomato,Karnataka,True,True
2024-07-05,mysuru,3.0,3125.0,3125.0,3125.0,1,Mysuru,Tomato,Karnataka,True,True
2024-07-06,mysuru,3.0,3125.0,3125.0,3125.0,0,Mysuru,Tomato,Karnataka,False,False
2024-07-07,mysuru,3.0,3125.0,3125.0,3125.0,0,Mysuru,Tomato,Karnataka,False,False
2024-07-08,mysuru,1.0,3571.0,3571.0,3571.0,1,Mysuru,Tomato,Karnataka,True,True
2024-07-09,mysuru,7.0,2900.0,2800.0,3000.0,1,Mysuru,Tomato,Karnataka,True,True
2024-07-10,mysuru,5.0,2900.0,2800.0,3000.0,1,Mysuru,Tomato,Karnataka,True,True
2024-07-11,mysuru,7.0,2900.0,2800.0,3000.0,1,Mysuru,Tomato,Karnataka,True,True
2024-07-12,mysuru,7.0,2900.0,2800.0,3000.0,0,Mysuru,Tomato,Karnataka,False,False
2024-07-13,mysuru,7.0,2900.0,2800.0,3000.0,0,Mysuru,Tomato,Karnataka,False,False
2024-07-14,mysuru,,2900.0,2800.0,3000.0,0,Mysuru,Tomato,Karnataka,False,False
2024-07-15,mysuru,5.0,,,,0,Mysuru,Tomato,Karnataka,True,False
2024-07-16,mysuru,6.0,4400.0,4300.0,4500.0,1,Mysuru,Tomato,Karnataka,True,True
2024-07-17,mysuru,6.0,4400.0,4300.0,4500.0,1,Mysuru,Tomato,Karnataka,True,True
2024-07-18,mysuru,7.0,4700.0,4600.0,4800.0,1,Mysuru,Tomato,Karnataka,True,True
2024-07-19,mysuru,2.0,4900.0,4800.0,5000.0,1,Mysuru,Tomato,Karnataka,True,True
2024-07-20,mysuru,2.0,4900.0,4800.0,5000.0,0,Mysuru,Tomato,Karnataka,False,False
2024-07-21,mysuru,10.0,4400.0,4300.0,4500.0,1,Mysuru,Tomato,Karnataka,True,True
2024-07-22,mysuru,6.0,3400.0,3300.0,3500.0,1,Mysuru,Tomato,Karnataka,True,True
2024-07-23,mysuru,8.0,3100.0,3000.0,3200.0,1,Mysuru,Tomato,Karnataka,True,True
2024-07-24,mysuru,7.0,3394.0,3344.0,3444.0,2,Mysuru,Tomato,Karnataka,True,True
2024-07-25,mysuru,8.0,2487.5,2437.5,2537.5,2,Mysuru,Tomato,Karnataka,True,True
2024-07-26,mysuru,10.0,1900.0,1800.0,2000.0,1,Mysuru,Tomato,Karnataka,True,True
2024-07-27,mysuru,10.0,1900.0,1800.0,2000.0,0,Mysuru,Tomato,Karnataka,False,False
2024-07-28,mysuru,6.0,1500.0,1400.0,1600.0,1,Mysuru,Tomato,Karnataka,True,True
2024-07-29,mysuru,13.0,1383.0,1383.0,1660.0,2,Mysuru,Tomato,Karnataka,True,True
2024-07-30,mysuru,12.0,1580.0,1530.0,1630.0,2,Mysuru,Tomato,Karnataka,True,True
2024-07-31,mysuru,9.0,1391.5,1341.5,1580.0,2,Mysuru,Tomato,Karnataka,True,True
2024-08-01,mysuru,14.0,1400.0,1300.0,1500.0,2,Mysuru,Tomato,Karnataka,True,True
2024-08-02,mysuru,6.0,1400.0,1300.0,1500.0,0,Mysuru,Tomato,Karnataka,True,False
2024-08-03,mysuru,3.0,1383.0,1383.0,1383.0,1,Mysuru,Tomato,Karnataka,True,True
2024-08-04,mysuru,10.0,1300.0,1200.0,1400.0,1,Mysuru,Tomato,Karnataka,True,True
2024-08-05,mysuru,11.0,1391.5,1341.5,1441.5,2,Mysuru,Tomato,Karnataka,True,True
2024-08-06,mysuru,9.0,1200.0,1100.0,1300.0,1,Mysuru,Tomato,Karnataka,True,True
2024-08-07,mysuru,10.0,900.0,800.0,1000.0,1,Mysuru,Tomato,Karnataka,True,True
2024-08-08,mysuru,10.0,800.0,700.0,900.0,1,Mysuru,Tomato,Karnataka,True,True
2024-08-09,mysuru,11.0,800.0,700.0,900.0,1,Mysuru,Tomato,Karnataka,True,True
2024-08-10,mysuru,11.0,800.0,700.0,900.0,0,Mysuru,Tomato,Karnataka,False,False
2024-08-11,mysuru,12.0,1200.0,1100.0,1300.0,1,Mysuru,Tomato,Karnataka,True,True
2024-08-12,mysuru,10.0,1100.0,1000.0,1200.0,1,Mysuru,Tomato,Karnataka,True,True
2024-08-13,mysuru,11.0,1100.0,1000.0,1200.0,0,Mysuru,Tomato,Karnataka,True,False
2024-08-14,mysuru,11.0,1041.5,991.5,1091.5,2,Mysuru,Tomato,Karnataka,True,True
2024-08-15,mysuru,11.0,1041.5,991.5,1091.5,0,Mysuru,Tomato,Karnataka,False,False
2024-08-16,mysuru,12.0,1141.5,1091.5,1191.5,2,Mysuru,Tomato,Karnataka,True,True
2024-08-17,mysuru,2.0,1383.0,1383.0,1383.0,1,Mysuru,Tomato,Karnataka,True,True
2024-08-18,mysuru,13.0,900.0,800.0,1000.0,1,Mysuru,Tomato,Karnataka,True,True
2024-08-19,mysuru,9.0,1141.5,1091.5,1191.5,2,Mysuru,Tomato,Karnataka,True,True
2024-08-20,mysuru,1.0,1383.0,1383.0,1383.0,1,Mysuru,Tomato,Karnataka,True,True
2024-08-21,mysuru,22.0,700.0,600.0,800.0,1,Mysuru,Tomato,Karnataka,True,True
2024-08-22,mysuru,23.0,1141.5,1091.5,1191.5,2,Mysuru,Tomato,Karnataka,True,True
2024-08-23,mysuru,22.0,1391.5,1341.5,1441.5,2,Mysuru,Tomato,Karnataka,True,True
2024-08-24,mysuru,22.0,1391.5,1341.5,1441.5,0,Mysuru,Tomato,Karnataka,False,False
2024-08-25,mysuru,10.0,900.0,800.0,1000.0,1,Mysuru,Tomato,Karnataka,True,True
2024-08-26,mysuru,19.0,1383.0,1383.0,1383.0,3,Mysuru,Tomato,Karnataka,True,True
2024-08-27,mysuru,10.0,1141.5,1091.5,1191.5,2,Mysuru,Tomato,Karnataka,True,True
2024-08-28,mysuru,11.0,1291.5,1241.5,1341.5,2,Mysuru,Tomato,Karnataka,True,True
2024-08-29,mysuru,16.0,1200.0,1100.0,1300.0,3,Mysuru,Tomato,Karnataka,True,True
2024-08-30,mysuru,9.0,900.0,800.0,1000.0,1,Mysuru,Tomato,Karnataka,True,True
2024-08-31,mysuru,3.0,1333.0,1333.0,1333.0,1,Mysuru,Tomato,Karnataka,True,True
2024-09-01,mysuru,10.0,1100.0,1000.0,1200.0,1,Mysuru,Tomato,Karnataka,True,True
2024-09-02,mysuru,10.0,1241.5,1191.5,1291.5,2,Mysuru,Tomato,Karnataka,True,True
2024-09-03,mysuru,11.0,1383.0,1383.0,1383.0,1,Mysuru,Tomato,Karnataka,True,True
2024-09-04,mysuru,8.0,1300.0,1200.0,1400.0,1,Mysuru,Tomato,Karnataka,True,True
2024-09-05,mysuru,11.0,1391.5,1341.5,1441.5,2,Mysuru,Tomato,Karnataka,True,True
2024-09-06,mysuru,21.0,1500.0,1400.0,1600.0,1,Mysuru,Tomato,Karnataka,True,True
2024-09-07,mysuru,21.0,1500.0,1400.0,1600.0,0,Mysuru,Tomato,Karnataka,False,False
2024-09-08,mysuru,17.0,1700.0,1600.0,1800.0,1,Mysuru,Tomato,Karnataka,True,True
2024-09-09,mysuru,24.0,1296.0,1296.0,1296.0,2,Mysuru,Tomato,Karnataka,True,True
2024-09-10,mysuru,20.0,1530.0,1341.5,1580.0,2,Mysuru,Tomato,Karnataka,True,True
2024-09-11,mysuru,27.0,1480.0,1430.0,1530.0,2,Mysuru,Tomato,Karnataka,True,True
2024-09-12,mysuru,19.0,1383.0,1383.0,1400.0,3,Mysuru,Tomato,Karnataka,True,True
2024-09-13,mysuru,18.0,1500.0,1400.0,1600.0,1,Mysuru,Tomato,Karnataka,True,True
2024-09-14,mysuru,18.0,1500.0,1400.0,1600.0,0,Mysuru,Tomato,Karnataka,False,False
2024-09-15,mysuru,18.0,1500.0,1400.0,1600.0,0,Mysuru,Tomato,Karnataka,False,False
2024-09-16,mysuru,13.0,1600.0,1500.0,1700.0,1,Mysuru,Tomato,Karnataka,True,True
2024-09-17,mysuru,18.0,1900.0,1800.0,2000.0,2,Mysuru,Tomato,Karnataka,True,True
2024-09-18,mysuru,22.0,1641.5,1591.5,1691.5,2,Mysuru,Tomato,Karnataka,True,True
2024-09-19,mysuru,22.0,2100.0,2000.0,2200.0,1,Mysuru,Tomato,Karnataka,True,True
2024-09-20,mysuru,21.0,1980.0,1930.0,2030.0,2,Mysuru,Tomato,Karnataka,True,True
2024-09-21,mysuru,1.0,1660.0,1660.0,1660.0,1,Mysuru,Tomato,Karnataka,True,True
2024-09-22,mysuru,20.0,2700.0,2600.0,2800.0,1,Mysuru,Tomato,Karnataka,True,True
2024-09-23,mysuru,21.0,2700.0,2600.0,2800.0,0,Mysuru,Tomato,Karnataka,True,False
2024-09-24,mysuru,35.0,3100.0,3000.0,3200.0,1,Mysuru,Tomato,Karnataka,True,True
2024-09-25,mysuru,13.0,3100.0,3000.0,3200.0,1,Mysuru,Tomato,Karnataka,True,True
2024-09-26,mysuru,20.0,2900.0,2800.0,3000.0,1,Mysuru,Tomato,Karnataka,True,True
2024-09-27,mysuru,20.0,2900.0,2800.0,3000.0,1,Mysuru,Tomato,Karnataka,True,True
2024-09-28,mysuru,20.0,2900.0,2800.0,3000.0,0,Mysuru,Tomato,Karnataka,False,False
2024-09-29,mysuru,20.0,2900.0,2800.0,3000.0,0,Mysuru,Tomato,Karnataka,False,False
2024-09-30,mysuru,20.0,3700.0,3600.0,3800.0,1,Mysuru,Tomato,Karnataka,True,True
2024-10-01,mysuru,16.0,3700.0,3600.0,3800.0,0,Mysuru,Tomato,Karnataka,True,False
2024-10-02,mysuru,16.0,3700.0,3600.0,3800.0,0,Mysuru,Tomato,Karnataka,False,False
2024-10-03,mysuru,1.0,1383.0,1383.0,1383.0,1,Mysuru,Tomato,Karnataka,True,True
2024-10-04,mysuru,13.0,1383.0,1383.0,1383.0,0,Mysuru,Tomato,Karnataka,True,False
2024-10-05,mysuru,13.0,1383.0,1383.0,1383.0,0,Mysuru,Tomato,Karnataka,False,False
2024-10-06,mysuru,16.0,4700.0,4600.0,4800.0,1,Mysuru,Tomato,Karnataka,True,True
2024-10-07,mysuru,13.0,4700.0,4600.0,4800.0,0,Mysuru,Tomato,Karnataka,True,False
2024-10-08,mysuru,9.0,3900.0,3800.0,4000.0,1,Mysuru,Tomato,Karnataka,True,True
2024-10-09,mysuru,8.0,3500.0,3400.0,3600.0,1,Mysuru,Tomato,Karnataka,True,True
2024-10-10,mysuru,14.0,3300.0,3200.0,3400.0,1,Mysuru,Tomato,Karnataka,True,True
2024-10-11,mysuru,14.0,3300.0,3200.0,3400.0,0,Mysuru,Tomato,Karnataka,False,False
2024-10-12,mysuru,14.0,3300.0,3200.0,3400.0,0,Mysuru,Tomato,Karnataka,False,False
2024-10-13,mysuru,,3300.0,3200.0,3400.0,0,Mysuru,Tomato,Karnataka,False,False
2024-10-14,mysuru,13.0,3700.0,3600.0,3800.0,1,Mysuru,Tomato,Karnataka,True,True
2024-10-15,mysuru,20.0,3700.0,3600.0,3800.0,1,Mysuru,Tomato,Karnataka,True,True
2024-10-16,mysuru,20.0,3900.0,3800.0,4000.0,1,Mysuru,Tomato,Karnataka,True,True
2024-10-17,mysuru,10.0,3900.0,3800.0,4000.0,1,Mysuru,Tomato,Karnataka,True,True
2024-10-18,mysuru,5.0,4100.0,4000.0,4200.0,1,Mysuru,Tomato,Karnataka,True,True
2024-10-19,mysuru,5.0,4100.0,4000.0,4200.0,0,Mysuru,Tomato,Karnataka,False,False
2024-10-20,mysuru,21.0,4100.0,4000.0,4200.0,1,Mysuru,Tomato,Karnataka,True,True
2024-10-21,mysuru,16.0,4100.0,4000.0,4200.0,1,Mysuru,Tomato,Karnataka,True,True
2024-10-22,mysuru,14.0,3400.0,3300.0,3500.0,1,Mysuru,Tomato,Karnataka,True,True
2024-10-23,mysuru,13.0,3400.0,3300.0,3500.0,1,Mysuru,Tomato,Karnataka,True,True
2024-10-24,mysuru,17.0,3400.0,3300.0,3500.0,1,Mysuru,Tomato,Karnataka,True,True
2024-10-25,mysuru,16.0,3400.0,3300.0,3500.0,1,Mysuru,Tomato,Karnataka,True,True
2024-10-26,mysuru,16.0,3400.0,3300.0,3500.0,0,Mysuru,Tomato,Karnataka,False,False
2024-10-27,mysuru,16.0,3400.0,3300.0,3500.0,0,Mysuru,Tomato,Karnataka,False,False
2024-10-28,mysuru,4.0,2600.0,2500.0,2700.0,1,Mysuru,Tomato,Karnataka,True,True
2024-10-29,mysuru,16.0,2400.0,2300.0,2500.0,1,Mysuru,Tomato,Karnataka,True,True
2024-10-30,mysuru,13.0,2100.0,2000.0,2200.0,1,Mysuru,Tomato,Karnataka,True,True
2024-10-31,mysuru,13.0,2100.0,2000.0,2200.0,0,Mysuru,Tomato,Karnataka,False,False
2024-11-01,mysuru,13.0,2100.0,2000.0,2200.0,0,Mysuru,Tomato,Karnataka,False,False
2024-11-02,mysuru,,2100.0,2000.0,2200.0,0,Mysuru,Tomato,Karnataka,False,False
2024-11-03,mysuru,,,,,0,Mysuru,Tomato,Karnataka,False,False
2024-11-04,mysuru,13.0,1900.0,1800.0,2000.0,1,Mysuru,Tomato,Karnataka,True,True
2024-11-05,mysuru,19.0,2100.0,2000.0,2200.0,2,Mysuru,Tomato,Karnataka,True,True
2024-11-06,mysuru,14.0,1880.0,1830.0,1930.0,2,Mysuru,Tomato,Karnataka,True,True
2024-11-07,mysuru,15.0,1830.0,1780.0,1880.0,2,Mysuru,Tomato,Karnataka,True,True
2024-11-08,mysuru,16.0,1641.5,1591.5,1830.0,2,Mysuru,Tomato,Karnataka,True,True
2024-11-09,mysuru,16.0,1641.5,1591.5,1830.0,0,Mysuru,Tomato,Karnataka,False,False
2024-11-10,mysuru,18.0,1500.0,1400.0,1600.0,1,Mysuru,Tomato,Karnataka,True,True
2024-11-11,mysuru,16.0,1383.0,1383.0,1383.0,2,Mysuru,Tomato,Karnataka,True,True
2024-11-12,mysuru,20.0,1291.5,1241.5,1341.5,2,Mysuru,Tomato,Karnataka,True,True
2024-11-13,mysuru,15.0,1530.0,1480.0,1580.0,2,Mysuru,Tomato,Karnataka,True,True
2024-11-14,mysuru,22.0,1391.5,1169.0,1441.5,2,Mysuru,Tomato,Karnataka,True,True
2024-11-15,mysuru,2.0,1383.0,1383.0,1383.0,1,Mysuru,Tomato,Karnataka,True,True
2024-11-16,mysuru,2.0,1383.0,1383.0,1383.0,1,Mysuru,Tomato,Karnataka,True,True
2024-11-17,mysuru,2.0,1383.0,1383.0,1383.0,0,Mysuru,Tomato,Karnataka,False,False
2024-11-18,mysuru,2.0,1383.0,1383.0,1383.0,0,Mysuru,Tomato,Karnataka,False,False
2024-11-19,mysuru,14.0,1617.0,1485.0,1733.0,2,Mysuru,Tomato,Karnataka,True,True
2024-11-20,mysuru,13.0,1741.5,1691.5,1791.5,2,Mysuru,Tomato,Karnataka,True,True
2024-11-21,mysuru,20.0,1841.5,1791.5,1891.5,2,Mysuru,Tomato,Karnataka,True,True
2024-11-22,mysuru,20.0,1841.5,1791.5,1891.5,0,Mysuru,Tomato,Karnataka,False,False
2024-11-23,mysuru,20.0,1841.5,1791.5,1891.5,0,Mysuru,Tomato,Karnataka,False,False
2024-11-24,mysuru,,1841.5,1791.5,1891.5,0,Mysuru,Tomato,Karnataka,False,False
2024-11-25,mysuru,,,,,0,Mysuru,Tomato,Karnataka,False,False
2024-11-26,mysuru,,,,,0,Mysuru,Tomato,Karnataka,False,False
2024-11-27,mysuru,,,,,0,Mysuru,Tomato,Karnataka,False,False
2024-11-28,mysuru,,,,,0,Mysuru,Tomato,Karnataka,False,False
2024-11-29,mysuru,,,,,0,Mysuru,Tomato,Karnataka,False,False
2024-11-30,mysuru,,,,,0,Mysuru,Tomato,Karnataka,False,False
2024-12-01,mysuru,,,,,0,Mysuru,Tomato,Karnataka,False,False
2024-12-02,mysuru,13.0,3100.0,3000.0,3200.0,1,Mysuru,Tomato,Karnataka,True,True
2024-12-03,mysuru,20.0,3900.0,3800.0,4000.0,1,Mysuru,Tomato,Karnataka,True,True
2024-12-04,mysuru,20.0,3900.0,3800.0,4000.0,0,Mysuru,Tomato,Karnataka,False,False
2024-12-05,mysuru,8.0,3700.0,3600.0,3800.0,1,Mysuru,Tomato,Karnataka,True,True
2024-12-06,mysuru,20.0,3900.0,3800.0,4000.0,1,Mysuru,Tomato,Karnataka,True,True
2024-12-07,mysuru,9.0,1851.0,1666.0,2083.0,1,Mysuru,Tomato,Karnataka,True,True
2024-12-08,mysuru,9.0,1851.0,1666.0,2083.0,0,Mysuru,Tomato,Karnataka,False,False
2024-12-09,mysuru,13.0,2777.0,2564.0,3030.0,1,Mysuru,Tomato,Karnataka,True,True
2024-12-10,mysuru,13.0,2777.0,2564.0,3030.0,0,Mysuru,Tomato,Karnataka,False,False
2024-12-11,mysuru,13.0,2777.0,2564.0,3030.0,0,Mysuru,Tomato,Karnataka,False,False
2024-12-12,mysuru,,2777.0,2564.0,3030.0,0,Mysuru,Tomato,Karnataka,False,False
2024-12-13,mysuru,,,,,0,Mysuru,Tomato,Karnataka,False,False
2024-12-14,mysuru,,,,,0,Mysuru,Tomato,Karnataka,False,False
2024-12-15,mysuru,,,,,0,Mysuru,Tomato,Karnataka,False,False
2024-12-16,mysuru,24.0,1388.0,1388.0,1515.0,1,Mysuru,Tomato,Karnataka,True,True
2024-12-17,mysuru,26.0,2380.0,2083.0,2777.0,1,Mysuru,Tomato,Karnataka,True,True
2024-12-18,mysuru,24.0,1940.0,1741.5,2188.5,2,Mysuru,Tomato,Karnataka,True,True
2024-12-19,mysuru,24.0,1940.0,1741.5,2188.5,0,Mysuru,Tomato,Karnataka,False,False
2024-12-20,mysuru,21.0,1607.5,1557.5,1693.5,2,Mysuru,Tomato,Karnataka,True,True
2024-12-21,mysuru,21.0,1607.5,1557.5,1693.5,0,Mysuru,Tomato,Karnataka,False,False
2024-12-22,mysuru,21.0,1607.5,1557.5,1693.5,0,Mysuru,Tomato,Karnataka,False,False
2024-12-23,mysuru,,1607.5,1557.5,1693.5,0,Mysuru,Tomato,Karnataka,False,False
2024-12-24,mysuru,,,,,0,Mysuru,Tomato,Karnataka,False,False
2024-12-25,mysuru,,,,,0,Mysuru,Tomato,Karnataka,False,False
2024-12-26,mysuru,,,,,0,Mysuru,Tomato,Karnataka,False,False
2024-12-27,mysuru,13.0,1400.0,1300.0,1500.0,1,Mysuru,Tomato,Karnataka,True,True
2024-12-28,mysuru,13.0,1400.0,1300.0,1500.0,0,Mysuru,Tomato,Karnataka,False,False
2024-12-29,mysuru,18.0,1400.0,1300.0,1500.0,1,Mysuru,Tomato,Karnataka,True,True
2024-12-30,mysuru,9.0,1400.0,1300.0,1500.0,1,Mysuru,Tomato,Karnataka,True,True
2024-12-31,mysuru,10.0,1200.0,1100.0,1300.0,1,Mysuru,Tomato,Karnataka,True,True
2025-01-01,mysuru,10.0,1200.0,1100.0,1300.0,0,Mysuru,Tomato,Karnataka,False,False
2025-01-02,mysuru,14.0,1291.5,1241.5,1341.5,2,Mysuru,Tomato,Karnataka,True,True
2025-01-03,mysuru,18.0,1383.0,1383.0,1383.0,3,Mysuru,Tomato,Karnataka,True,True
2025-01-04,mysuru,6.0,1383.0,1383.0,1383.0,1,Mysuru,Tomato,Karnataka,True,True
2025-01-05,mysuru,6.0,1383.0,1383.0,1383.0,0,Mysuru,Tomato,Karnataka,False,False
2025-01-06,mysuru,30.0,1333.0,1207.5,1427.0,2,Mysuru,Tomato,Karnataka,True,True
2025-01-07,mysuru,9.0,1200.0,1100.0,1300.0,2,Mysuru,Tomato,Karnataka,True,True
2025-01-08,mysuru,14.0,1100.0,1000.0,1200.0,1,Mysuru,Tomato,Karnataka,True,True
2025-01-09,mysuru,30.0,1300.0,1200.0,1383.0,3,Mysuru,Tomato,Karnataka,True,True
2025-01-10,mysuru,15.0,1111.0,1010.0,1190.0,1,Mysuru,Tomato,Karnataka,True,True
2025-01-11,mysuru,15.0,1111.0,1010.0,1190.0,0,Mysuru,Tomato,Karnataka,False,False
2025-01-12,mysuru,15.0,1111.0,1010.0,1190.0,0,Mysuru,Tomato,Karnataka,False,False
2025-01-13,mysuru,20.0,1332.5,1309.0,1358.0,2,Mysuru,Tomato,Karnataka,True,True
2025-01-14,mysuru,20.0,1332.5,1309.0,1358.0,0,Mysuru,Tomato,Karnataka,False,False
2025-01-15,mysuru,43.0,1100.0,1000.0,1200.0,3,Mysuru,Tomato,Karnataka,True,True
2025-01-16,mysuru,15.0,1341.5,1291.5,1391.5,2,Mysuru,Tomato,Karnataka,True,True
2025-01-17,mysuru,2.0,1383.0,1383.0,1383.0,1,Mysuru,Tomato,Karnataka,True,True
2025-01-18,mysuru,13.0,1282.0,1041.0,1515.0,1,Mysuru,Tomato,Karnataka,True,True
2025-01-19,mysuru,13.0,1100.0,1000.0,1200.0,1,Mysuru,Tomato,Karnataka,True,True
2025-01-20,mysuru,12.0,1383.0,1383.0,1383.0,1,Mysuru,Tomato,Karnataka,True,True
2025-01-21,mysuru,3.0,1383.0,1383.0,1383.0,0,Mysuru,Tomato,Karnataka,True,False
2025-01-22,mysuru,11.0,1383.0,1383.0,1383.0,2,Mysuru,Tomato,Karnataka,True,True
2025-01-23,mysuru,11.0,1341.5,1291.5,1391.5,2,Mysuru,Tomato,Karnataka,True,True
2025-01-24,mysuru,15.0,1341.5,1291.5,1391.5,2,Mysuru,Tomato,Karnataka,True,True
2025-01-25,mysuru,15.0,1341.5,1291.5,1391.5,0,Mysuru,Tomato,Karnataka,False,False
2025-01-26,mysuru,15.0,1341.5,1291.5,1391.5,0,Mysuru,Tomato,Karnataka,False,False
2025-01-27,mysuru,14.0,1341.5,1291.5,1391.5,2,Mysuru,Tomato,Karnataka,True,True
2025-01-28,mysuru,12.0,1241.5,1191.5,1291.5,2,Mysuru,Tomato,Karnataka,True,True
2025-01-29,mysuru,11.0,1341.5,1291.5,1391.5,2,Mysuru,Tomato,Karnataka,True,True
2025-01-30,mysuru,11.0,1441.5,1391.5,1491.5,2,Mysuru,Tomato,Karnataka,True,True
2025-01-31,mysuru,11.0,1541.5,1491.5,1591.5,2,Mysuru,Tomato,Karnataka,True,True
2025-02-01,mysuru,3.0,1383.0,1383.0,1383.0,1,Mysuru,Tomato,Karnataka,True,True
2025-02-02,mysuru,3.0,1383.0,1383.0,1383.0,0,Mysuru,Tomato,Karnataka,False,False
2025-02-03,mysuru,12.0,1383.0,1383.0,1383.0,2,Mysuru,Tomato,Karnataka,True,True
2025-02-04,mysuru,12.0,1400.0,1300.0,1500.0,1,Mysuru,Tomato,Karnataka,True,True
2025-02-05,mysuru,11.0,1391.5,1341.5,1441.5,2,Mysuru,Tomato,Karnataka,True,True
2025-02-06,mysuru,13.0,1400.0,1300.0,1500.0,2,Mysuru,Tomato,Karnataka,True,True
2025-02-07,mysuru,10.0,1500.0,1400.0,1600.0,1,Mysuru,Tomato,Karnataka,True,True
2025-02-08,mysuru,10.0,1500.0,1400.0,1600.0,0,Mysuru,Tomato,Karnataka,False,False
2025-02-09,mysuru,10.0,1500.0,1400.0,1600.0,0,Mysuru,Tomato,Karnataka,False,False
2025-02-10,mysuru,15.0,1383.0,1383.0,1383.0,1,Mysuru,Tomato,Karnataka,True,True
2025-02-11,mysuru,13.0,1383.0,1383.0,1383.0,1,Mysuru,Tomato,Karnataka,True,True
2025-02-12,mysuru,12.0,1391.5,1341.5,1441.5,2,Mysuru,Tomato,Karnataka,True,True
2025-02-13,mysuru,13.0,1291.5,1241.5,1341.5,2,Mysuru,Tomato,Karnataka,True,True
2025-02-14,mysuru,17.0,1383.0,1383.0,1383.0,1,Mysuru,Tomato,Karnataka,True,True
2025-02-15,mysuru,4.0,1383.0,1383.0,1383.0,1,Mysuru,Tomato,Karnataka,True,True
2025-02-16,mysuru,11.0,1200.0,1100.0,1300.0,1,Mysuru,Tomato,Karnataka,True,True
2025-02-17,mysuru,18.0,1200.0,1100.0,1300.0,3,Mysuru,Tomato,Karnataka,True,True
2025-02-18,mysuru,12.0,1341.5,1291.5,1391.5,2,Mysuru,Tomato,Karnataka,True,True
2025-02-19,mysuru,19.0,1383.0,1383.0,1383.0,3,Mysuru,Tomato,Karnataka,True,True
2025-02-20,mysuru,13.0,1141.5,1091.5,1191.5,2,Mysuru,Tomato,Karnataka,True,True
2025-02-21,mysuru,15.0,1383.0,1383.0,1383.0,1,Mysuru,Tomato,Karnataka,True,True
2025-02-22,mysuru,15.0,1383.0,1383.0,1383.0,0,Mysuru,Tomato,Karnataka,False,False
2025-02-23,mysuru,29.0,700.0,600.0,800.0,1,Mysuru,Tomato,Karnataka,True,True
2025-02-24,mysuru,61.0,1106.0,1000.0,1350.0,3,Mysuru,Tomato,Karnataka,True,True
2025-02-25,mysuru,48.0,1178.0,1053.0,1341.5,2,Mysuru,Tomato,Karnataka,True,True
2025-02-26,mysuru,19.0,700.0,600.0,800.0,1,Mysuru,Tomato,Karnataka,True,True
2025-02-27,mysuru,34.0,1175.0,1049.0,1257.5,2,Mysuru,Tomato,Karnataka,True,True
2025-02-28,mysuru,22.0,1141.5,1091.5,1191.5,2,Mysuru,Tomato,Karnataka,True,True
2025-03-01,mysuru,6.0,1973.5,1881.5,2080.0,2,Mysuru,Tomato,Karnataka,True,True
2025-03-02,mysuru,6.0,1973.5,1881.5,2080.0,0,Mysuru,Tomato,Karnataka,False,False
2025-03-03,mysuru,6.0,1973.5,1881.5,2080.0,0,Mysuru,Tomato,Karnataka,False,False
2025-03-04,mysuru,,1973.5,1881.5,2080.0,0,Mysuru,Tomato,Karnataka,False,False
2025-03-05,mysuru,,,,,0,Mysuru,Tomato,Karnataka,False,False
2025-03-06,mysuru,,,,,0,Mysuru,Tomato,Karnataka,False,False
2025-03-07,mysuru,,,,,0,Mysuru,Tomato,Karnataka,False,False
2025-03-08,mysuru,,,,,0,Mysuru,Tomato,Karnataka,False,False
2025-03-09,mysuru,,,,,0,Mysuru,Tomato,Karnataka,False,False
2025-03-10,mysuru,,,,,0,Mysuru,Tomato,Karnataka,False,False
2025-03-11,mysuru,,,,,0,Mysuru,Tomato,Karnataka,False,False
2025-03-12,mysuru,,,,,0,Mysuru,Tomato,Karnataka,False,False
2025-03-13,mysuru,9.0,500.0,400.0,600.0,1,Mysuru,Tomato,Karnataka,True,True
2025-03-14,mysuru,10.0,500.0,400.0,600.0,1,Mysuru,Tomato,Karnataka,True,True
2025-03-15,mysuru,10.0,500.0,400.0,600.0,0,Mysuru,Tomato,Karnataka,False,False
2025-03-16,mysuru,10.0,500.0,400.0,600.0,0,Mysuru,Tomato,Karnataka,False,False
2025-03-17,mysuru,10.0,500.0,400.0,600.0,1,Mysuru,Tomato,Karnataka,True,True
2025-03-18,mysuru,9.0,700.0,600.0,800.0,1,Mysuru,Tomato,Karnataka,True,True
2025-03-19,mysuru,8.0,700.0,600.0,800.0,1,Mysuru,Tomato,Karnataka,True,True
2025-03-20,mysuru,7.0,600.0,500.0,700.0,1,Mysuru,Tomato,Karnataka,True,True
2025-03-21,mysuru,7.0,600.0,500.0,700.0,1,Mysuru,Tomato,Karnataka,True,True
2025-03-22,mysuru,7.0,600.0,500.0,700.0,0,Mysuru,Tomato,Karnataka,False,False
2025-03-23,mysuru,7.0,600.0,500.0,700.0,0,Mysuru,Tomato,Karnataka,False,False
2025-03-24,mysuru,19.0,600.0,500.0,700.0,1,Mysuru,Tomato,Karnataka,True,True
2025-03-25,mysuru,19.0,600.0,500.0,700.0,0,Mysuru,Tomato,Karnataka,False,False
2025-03-26,mysuru,19.0,600.0,500.0,700.0,0,Mysuru,Tomato,Karnataka,False,False
2025-03-27,mysuru,,600.0,500.0,700.0,0,Mysuru,Tomato,Karnataka,False,False
2025-03-28,mysuru,17.0,700.0,600.0,800.0,1,Mysuru,Tomato,Karnataka,True,True
2025-03-29,mysuru,17.0,700.0,600.0,800.0,0,Mysuru,Tomato,Karnataka,False,False
2025-03-30,mysuru,17.0,700.0,600.0,800.0,0,Mysuru,Tomato,Karnataka,False,False
2025-03-31,mysuru,,700.0,600.0,800.0,0,Mysuru,Tomato,Karnataka,False,False
2025-04-01,mysuru,,,,,0,Mysuru,Tomato,Karnataka,False,False
2025-04-02,mysuru,,,,,0,Mysuru,Tomato,Karnataka,False,False
2025-04-03,mysuru,7.0,600.0,500.0,700.0,1,Mysuru,Tomato,Karnataka,True,True
2025-04-04,mysuru,7.0,600.0,500.0,700.0,1,Mysuru,Tomato,Karnataka,True,True
2025-04-05,mysuru,7.0,600.0,500.0,700.0,0,Mysuru,Tomato,Karnataka,False,False
2025-04-06,mysuru,20.0,700.0,600.0,800.0,1,Mysuru,Tomato,Karnataka,True,True
2025-04-07,mysuru,20.0,700.0,600.0,800.0,1,Mysuru,Tomato,Karnataka,True,True
2025-04-08,mysuru,19.0,1100.0,1000.0,1200.0,1,Mysuru,Tomato,Karnataka,True,True
2025-04-09,mysuru,19.0,1100.0,1000.0,1200.0,0,Mysuru,Tomato,Karnataka,False,False
2025-04-10,mysuru,20.0,1000.0,900.0,1100.0,1,Mysuru,Tomato,Karnataka,True,True
2025-04-11,mysuru,19.0,1000.0,900.0,1100.0,1,Mysuru,Tomato,Karnataka,True,True
2025-04-12,mysuru,19.0,1000.0,900.0,1100.0,0,Mysuru,Tomato,Karnataka,False,False
2025-04-13,mysuru,19.0,1000.0,900.0,1100.0,0,Mysuru,Tomato,Karnataka,False,False
2025-04-14,mysuru,20.0,800.0,700.0,900.0,1,Mysuru,Tomato,Karnataka,True,True
2025-04-15,mysuru,14.0,800.0,700.0,900.0,1,Mysuru,Tomato,Karnataka,True,True
2025-04-16,mysuru,14.0,800.0,700.0,900.0,0,Mysuru,Tomato,Karnataka,False,False
2025-04-17,mysuru,14.0,800.0,700.0,900.0,0,Mysuru,Tomato,Karnataka,False,False
2025-04-18,mysuru,19.0,900.0,800.0,1000.0,1,Mysuru,Tomato,Karnataka,True,True
2025-04-19,mysuru,6.0,2083.0,1666.0,2222.0,1,Mysuru,Tomato,Karnataka,True,True
2025-04-20,mysuru,20.0,900.0,800.0,1000.0,1,Mysuru,Tomato,Karnataka,True,True
2025-04-21,mysuru,20.0,900.0,800.0,1000.0,1,Mysuru,Tomato,Karnataka,True,True
2025-04-22,mysuru,13.0,900.0,800.0,1000.0,1,Mysuru,Tomato,Karnataka,True,True
2025-04-23,mysuru,7.0,2083.0,1666.0,2222.0,1,Mysuru,Tomato,Karnataka,True,True
2025-04-24,mysuru,27.0,1100.0,1000.0,1200.0,2,Mysuru,Tomato,Karnataka,True,True
2025-04-25,mysuru,20.0,1300.0,1200.0,1400.0,1,Mysuru,Tomato,Karnataka,True,True
2025-04-26,mysuru,20.0,1300.0,1200.0,1400.0,0,Mysuru,Tomato,Karnataka,False,False
2025-04-27,mysuru,20.0,1300.0,1200.0,1400.0,0,Mysuru,Tomato,Karnataka,False,False
2025-04-28,mysuru,,1300.0,1200.0,1400.0,0,Mysuru,Tomato,Karnataka,False,False
2025-04-29,mysuru,,,,,0,Mysuru,Tomato,Karnataka,False,False
2025-04-30,mysuru,,,,,0,Mysuru,Tomato,Karnataka,False,False
2025-05-01,mysuru,18.0,1000.0,900.0,1100.0,1,Mysuru,Tomato,Karnataka,True,True
2025-05-02,mysuru,12.0,1100.0,1000.0,1200.0,1,Mysuru,Tomato,Karnataka,True,True
2025-05-03,mysuru,8.0,1851.0,1666.0,2222.0,1,Mysuru,Tomato,Karnataka,True,True
2025-05-04,mysuru,8.0,1851.0,1666.0,2222.0,0,Mysuru,Tomato,Karnataka,False,False
2025-05-05,mysuru,8.0,1851.0,1666.0,2222.0,0,Mysuru,Tomato,Karnataka,False,False
2025-05-06,mysuru,13.0,800.0,700.0,900.0,1,Mysuru,Tomato,Karnataka,True,True
2025-05-07,mysuru,13.0,800.0,700.0,900.0,1,Mysuru,Tomato,Karnataka,True,True
2025-05-08,mysuru,13.0,800.0,700.0,900.0,0,Mysuru,Tomato,Karnataka,False,False
2025-05-09,mysuru,22.0,800.0,700.0,900.0,1,Mysuru,Tomato,Karnataka,True,True
2025-05-10,mysuru,22.0,800.0,700.0,900.0,0,Mysuru,Tomato,Karnataka,False,False
2025-05-11,mysuru,22.0,1100.0,1000.0,1200.0,1,Mysuru,Tomato,Karnataka,True,True
2025-05-12,mysuru,17.0,1100.0,1000.0,1200.0,1,Mysuru,Tomato,Karnataka,True,True
2025-05-13,mysuru,17.0,1100.0,1000.0,1200.0,0,Mysuru,Tomato,Karnataka,False,False
2025-05-14,mysuru,17.0,1100.0,1000.0,1200.0,0,Mysuru,Tomato,Karnataka,False,False
2025-05-15,mysuru,,1100.0,1000.0,1200.0,0,Mysuru,Tomato,Karnataka,False,False
2025-05-16,mysuru,18.0,1100.0,1000.0,1200.0,1,Mysuru,Tomato,Karnataka,True,True
2025-05-17,mysuru,18.0,1100.0,1000.0,1200.0,0,Mysuru,Tomato,Karnataka,False,False
2025-05-18,mysuru,18.0,1100.0,1000.0,1200.0,0,Mysuru,Tomato,Karnataka,False,False
2025-05-19,mysuru,,1100.0,1000.0,1200.0,0,Mysuru,Tomato,Karnataka,False,False
2025-05-20,mysuru,,,,,0,Mysuru,Tomato,Karnataka,False,False
2025-05-21,mysuru,7.0,1100.0,1000.0,1200.0,1,Mysuru,Tomato,Karnataka,True,True
2025-05-22,mysuru,7.0,1100.0,1000.0,1200.0,0,Mysuru,Tomato,Karnataka,False,False
2025-05-23,mysuru,14.0,1100.0,1000.0,1200.0,1,Mysuru,Tomato,Karnataka,True,True
2025-05-24,mysuru,14.0,1100.0,1000.0,1200.0,0,Mysuru,Tomato,Karnataka,False,False
2025-05-25,mysuru,19.0,900.0,800.0,1000.0,1,Mysuru,Tomato,Karnataka,True,True
2025-05-26,mysuru,11.0,900.0,800.0,1000.0,1,Mysuru,Tomato,Karnataka,True,True
2025-05-27,mysuru,18.0,1000.0,900.0,1100.0,1,Mysuru,Tomato,Karnataka,True,True
2025-05-28,mysuru,18.0,1000.0,900.0,1100.0,0,Mysuru,Tomato,Karnataka,False,False
2025-05-29,mysuru,20.0,1200.0,1100.0,1300.0,1,Mysuru,Tomato,Karnataka,True,True
2025-05-30,mysuru,13.0,1100.0,1000.0,1200.0,1,Mysuru,Tomato,Karnataka,True,True
2025-05-31,mysuru,13.0,1100.0,1000.0,1200.0,0,Mysuru,Tomato,Karnataka,False,False
2025-06-01,mysuru,14.0,1100.0,1000.0,1200.0,1,Mysuru,Tomato,Karnataka,True,True
2025-06-02,mysuru,14.0,1100.0,1000.0,1200.0,0,Mysuru,Tomato,Karnataka,True,False
2025-06-03,mysuru,14.0,1100.0,1000.0,1200.0,0,Mysuru,Tomato,Karnataka,False,False
2025-06-04,mysuru,9.0,1200.0,1100.0,1300.0,1,Mysuru,Tomato,Karnataka,True,True
2025-06-05,mysuru,14.0,1500.0,1400.0,1600.0,1,Mysuru,Tomato,Karnataka,True,True
2025-06-06,mysuru,9.0,1500.0,1400.0,1600.0,0,Mysuru,Tomato,Karnataka,True,False
2025-06-07,mysuru,9.0,1500.0,1400.0,1600.0,0,Mysuru,Tomato,Karnataka,False,False
2025-06-08,mysuru,14.0,1100.0,1000.0,1200.0,1,Mysuru,Tomato,Karnataka,True,True
2025-06-09,mysuru,11.0,1100.0,1000.0,1200.0,1,Mysuru,Tomato,Karnataka,True,True
2025-06-10,mysuru,13.0,1300.0,1200.0,1400.0,1,Mysuru,Tomato,Karnataka,True,True
2025-06-11,mysuru,12.0,1600.0,1500.0,1700.0,1,Mysuru,Tomato,Karnataka,True,True
2025-06-12,mysuru,12.0,1600.0,1500.0,1700.0,0,Mysuru,Tomato,Karnataka,False,False
2025-06-13,mysuru,12.0,1600.0,1500.0,1700.0,0,Mysuru,Tomato,Karnataka,False,False
2025-06-14,mysuru,,1600.0,1500.0,1700.0,0,Mysuru,Tomato,Karnataka,False,False
2025-06-15,mysuru,,,,,0,Mysuru,Tomato,Karnataka,False,False
2025-06-16,mysuru,,,,,0,Mysuru,Tomato,Karnataka,False,False
2025-06-17,mysuru,,,,,0,Mysuru,Tomato,Karnataka,False,False
2025-06-18,mysuru,20.0,1200.0,1100.0,1300.0,1,Mysuru,Tomato,Karnataka,True,True
2025-06-19,mysuru,13.0,1200.0,1100.0,1300.0,1,Mysuru,Tomato,Karnataka,True,True
2025-06-20,mysuru,13.0,1200.0,1100.0,1300.0,0,Mysuru,Tomato,Karnataka,False,False
2025-06-21,mysuru,13.0,1200.0,1100.0,1300.0,0,Mysuru,Tomato,Karnataka,False,False
2025-06-22,mysuru,19.0,1400.0,1300.0,1500.0,1,Mysuru,Tomato,Karnataka,True,True
2025-06-23,mysuru,13.0,1500.0,1400.0,1600.0,1,Mysuru,Tomato,Karnataka,True,True
2025-06-24,mysuru,13.0,1500.0,1400.0,1600.0,0,Mysuru,Tomato,Karnataka,False,False
2025-06-25,mysuru,13.0,1700.0,1600.0,1800.0,1,Mysuru,Tomato,Karnataka,True,True
2025-06-26,mysuru,14.0,2000.0,1900.0,2100.0,1,Mysuru,Tomato,Karnataka,True,True
2025-06-27,mysuru,13.0,1700.0,1600.0,1800.0,1,Mysuru,Tomato,Karnataka,True,True
2025-06-28,mysuru,13.0,1700.0,1600.0,1800.0,0,Mysuru,Tomato,Karnataka,False,False
2025-06-29,mysuru,13.0,1700.0,1600.0,1800.0,0,Mysuru,Tomato,Karnataka,False,False
2025-06-30,mysuru,12.0,1600.0,1500.0,1700.0,1,Mysuru,Tomato,Karnataka,True,True
2025-07-01,mysuru,14.0,1900.0,1800.0,2000.0,1,Mysuru,Tomato,Karnataka,True,True
2025-07-02,mysuru,14.0,2200.0,2100.0,2300.0,1,Mysuru,Tomato,Karnataka,False,True
2025-07-03,mysuru,17.0,2700.0,2600.0,2800.0,1,Mysuru,Tomato,Karnataka,True,True
2025-07-04,mysuru,7.0,2500.0,2400.0,2600.0,1,Mysuru,Tomato,Karnataka,True,True
2025-07-05,mysuru,7.0,2500.0,2400.0,2600.0,0,Mysuru,Tomato,Karnataka,False,False
2025-07-06,mysuru,7.0,2500.0,2400.0,2600.0,0,Mysuru,Tomato,Karnataka,False,False
2025-07-07,mysuru,17.0,2100.0,2000.0,2200.0,1,Mysuru,Tomato,Karnataka,True,True
2025-07-08,mysuru,4.0,2100.0,2000.0,2200.0,1,Mysuru,Tomato,Karnataka,True,True
2025-07-09,mysuru,17.0,2100.0,2000.0,2200.0,1,Mysuru,Tomato,Karnataka,True,True
2025-07-10,mysuru,14.0,2000.0,1900.0,2100.0,1,Mysuru,Tomato,Karnataka,True,True
2025-07-11,mysuru,20.0,2000.0,1900.0,2100.0,0,Mysuru,Tomato,Karnataka,True,False
2025-07-12,mysuru,20.0,2000.0,1900.0,2100.0,0,Mysuru,Tomato,Karnataka,False,False
2025-07-13,mysuru,14.0,1700.0,1600.0,1800.0,1,Mysuru,Tomato,Karnataka,True,True
2025-07-14,mysuru,14.0,1700.0,1600.0,1800.0,1,Mysuru,Tomato,Karnataka,True,True
2025-07-15,mysuru,14.0,1700.0,1600.0,1800.0,1,Mysuru,Tomato,Karnataka,True,True
2025-07-16,mysuru,14.0,1500.0,1400.0,1600.0,1,Mysuru,Tomato,Karnataka,True,True
2025-07-17,mysuru,14.0,1500.0,1400.0,1600.0,0,Mysuru,Tomato,Karnataka,False,False
2025-07-18,mysuru,13.0,1500.0,1400.0,1600.0,0,Mysuru,Tomato,Karnataka,True,False
2025-07-19,mysuru,13.0,1500.0,1400.0,1600.0,0,Mysuru,Tomato,Karnataka,False,False
2025-07-20,mysuru,13.0,,,,0,Mysuru,Tomato,Karnataka,False,False
2025-07-21,mysuru,,,,,0,Mysuru,Tomato,Karnataka,False,False
2025-07-22,mysuru,,,,,0,Mysuru,Tomato,Karnataka,False,False
2025-07-23,mysuru,,,,,0,Mysuru,Tomato,Karnataka,False,False
2025-07-24,mysuru,,,,,0,Mysuru,Tomato,Karnataka,False,False
2025-07-25,mysuru,13.0,2700.0,2600.0,2800.0,1,Mysuru,Tomato,Karnataka,True,True
2025-07-26,mysuru,13.0,2700.0,2600.0,2800.0,0,Mysuru,Tomato,Karnataka,False,False
2025-07-27,mysuru,14.0,2700.0,2600.0,2800.0,1,Mysuru,Tomato,Karnataka,True,True
2025-07-28,mysuru,14.0,2700.0,2600.0,2800.0,0,Mysuru,Tomato,Karnataka,False,False
2025-07-29,mysuru,13.0,2700.0,2600.0,2800.0,1,Mysuru,Tomato,Karnataka,True,True
2025-07-30,mysuru,13.0,2700.0,2600.0,2800.0,0,Mysuru,Tomato,Karnataka,False,False
2025-07-31,mysuru,13.0,2700.0,2600.0,2800.0,0,Mysuru,Tomato,Karnataka,False,False
2025-08-01,mysuru,14.0,2600.0,2500.0,2700.0,1,Mysuru,Tomato,Karnataka,True,True
2025-08-02,mysuru,14.0,2600.0,2500.0,2700.0,0,Mysuru,Tomato,Karnataka,False,False
2025-08-03,mysuru,14.0,2600.0,2500.0,2700.0,0,Mysuru,Tomato,Karnataka,False,False
2025-08-04,mysuru,19.0,2400.0,2300.0,2500.0,1,Mysuru,Tomato,Karnataka,True,True
2025-08-05,mysuru,19.0,2400.0,2300.0,2500.0,0,Mysuru,Tomato,Karnataka,False,False
2025-08-06,mysuru,19.0,2400.0,2300.0,2500.0,0,Mysuru,Tomato,Karnataka,False,False
2025-08-07,mysuru,,2400.0,2300.0,2500.0,0,Mysuru,Tomato,Karnataka,False,False
2025-08-08,mysuru,17.0,2300.0,2200.0,2400.0,1,Mysuru,Tomato,Karnataka,True,True
2025-08-09,mysuru,17.0,2300.0,2200.0,2400.0,0,Mysuru,Tomato,Karnataka,False,False
2025-08-10,mysuru,17.0,2300.0,2200.0,2400.0,0,Mysuru,Tomato,Karnataka,False,False
2025-08-11,mysuru,14.0,2100.0,2000.0,2200.0,1,Mysuru,Tomato,Karnataka,True,True
2025-08-12,mysuru,13.0,2100.0,2000.0,2200.0,1,Mysuru,Tomato,Karnataka,True,True
2025-08-13,mysuru,13.0,2100.0,2000.0,2200.0,0,Mysuru,Tomato,Karnataka,False,False
2025-08-14,mysuru,13.0,2100.0,2000.0,2200.0,0,Mysuru,Tomato,Karnataka,False,False
2025-08-15,mysuru,,2100.0,2000.0,2200.0,0,Mysuru,Tomato,Karnataka,False,False
2025-08-16,mysuru,,,,,0,Mysuru,Tomato,Karnataka,False,False
2025-08-17,mysuru,,,,,0,Mysuru,Tomato,Karnataka,False,False
2025-08-18,mysuru,11.0,2500.0,2400.0,2600.0,1,Mysuru,Tomato,Karnataka,True,True
2025-08-19,mysuru,11.0,2500.0,2400.0,2600.0,0,Mysuru,Tomato,Karnataka,False,False
2025-08-20,mysuru,11.0,3100.0,3000.0,3200.0,1,Mysuru,Tomato,Karnataka,True,True
2025-08-21,mysuru,13.0,3700.0,3600.0,3800.0,1,Mysuru,Tomato,Karnataka,True,True
2025-08-22,mysuru,17.0,3700.0,3600.0,3800.0,1,Mysuru,Tomato,Karnataka,True,True
2025-08-23,mysuru,17.0,3700.0,3600.0,3800.0,0,Mysuru,Tomato,Karnataka,False,False
2025-08-24,mysuru,11.0,3400.0,3300.0,3500.0,1,Mysuru,Tomato,Karnataka,True,True
2025-08-25,mysuru,19.0,3200.0,3100.0,3300.0,1,Mysuru,Tomato,Karnataka,True,True
2025-08-26,mysuru,19.0,3200.0,3100.0,3300.0,0,Mysuru,Tomato,Karnataka,False,False
2025-08-27,mysuru,19.0,3200.0,3100.0,3300.0,0,Mysuru,Tomato,Karnataka,False,False
2025-08-28,mysuru,13.0,3300.0,3200.0,3400.0,1,Mysuru,Tomato,Karnataka,True,True
2025-08-29,mysuru,14.0,2400.0,2300.0,2500.0,1,Mysuru,Tomato,Karnataka,True,True
2025-08-30,mysuru,14.0,2400.0,2300.0,2500.0,0,Mysuru,Tomato,Karnataka,False,False
2025-08-31,mysuru,14.0,2400.0,2300.0,2500.0,0,Mysuru,Tomato,Karnataka,False,False
2025-09-01,mysuru,,2400.0,2300.0,2500.0,0,Mysuru,Tomato,Karnataka,False,False
2025-09-02,mysuru,,,,,0,Mysuru,Tomato,Karnataka,False,False
2025-09-03,mysuru,,,,,0,Mysuru,Tomato,Karnataka,False,False
2025-09-04,mysuru,,,,,0,Mysuru,Tomato,Karnataka,False,False
2025-09-05,mysuru,,,,,0,Mysuru,Tomato,Karnataka,False,False
2025-09-06,mysuru,,,,,0,Mysuru,Tomato,Karnataka,False,False
2025-09-07,mysuru,14.0,1700.0,1600.0,1800.0,1,Mysuru,Tomato,Karnataka,True,True
2025-09-08,mysuru,13.0,1700.0,1600.0,1800.0,0,Mysuru,Tomato,Karnataka,True,False
2025-09-09,mysuru,17.0,1200.0,1100.0,1300.0,1,Mysuru,Tomato,Karnataka,True,True
2025-09-10,mysuru,20.0,1200.0,1100.0,1300.0,0,Mysuru,Tomato,Karnataka,True,False
2025-09-11,mysuru,18.0,1200.0,1100.0,1300.0,0,Mysuru,Tomato,Karnataka,True,False
2025-09-12,mysuru,14.0,1200.0,1100.0,1300.0,1,Mysuru,Tomato,Karnataka,True,True
2025-09-13,mysuru,14.0,1200.0,1100.0,1300.0,0,Mysuru,Tomato,Karnataka,False,False
2025-09-14,mysuru,14.0,1200.0,1100.0,1300.0,1,Mysuru,Tomato,Karnataka,True,True
2025-09-15,mysuru,13.0,1200.0,1100.0,1300.0,0,Mysuru,Tomato,Karnataka,True,False
2025-09-16,mysuru,17.0,1200.0,1100.0,1300.0,1,Mysuru,Tomato,Karnataka,True,True
2025-09-17,mysuru,13.0,1100.0,1000.0,1200.0,1,Mysuru,Tomato,Karnataka,True,True
2025-09-18,mysuru,1.38,1100.0,1000.0,1200.0,1,Mysuru,Tomato,Karnataka,True,True
2025-09-19,mysuru,1.12,1100.0,1000.0,1200.0,1,Mysuru,Tomato,Karnataka,True,True
2025-09-20,mysuru,1.12,1100.0,1000.0,1200.0,0,Mysuru,Tomato,Karnataka,False,False
2025-09-21,mysuru,1.12,1100.0,1000.0,1200.0,0,Mysuru,Tomato,Karnataka,False,False
2025-09-22,mysuru,10.43,1605.5,1499.5,1900.0,2,Mysuru,Tomato,Karnataka,True,True
2025-09-23,mysuru,1.25,2100.0,2000.0,2200.0,1,Mysuru,Tomato,Karnataka,True,True
2025-09-24,mysuru,1.25,1900.0,1800.0,2000.0,1,Mysuru,Tomato,Karnataka,False,True
2025-09-25,mysuru,1.36,1700.0,1600.0,1800.0,1,Mysuru,Tomato,Karnataka,True,True
2025-09-26,mysuru,1.35,1500.0,1400.0,1600.0,1,Mysuru,Tomato,Karnataka,True,True
2025-09-27,mysuru,1.35,1500.0,1400.0,1600.0,0,Mysuru,Tomato,Karnataka,False,False
2025-09-28,mysuru,1.65,1400.0,1300.0,1500.0,1,Mysuru,Tomato,Karnataka,True,True
2025-09-29,mysuru,10.58,1400.0,1300.0,1500.0,2,Mysuru,Tomato,Karnataka,True,True
2025-09-30,mysuru,1.29,1400.0,1300.0,1500.0,1,Mysuru,Tomato,Karnataka,True,True
2025-10-01,mysuru,1.29,1400.0,1300.0,1500.0,0,Mysuru,Tomato,Karnataka,False,False
2025-10-02,mysuru,1.29,1400.0,1300.0,1500.0,0,Mysuru,Tomato,Karnataka,False,False
2025-10-03,mysuru,1.27,1400.0,1300.0,1500.0,1,Mysuru,Tomato,Karnataka,True,True
2025-10-04,mysuru,1.27,1400.0,1300.0,1500.0,0,Mysuru,Tomato,Karnataka,False,False
2025-10-05,mysuru,1.27,1200.0,1100.0,1300.0,1,Mysuru,Tomato,Karnataka,False,True
2025-10-06,mysuru,1.26,1200.0,1100.0,1300.0,1,Mysuru,Tomato,Karnataka,True,True
2025-10-07,mysuru,1.26,1200.0,1100.0,1300.0,0,Mysuru,Tomato,Karnataka,False,False
2025-10-08,mysuru,1.28,1600.0,1500.0,1700.0,1,Mysuru,Tomato,Karnataka,True,True
2025-10-09,mysuru,1.84,1600.0,1500.0,1700.0,1,Mysuru,Tomato,Karnataka,True,True
2025-10-10,mysuru,1.84,1600.0,1500.0,1700.0,0,Mysuru,Tomato,Karnataka,False,False
2025-10-11,mysuru,1.84,1600.0,1500.0,1700.0,0,Mysuru,Tomato,Karnataka,False,False
2025-10-12,mysuru,1.98,1600.0,1500.0,1700.0,1,Mysuru,Tomato,Karnataka,True,True
2025-10-13,mysuru,1.57,1600.0,1500.0,1700.0,1,Mysuru,Tomato,Karnataka,True,True
2025-10-14,mysuru,1.25,1600.0,1500.0,1700.0,1,Mysuru,Tomato,Karnataka,True,True
2025-10-15,mysuru,1.25,1400.0,1300.0,1500.0,1,Mysuru,Tomato,Karnataka,False,True
2025-10-16,mysuru,1.86,1400.0,1300.0,1500.0,0,Mysuru,Tomato,Karnataka,True,False
2025-10-17,mysuru,2.1,1100.0,1000.0,1200.0,1,Mysuru,Tomato,Karnataka,True,True
2025-10-18,mysuru,2.1,1100.0,1000.0,1200.0,0,Mysuru,Tomato,Karnataka,False,False
2025-10-19,mysuru,2.1,1100.0,1000.0,1200.0,0,Mysuru,Tomato,Karnataka,False,False
2025-10-20,mysuru,,1100.0,1000.0,1200.0,0,Mysuru,Tomato,Karnataka,False,False
2025-10-21,mysuru,,,,,0,Mysuru,Tomato,Karnataka,False,False
2025-10-22,mysuru,1.36,1400.0,1300.0,1500.0,1,Mysuru,Tomato,Karnataka,True,True
2025-10-23,mysuru,1.89,1900.0,1800.0,2000.0,1,Mysuru,Tomato,Karnataka,True,True
2025-10-24,mysuru,1.89,1900.0,1800.0,2000.0,0,Mysuru,Tomato,Karnataka,False,False
2025-10-25,mysuru,1.89,1900.0,1800.0,2000.0,0,Mysuru,Tomato,Karnataka,False,False
2025-10-26,mysuru,1.68,1500.0,1400.0,1600.0,1,Mysuru,Tomato,Karnataka,True,True
2025-10-27,mysuru,1.26,1500.0,1400.0,1600.0,0,Mysuru,Tomato,Karnataka,True,False
2025-10-28,mysuru,1.95,1900.0,1800.0,2000.0,1,Mysuru,Tomato,Karnataka,True,True
2025-10-29,mysuru,1.95,1900.0,1800.0,2000.0,0,Mysuru,Tomato,Karnataka,False,False
2025-10-30,mysuru,1.95,1900.0,1800.0,2000.0,0,Mysuru,Tomato,Karnataka,False,False
2025-10-31,mysuru,,1900.0,1800.0,2000.0,0,Mysuru,Tomato,Karnataka,False,False
2025-11-01,mysuru,,,,,0,Mysuru,Tomato,Karnataka,False,False
2025-11-02,mysuru,,,,,0,Mysuru,Tomato,Karnataka,False,False
2025-11-03,mysuru,1.25,1400.0,1300.0,1500.0,2,Mysuru,Tomato,Karnataka,True,True
2025-11-04,mysuru,1.25,1400.0,1300.0,1500.0,0,Mysuru,Tomato,Karnataka,False,False
2025-11-05,mysuru,1.25,1400.0,1300.0,1500.0,0,Mysuru,Tomato,Karnataka,False,False
2025-11-06,mysuru,,1400.0,1300.0,1500.0,0,Mysuru,Tomato,Karnataka,False,False
2025-11-07,mysuru,,,,,0,Mysuru,Tomato,Karnataka,False,False
2025-11-08,mysuru,,,,,0,Mysuru,Tomato,Karnataka,False,False
2025-11-09,mysuru,,,,,0,Mysuru,Tomato,Karnataka,False,False
2025-11-10,mysuru,6.1,,,,0,Mysuru,Tomato,Karnataka,True,False
2025-11-11,mysuru,5.0,2564.0,2083.0,2777.0,1,Mysuru,Tomato,Karnataka,True,True
2025-11-12,mysuru,12.5,2365.0,1990.0,2566.5,2,Mysuru,Tomato,Karnataka,True,True
2025-11-13,mysuru,12.5,2365.0,1990.0,2566.5,0,Mysuru,Tomato,Karnataka,False,False
2025-11-14,mysuru,12.5,2365.0,1990.0,2566.5,0,Mysuru,Tomato,Karnataka,False,False
2025-11-15,mysuru,,2365.0,1990.0,2566.5,0,Mysuru,Tomato,Karnataka,False,False
2025-11-16,mysuru,,,,,0,Mysuru,Tomato,Karnataka,False,False
2025-11-17,mysuru,12.7,2900.0,2800.0,3000.0,1,Mysuru,Tomato,Karnataka,True,True
2025-11-18,mysuru,12.7,2900.0,2800.0,3000.0,0,Mysuru,Tomato,Karnataka,False,False
2025-11-19,mysuru,12.7,2900.0,2800.0,3000.0,0,Mysuru,Tomato,Karnataka,False,False
2025-11-20,mysuru,16.8,3200.0,3100.0,3300.0,1,Mysuru,Tomato,Karnataka,True,True
2025-11-21,mysuru,17.3,3050.0,2750.0,3100.0,2,Mysuru,Tomato,Karnataka,True,True
2025-11-22,mysuru,17.3,3050.0,2750.0,3100.0,0,Mysuru,Tomato,Karnataka,False,False
2025-11-23,mysuru,17.3,3050.0,2750.0,3100.0,0,Mysuru,Tomato,Karnataka,False,False
2025-11-24,mysuru,6.3,4900.0,4800.0,5000.0,1,Mysuru,Tomato,Karnataka,True,True
2025-11-25,mysuru,6.3,4900.0,4800.0,5000.0,0,Mysuru,Tomato,Karnataka,False,False
2025-11-26,mysuru,6.3,4900.0,4800.0,5000.0,0,Mysuru,Tomato,Karnataka,False,False
2025-11-27,mysuru,13.1,3338.5,3090.0,3666.5,2,Mysuru,Tomato,Karnataka,True,True
2025-11-28,mysuru,13.1,3338.5,3090.0,3666.5,0,Mysuru,Tomato,Karnataka,False,False
2025-11-29,mysuru,13.1,3338.5,3090.0,3666.5,0,Mysuru,Tomato,Karnataka,False,False
2025-11-30,mysuru,,3338.5,3090.0,3666.5,0,Mysuru,Tomato,Karnataka,False,False
2025-12-01,mysuru,,,,,0,Mysuru,Tomato,Karnataka,False,False
2025-12-02,mysuru,,,,,0,Mysuru,Tomato,Karnataka,False,False
2025-12-03,mysuru,,,,,0,Mysuru,Tomato,Karnataka,False,False
2025-12-04,mysuru,,2000.0,1500.0,2000.0,1,Mysuru,Tomato,Karnataka,False,True
2025-12-05,mysuru,,2000.0,1500.0,2000.0,1,Mysuru,Tomato,Karnataka,False,True
2025-12-06,mysuru,,2000.0,1500.0,2000.0,0,Mysuru,Tomato,Karnataka,False,False
2025-12-07,mysuru,,2000.0,1500.0,2000.0,0,Mysuru,Tomato,Karnataka,False,False
2025-12-08,mysuru,,2000.0,1500.0,2000.0,0,Mysuru,Tomato,Karnataka,False,False
2025-12-09,mysuru,6.5,2700.0,2600.0,2800.0,1,Mysuru,Tomato,Karnataka,True,True
2025-12-10,mysuru,6.5,2700.0,2600.0,2800.0,0,Mysuru,Tomato,Karnataka,False,False
2025-12-11,mysuru,5.6,2100.0,2000.0,2200.0,1,Mysuru,Tomato,Karnataka,True,True
2025-12-12,mysuru,5.6,2100.0,2000.0,2200.0,0,Mysuru,Tomato,Karnataka,False,False
2025-12-13,mysuru,5.6,2100.0,2000.0,2200.0,0,Mysuru,Tomato,Karnataka,False,False
2025-12-14,mysuru,,2100.0,2000.0,2200.0,0,Mysuru,Tomato,Karnataka,False,False
2025-12-15,mysuru,13.7,3030.0,2777.0,3333.0,3,Mysuru,Tomato,Karnataka,True,True
2025-12-16,mysuru,13.7,4500.0,4400.0,4600.0,1,Mysuru,Tomato,Karnataka,False,True
2025-12-17,mysuru,5.0,3030.0,2777.0,3333.0,1,Mysuru,Tomato,Karnataka,True,True
2025-12-18,mysuru,5.8,3030.0,2777.0,3333.0,1,Mysuru,Tomato,Karnataka,True,True
2025-12-19,mysuru,5.8,3030.0,2777.0,3333.0,0,Mysuru,Tomato,Karnataka,False,False
2025-12-20,mysuru,6.0,3333.0,3030.0,3706.0,1,Mysuru,Tomato,Karnataka,True,True
2025-12-21,mysuru,6.0,3333.0,3030.0,3706.0,0,Mysuru,Tomato,Karnataka,False,False
2025-12-22,mysuru,13.0,3333.0,3030.0,3706.0,1,Mysuru,Tomato,Karnataka,True,True
2025-12-23,mysuru,6.0,3333.0,3030.0,3706.0,1,Mysuru,Tomato,Karnataka,True,True
2025-12-24,mysuru,6.0,3333.0,3030.0,3706.0,0,Mysuru,Tomato,Karnataka,False,False
2025-12-25,mysuru,6.0,3333.0,3030.0,3706.0,0,Mysuru,Tomato,Karnataka,False,False
2025-12-26,mysuru,,3333.0,3030.0,3706.0,0,Mysuru,Tomato,Karnataka,False,False
2025-12-27,mysuru,,,,,0,Mysuru,Tomato,Karnataka,False,False
2025-12-28,mysuru,,,,,0,Mysuru,Tomato,Karnataka,False,False
2025-12-29,mysuru,6.5,4700.0,4600.0,4800.0,1,Mysuru,Tomato,Karnataka,True,True
2025-12-30,mysuru,12.7,4151.5,3765.0,4733.0,2,Mysuru,Tomato,Karnataka,True,True
2025-12-31,mysuru,12.7,4151.5,3765.0,4733.0,0,Mysuru,Tomato,Karnataka,False,False
2026-01-01,mysuru,11.5,3333.0,3030.0,4666.0,1,Mysuru,Tomato,Karnataka,True,True
2026-01-02,mysuru,11.5,3333.0,3030.0,4666.0,0,Mysuru,Tomato,Karnataka,False,False
2026-01-03,mysuru,11.5,3333.0,3030.0,4666.0,0,Mysuru,Tomato,Karnataka,False,False
2026-01-04,mysuru,,3333.0,3030.0,4666.0,0,Mysuru,Tomato,Karnataka,False,False
2026-01-05,mysuru,,,,,0,Mysuru,Tomato,Karnataka,False,False
2026-01-06,mysuru,,,,,0,Mysuru,Tomato,Karnataka,False,False
2026-01-07,mysuru,12.7,3333.0,3030.0,4666.0,1,Mysuru,Tomato,Karnataka,True,True
2026-01-08,mysuru,8.2,2400.0,2300.0,2500.0,1,Mysuru,Tomato,Karnataka,True,True
2026-01-09,mysuru,8.2,2400.0,2300.0,2500.0,0,Mysuru,Tomato,Karnataka,False,False
2026-01-10,mysuru,8.2,2400.0,2300.0,2500.0,0,Mysuru,Tomato,Karnataka,False,False
2026-01-11,mysuru,,2400.0,2300.0,2500.0,0,Mysuru,Tomato,Karnataka,False,False
2026-01-12,mysuru,,,,,0,Mysuru,Tomato,Karnataka,False,False
2026-01-13,mysuru,5.4,2100.0,2000.0,2200.0,1,Mysuru,Tomato,Karnataka,True,True
2026-01-14,mysuru,6.8,1900.0,1800.0,2000.0,1,Mysuru,Tomato,Karnataka,True,True
2026-01-15,mysuru,6.8,1900.0,1800.0,2000.0,0,Mysuru,Tomato,Karnataka,False,False
2026-01-16,mysuru,8.2,1900.0,1800.0,2000.0,0,Mysuru,Tomato,Karnataka,True,False
2026-01-17,mysuru,8.2,1900.0,1800.0,2000.0,0,Mysuru,Tomato,Karnataka,False,False
2026-01-18,mysuru,8.2,,,,0,Mysuru,Tomato,Karnataka,False,False
2026-01-19,mysuru,,,,,0,Mysuru,Tomato,Karnataka,False,False
2026-01-20,mysuru,,,,,0,Mysuru,Tomato,Karnataka,False,False
2026-01-21,mysuru,9.3,2400.0,2300.0,2500.0,1,Mysuru,Tomato,Karnataka,True,True
2026-01-22,mysuru,8.6,1700.0,1600.0,1800.0,1,Mysuru,Tomato,Karnataka,True,True
2026-01-23,mysuru,8.6,1700.0,1600.0,1800.0,0,Mysuru,Tomato,Karnataka,False,False
2026-01-24,mysuru,8.6,1700.0,1600.0,1800.0,0,Mysuru,Tomato,Karnataka,False,False
2026-01-25,mysuru,,1700.0,1600.0,1800.0,0,Mysuru,Tomato,Karnataka,False,False
2026-01-26,mysuru,,,,,0,Mysuru,Tomato,Karnataka,False,False
2026-01-27,mysuru,6.0,2380.0,2380.0,2564.0,1,Mysuru,Tomato,Karnataka,True,True
2026-01-28,mysuru,6.0,2380.0,2380.0,2564.0,0,Mysuru,Tomato,Karnataka,False,False
2026-01-29,mysuru,6.0,2380.0,2380.0,2564.0,0,Mysuru,Tomato,Karnataka,False,False
2026-01-30,mysuru,6.5,1800.0,1700.0,1900.0,1,Mysuru,Tomato,Karnataka,True,True
2026-01-31,mysuru,6.5,1800.0,1700.0,1900.0,0,Mysuru,Tomato,Karnataka,False,False
2026-02-01,mysuru,6.5,1800.0,1700.0,1900.0,0,Mysuru,Tomato,Karnataka,False,False
2026-02-02,mysuru,,1800.0,1700.0,1900.0,0,Mysuru,Tomato,Karnataka,False,False
2026-02-03,mysuru,13.5,1300.0,1200.0,1400.0,1,Mysuru,Tomato,Karnataka,True,True
2026-02-04,mysuru,9.5,1200.0,1100.0,1300.0,1,Mysuru,Tomato,Karnataka,True,True
2026-02-05,mysuru,9.5,1300.0,1200.0,1400.0,1,Mysuru,Tomato,Karnataka,True,True
2026-02-06,mysuru,8.9,1300.0,1200.0,1400.0,1,Mysuru,Tomato,Karnataka,True,True
2026-02-07,mysuru,5.0,3030.0,2083.0,3333.0,1,Mysuru,Tomato,Karnataka,True,True
2026-02-08,mysuru,12.7,1300.0,1200.0,1400.0,1,Mysuru,Tomato,Karnataka,True,True
2026-02-09,mysuru,12.4,1300.0,1200.0,1400.0,1,Mysuru,Tomato,Karnataka,True,True
2026-02-10,mysuru,8.9,1400.0,1300.0,1500.0,1,Mysuru,Tomato,Karnataka,True,True
2026-02-11,mysuru,1.2,1400.0,1300.0,1500.0,1,Mysuru,Tomato,Karnataka,True,True
2026-02-12,mysuru,9.7,1300.0,1200.0,1400.0,1,Mysuru,Tomato,Karnataka,True,True
2026-02-13,mysuru,9.5,1300.0,1200.0,1400.0,1,Mysuru,Tomato,Karnataka,True,True
2026-02-14,mysuru,9.5,1300.0,1200.0,1400.0,0,Mysuru,Tomato,Karnataka,False,False
2026-02-15,mysuru,8.6,1300.0,1200.0,1400.0,1,Mysuru,Tomato,Karnataka,True,True
2026-02-16,mysuru,18.0,1400.0,1300.0,1500.0,3,Mysuru,Tomato,Karnataka,True,True
2026-02-17,mysuru,8.2,1600.0,1500.0,1700.0,1,Mysuru,Tomato,Karnataka,True,True
2026-02-18,mysuru,9.3,1750.0,1200.0,1800.0,2,Mysuru,Tomato,Karnataka,True,True
2026-02-19,mysuru,16.6,1300.0,1200.0,1400.0,3,Mysuru,Tomato,Karnataka,True,True
2026-02-20,mysuru,9.7,950.0,800.0,1000.0,2,Mysuru,Tomato,Karnataka,True,True
2026-02-21,mysuru,7.3,1000.0,800.0,1000.0,2,Mysuru,Tomato,Karnataka,True,True
2026-02-22,mysuru,11.8,900.0,800.0,1000.0,1,Mysuru,Tomato,Karnataka,True,True
2026-02-23,mysuru,17.8,2000.0,1000.0,2000.0,3,Mysuru,Tomato,Karnataka,True,True
2026-02-24,mysuru,13.5,2777.0,2083.0,3030.0,1,Mysuru,Tomato,Karnataka,True,True
2026-02-25,mysuru,17.0,1000.0,1000.0,1500.0,3,Mysuru,Tomato,Karnataka,True,True
2026-02-26,mysuru,15.1,1000.0,800.0,1000.0,2,Mysuru,Tomato,Karnataka,True,True
2026-02-27,mysuru,34.8,1000.0,800.0,1000.0,3,Mysuru,Tomato,Karnataka,True,True
2026-02-28,mysuru,34.8,1000.0,800.0,1000.0,0,Mysuru,Tomato,Karnataka,False,False
2026-03-01,mysuru,9.5,700.0,600.0,800.0,1,Mysuru,Tomato,Karnataka,True,True
2026-03-02,mysuru,13.4,850.0,800.0,1150.0,2,Mysuru,Tomato,Karnataka,True,True
2026-03-03,mysuru,20.4,2564.0,2083.0,2777.0,2,Mysuru,Tomato,Karnataka,True,True
2026-03-04,mysuru,11.8,2564.0,2380.0,2777.0,1,Mysuru,Tomato,Karnataka,True,True
2026-03-05,mysuru,18.0,1000.0,800.0,1000.0,3,Mysuru,Tomato,Karnataka,True,True
2026-03-06,mysuru,12.8,1000.0,1000.0,3333.0,3,Mysuru,Tomato,Karnataka,True,True
2026-03-07,mysuru,1.5,1000.0,800.0,1000.0,1,Mysuru,Tomato,Karnataka,True,True
2026-03-08,mysuru,6.9,900.0,800.0,1000.0,1,Mysuru,Tomato,Karnataka,True,True
2026-03-09,mysuru,14.1,1000.0,1000.0,1500.0,1,Mysuru,Tomato,Karnataka,True,True
2026-03-10,mysuru,9.5,1732.0,1590.0,1888.5,2,Mysuru,Tomato,Karnataka,True,True
2026-03-11,mysuru,26.3,2000.0,1500.0,2000.0,3,Mysuru,Tomato,Karnataka,True,True
2026-03-12,mysuru,17.9,2000.0,1000.0,2000.0,1,Mysuru,Tomato,Karnataka,True,True
2026-03-13,mysuru,23.1,1851.0,999.0,2083.0,2,Mysuru,Tomato,Karnataka,True,True
2026-03-14,mysuru,23.1,1851.0,999.0,2083.0,0,Mysuru,Tomato,Karnataka,False,False
2026-03-15,mysuru,8.9,900.0,800.0,1000.0,1,Mysuru,Tomato,Karnataka,True,True
2026-03-16,mysuru,7.8,950.0,800.0,1000.0,2,Mysuru,Tomato,Karnataka,True,True
2026-03-17,mysuru,17.1,950.0,800.0,1000.0,0,Mysuru,Tomato,Karnataka,True,False
2026-03-18,mysuru,1.5,1000.0,1000.0,1000.0,1,Mysuru,Tomato,Karnataka,True,True
2026-03-19,mysuru,1.5,1000.0,1000.0,1000.0,0,Mysuru,Tomato,Karnataka,False,False
2026-03-20,mysuru,11.6,1000.0,1000.0,1500.0,2,Mysuru,Tomato,Karnataka,True,True
2026-03-21,mysuru,11.6,1000.0,1000.0,1500.0,0,Mysuru,Tomato,Karnataka,False,False
2026-03-22,mysuru,12.5,1300.0,1200.0,1400.0,1,Mysuru,Tomato,Karnataka,True,True
2026-03-23,mysuru,22.5,1640.0,899.5,1888.5,2,Mysuru,Tomato,Karnataka,True,True
2026-03-24,mysuru,23.7,1375.5,1325.5,1611.0,2,Mysuru,Tomato,Karnataka,True,True
2026-03-25,mysuru,30.9,1050.0,1000.0,1500.0,3,Mysuru,Tomato,Karnataka,True,True
2026-03-26,mysuru,35.5,1475.5,1425.5,1641.5,2,Mysuru,Tomato,Karnataka,True,True
2026-03-27,mysuru,32.7,1475.5,1280.0,1711.0,2,Mysuru,Tomato,Karnataka,True,True
2026-03-28,mysuru,32.7,1475.5,1280.0,1711.0,0,Mysuru,Tomato,Karnataka,False,False
2026-03-29,mysuru,11.5,1200.0,1100.0,1300.0,1,Mysuru,Tomato,Karnataka,True,True
2026-03-30,mysuru,9.8,1200.0,1100.0,1300.0,1,Mysuru,Tomato,Karnataka,True,True
2026-03-31,mysuru,30.8,2083.0,2083.0,2222.0,2,Mysuru,Tomato,Karnataka,True,True
2026-04-01,mysuru,32.5,1300.0,1200.0,1400.0,3,Mysuru,Tomato,Karnataka,True,True
2026-04-02,mysuru,33.6,1851.0,1515.0,2083.0,3,Mysuru,Tomato,Karnataka,True,True
2026-04-03,mysuru,12.6,900.0,800.0,1000.0,2,Mysuru,Tomato,Karnataka,True,True
2026-04-04,mysuru,20.5,1925.5,1055.5,2111.0,2,Mysuru,Tomato,Karnataka,True,True
2026-04-05,mysuru,12.7,1925.5,1055.5,2111.0,0,Mysuru,Tomato,Karnataka,True,False
2026-04-06,mysuru,34.2,1925.5,1055.5,2111.0,0,Mysuru,Tomato,Karnataka,True,False
2026-04-07,mysuru,40.5,1925.5,1055.5,2111.0,0,Mysuru,Tomato,Karnataka,True,False
2026-04-08,mysuru,46.3,,,,0,Mysuru,Tomato,Karnataka,True,False
2026-04-09,mysuru,34.4,,,,0,Mysuru,Tomato,Karnataka,True,False
2026-04-10,mysuru,38.6,,,,0,Mysuru,Tomato,Karnataka,True,False
2026-04-11,mysuru,38.6,,,,0,Mysuru,Tomato,Karnataka,False,False
2026-04-12,mysuru,28.6,,,,0,Mysuru,Tomato,Karnataka,True,False
2026-04-13,mysuru,43.1,,,,0,Mysuru,Tomato,Karnataka,True,False
2026-04-14,mysuru,12.6,,,,0,Mysuru,Tomato,Karnataka,True,False
2026-04-15,mysuru,40.0,,,,0,Mysuru,Tomato,Karnataka,True,False
2026-04-16,mysuru,29.4,,,,0,Mysuru,Tomato,Karnataka,True,False
2026-04-17,mysuru,24.7,,,,0,Mysuru,Tomato,Karnataka,True,False
2026-04-18,mysuru,19.0,,,,0,Mysuru,Tomato,Karnataka,True,False
2026-04-19,mysuru,12.7,,,,0,Mysuru,Tomato,Karnataka,True,False
2026-04-20,mysuru,16.9,,,,0,Mysuru,Tomato,Karnataka,True,False
2026-04-21,mysuru,39.1,,,,0,Mysuru,Tomato,Karnataka,True,False
2026-04-22,mysuru,39.1,,,,0,Mysuru,Tomato,Karnataka,False,False
2026-04-23,mysuru,39.1,,,,0,Mysuru,Tomato,Karnataka,False,False
2026-04-24,mysuru,,,,,0,Mysuru,Tomato,Karnataka,False,False
2026-04-25,mysuru,,,,,0,Mysuru,Tomato,Karnataka,False,False
2026-04-26,mysuru,,,,,0,Mysuru,Tomato,Karnataka,False,False
2026-04-27,mysuru,,,,,0,Mysuru,Tomato,Karnataka,False,False
2026-04-28,mysuru,,,,,0,Mysuru,Tomato,Karnataka,False,False
2026-04-29,mysuru,,,,,0,Mysuru,Tomato,Karnataka,False,False
2026-04-30,mysuru,,,,,0,Mysuru,Tomato,Karnataka,False,False
2026-05-01,mysuru,,,,,0,Mysuru,Tomato,Karnataka,False,False
2026-05-02,mysuru,,,,,0,Mysuru,Tomato,Karnataka,False,False
2026-05-03,mysuru,,,,,0,Mysuru,Tomato,Karnataka,False,False
2026-05-04,mysuru,,,,,0,Mysuru,Tomato,Karnataka,False,False
2026-05-05,mysuru,,,,,0,Mysuru,Tomato,Karnataka,False,False
2026-05-06,mysuru,,,,,0,Mysuru,Tomato,Karnataka,False,False
2026-05-07,mysuru,,,,,0,Mysuru,Tomato,Karnataka,False,False
2026-05-08,mysuru,,,,,0,Mysuru,Tomato,Karnataka,False,False
2026-05-09,mysuru,,,,,0,Mysuru,Tomato,Karnataka,False,False
2026-05-10,mysuru,,,,,0,Mysuru,Tomato,Karnataka,False,False
2026-05-11,mysuru,,,,,0,Mysuru,Tomato,Karnataka,False,False
2026-05-12,mysuru,,,,,0,Mysuru,Tomato,Karnataka,False,False
2026-05-13,mysuru,,,,,0,Mysuru,Tomato,Karnataka,False,False
2026-05-14,mysuru,,,,,0,Mysuru,Tomato,Karnataka,False,False
2026-05-15,mysuru,,,,,0,Mysuru,Tomato,Karnataka,False,False
2026-05-16,mysuru,,,,,0,Mysuru,Tomato,Karnataka,False,False
2026-05-17,mysuru,,,,,0,Mysuru,Tomato,Karnataka,False,False
2026-05-18,mysuru,,,,,0,Mysuru,Tomato,Karnataka,False,False
2026-05-19,mysuru,,,,,0,Mysuru,Tomato,Karnataka,False,False
2026-05-20,mysuru,,,,,0,Mysuru,Tomato,Karnataka,False,False
2026-05-21,mysuru,,,,,0,Mysuru,Tomato,Karnataka,False,False
2026-05-22,mysuru,,,,,0,Mysuru,Tomato,Karnataka,False,False
2026-05-23,mysuru,,,,,0,Mysuru,Tomato,Karnataka,False,False
2026-05-24,mysuru,,,,,0,Mysuru,Tomato,Karnataka,False,False
2026-05-25,mysuru,,,,,0,Mysuru,Tomato,Karnataka,False,False
2026-05-26,mysuru,,,,,0,Mysuru,Tomato,Karnataka,False,False
2026-05-27,mysuru,,,,,0,Mysuru,Tomato,Karnataka,False,False
2026-05-28,mysuru,,,,,0,Mysuru,Tomato,Karnataka,False,False
2026-05-29,mysuru,,,,,0,Mysuru,Tomato,Karnataka,False,False
2026-05-30,mysuru,,,,,0,Mysuru,Tomato,Karnataka,False,False
2026-05-31,mysuru,,,,,0,Mysuru,Tomato,Karnataka,False,False
2026-06-01,mysuru,,,,,0,Mysuru,Tomato,Karnataka,False,False
2026-06-02,mysuru,,,,,0,Mysuru,Tomato,Karnataka,False,False
2026-06-03,mysuru,,,,,0,Mysuru,Tomato,Karnataka,False,False
2026-06-04,mysuru,,,,,0,Mysuru,Tomato,Karnataka,False,False
2026-06-05,mysuru,,,,,0,Mysuru,Tomato,Karnataka,False,False
2026-06-06,mysuru,,,,,0,Mysuru,Tomato,Karnataka,False,False
2026-06-07,mysuru,,,,,0,Mysuru,Tomato,Karnataka,False,False
2026-06-08,mysuru,,,,,0,Mysuru,Tomato,Karnataka,False,False
2026-06-09,mysuru,,,,,0,Mysuru,Tomato,Karnataka,False,False
2026-06-10,mysuru,,,,,0,Mysuru,Tomato,Karnataka,False,False
2026-06-11,mysuru,,,,,0,Mysuru,Tomato,Karnataka,False,False
2026-06-12,mysuru,,,,,0,Mysuru,Tomato,Karnataka,False,False
2026-06-13,mysuru,,,,,0,Mysuru,Tomato,Karnataka,False,False
2026-06-14,mysuru,,,,,0,Mysuru,Tomato,Karnataka,False,False
2026-06-15,mysuru,,,,,0,Mysuru,Tomato,Karnataka,False,False
2026-06-16,mysuru,,,,,0,Mysuru,Tomato,Karnataka,False,False
2026-06-17,mysuru,,,,,0,Mysuru,Tomato,Karnataka,False,False
2026-06-18,mysuru,,,,,0,Mysuru,Tomato,Karnataka,False,False
2026-06-19,mysuru,,,,,0,Mysuru,Tomato,Karnataka,False,False
2026-06-20,mysuru,,,,,0,Mysuru,Tomato,Karnataka,False,False
2026-06-21,mysuru,,,,,0,Mysuru,Tomato,Karnataka,False,False
2026-06-22,mysuru,,,,,0,Mysuru,Tomato,Karnataka,False,False
2026-06-23,mysuru,,,,,0,Mysuru,Tomato,Karnataka,False,False
2026-06-24,mysuru,,,,,0,Mysuru,Tomato,Karnataka,False,False
2026-06-25,mysuru,,,,,0,Mysuru,Tomato,Karnataka,False,False
2026-06-26,mysuru,,,,,0,Mysuru,Tomato,Karnataka,False,False
2026-06-27,mysuru,,,,,0,Mysuru,Tomato,Karnataka,False,False
2026-06-28,mysuru,,,,,0,Mysuru,Tomato,Karnataka,False,False
2026-06-29,mysuru,,,,,0,Mysuru,Tomato,Karnataka,False,False
2026-06-30,mysuru,,,,,0,Mysuru,Tomato,Karnataka,False,False
2026-07-01,mysuru,,,,,0,Mysuru,Tomato,Karnataka,False,False
2026-07-02,mysuru,,,,,0,Mysuru,Tomato,Karnataka,False,False
2026-07-03,mysuru,,,,,0,Mysuru,Tomato,Karnataka,False,False
2026-07-04,mysuru,,,,,0,Mysuru,Tomato,Karnataka,False,False
2026-07-05,mysuru,,,,,0,Mysuru,Tomato,Karnataka,False,False
2026-07-06,mysuru,,,,,0,Mysuru,Tomato,Karnataka,False,False
2026-07-07,mysuru,,,,,0,Mysuru,Tomato,Karnataka,False,False
2026-07-08,mysuru,,,,,0,Mysuru,Tomato,Karnataka,False,False
2026-07-09,mysuru,,,,,0,Mysuru,Tomato,Karnataka,False,False
2026-07-10,mysuru,,,,,0,Mysuru,Tomato,Karnataka,False,False
2026-07-11,mysuru,,,,,0,Mysuru,Tomato,Karnataka,False,False
2026-07-12,mysuru,,,,,0,Mysuru,Tomato,Karnataka,False,False
2026-07-13,mysuru,,,,,0,Mysuru,Tomato,Karnataka,False,False
2026-07-14,mysuru,,,,,0,Mysuru,Tomato,Karnataka,False,False
2026-07-15,mysuru,,,,,0,Mysuru,Tomato,Karnataka,False,False
2026-07-16,mysuru,,,,,0,Mysuru,Tomato,Karnataka,False,False
2026-07-17,mysuru,,,,,0,Mysuru,Tomato,Karnataka,False,False
2026-07-18,mysuru,,,,,0,Mysuru,Tomato,Karnataka,False,False
2026-07-19,mysuru,,,,,0,Mysuru,Tomato,Karnataka,False,False
2026-07-20,mysuru,,,,,0,Mysuru,Tomato,Karnataka,False,False
2026-07-21,mysuru,,,,,0,Mysuru,Tomato,Karnataka,False,False
2026-07-22,mysuru,,,,,0,Mysuru,Tomato,Karnataka,False,False
2026-07-23,mysuru,,,,,0,Mysuru,Tomato,Karnataka,False,False
2026-07-24,mysuru,,,,,0,Mysuru,Tomato,Karnataka,False,False
2026-07-25,mysuru,,,,,0,Mysuru,Tomato,Karnataka,False,False
2026-07-26,mysuru,,,,,0,Mysuru,Tomato,Karnataka,False,False
2026-07-27,mysuru,,,,,0,Mysuru,Tomato,Karnataka,False,False
2026-07-28,mysuru,,,,,0,Mysuru,Tomato,Karnataka,False,False
2026-07-29,mysuru,,,,,0,Mysuru,Tomato,Karnataka,False,False
2026-07-30,mysuru,,,,,0,Mysuru,Tomato,Karnataka,False,False
2026-07-31,mysuru,,,,,0,Mysuru,Tomato,Karnataka,False,False
2026-08-01,mysuru,,,,,0,Mysuru,Tomato,Karnataka,False,False
2026-08-02,mysuru,,,,,0,Mysuru,Tomato,Karnataka,False,False
2026-08-03,mysuru,,,,,0,Mysuru,Tomato,Karnataka,False,False
2026-08-04,mysuru,,,,,0,Mysuru,Tomato,Karnataka,False,False
2026-08-05,mysuru,,,,,0,Mysuru,Tomato,Karnataka,False,False
2026-08-06,mysuru,,,,,0,Mysuru,Tomato,Karnataka,False,False
2026-08-07,mysuru,,,,,0,Mysuru,Tomato,Karnataka,False,False
2026-08-08,mysuru,,,,,0,Mysuru,Tomato,Karnataka,False,False
2026-08-09,mysuru,,,,,0,Mysuru,Tomato,Karnataka,False,False
2026-08-10,mysuru,,,,,0,Mysuru,Tomato,Karnataka,False,False
2026-08-11,mysuru,,,,,0,Mysuru,Tomato,Karnataka,False,False
2026-08-12,mysuru,,,,,0,Mysuru,Tomato,Karnataka,False,False
2026-08-13,mysuru,,,,,0,Mysuru,Tomato,Karnataka,False,False
2026-08-14,mysuru,,,,,0,Mysuru,Tomato,Karnataka,False,False
2026-08-15,mysuru,,,,,0,Mysuru,Tomato,Karnataka,False,False
2026-08-16,mysuru,,,,,0,Mysuru,Tomato,Karnataka,False,False
2026-08-17,mysuru,,,,,0,Mysuru,Tomato,Karnataka,False,False
2026-08-18,mysuru,,,,,0,Mysuru,Tomato,Karnataka,False,False
2026-08-19,mysuru,,,,,0,Mysuru,Tomato,Karnataka,False,False
2026-08-20,mysuru,,,,,0,Mysuru,Tomato,Karnataka,False,False
2026-08-21,mysuru,,,,,0,Mysuru,Tomato,Karnataka,False,False
2026-08-22,mysuru,,,,,0,Mysuru,Tomato,Karnataka,False,False
2026-08-23,mysuru,,,,,0,Mysuru,Tomato,Karnataka,False,False
2026-08-24,mysuru,,,,,0,Mysuru,Tomato,Karnataka,False,False
2026-08-25,mysuru,,,,,0,Mysuru,Tomato,Karnataka,False,False
2026-08-26,mysuru,,,,,0,Mysuru,Tomato,Karnataka,False,False
2026-08-27,mysuru,,,,,0,Mysuru,Tomato,Karnataka,False,False
2026-08-28,mysuru,,,,,0,Mysuru,Tomato,Karnataka,False,False
2026-08-29,mysuru,,,,,0,Mysuru,Tomato,Karnataka,False,False
2026-08-30,mysuru,,,,,0,Mysuru,Tomato,Karnataka,False,False
2026-08-31,mysuru,,,,,0,Mysuru,Tomato,Karnataka,False,False
2026-09-01,mysuru,,,,,0,Mysuru,Tomato,Karnataka,False,False
2026-09-02,mysuru,,,,,0,Mysuru,Tomato,Karnataka,False,False
2026-09-03,mysuru,,,,,0,Mysuru,Tomato,Karnataka,False,False
2026-09-04,mysuru,,,,,0,Mysuru,Tomato,Karnataka,False,False
2026-09-05,mysuru,,,,,0,Mysuru,Tomato,Karnataka,False,False
2026-09-06,mysuru,,,,,0,Mysuru,Tomato,Karnataka,False,False
2026-09-07,mysuru,,,,,0,Mysuru,Tomato,Karnataka,False,False
2026-09-08,mysuru,,,,,0,Mysuru,Tomato,Karnataka,False,False
2026-09-09,mysuru,,,,,0,Mysuru,Tomato,Karnataka,False,False
2026-09-10,mysuru,,,,,0,Mysuru,Tomato,Karnataka,False,False
2026-09-11,mysuru,,,,,0,Mysuru,Tomato,Karnataka,False,False
2026-09-12,mysuru,,,,,0,Mysuru,Tomato,Karnataka,False,False
2026-09-13,mysuru,,,,,0,Mysuru,Tomato,Karnataka,False,False
2026-09-14,mysuru,,,,,0,Mysuru,Tomato,Karnataka,False,False
2026-09-15,mysuru,,,,,0,Mysuru,Tomato,Karnataka,False,False
2026-09-16,mysuru,,,,,0,Mysuru,Tomato,Karnataka,False,False
